data_lancamento;titulo_original;cpb_roe;tipo_obra;pais_obra;publico_total;renda_total;distribuidora;registro_distribuidora;cnpj_distribuidora;ano_lancamento;mes_lancamento;dia_lancamento
2025-07-31;aldo baldin - uma vida pela música;B2400467800000;documentário;brasil;15;396.34;bretz filmes distribuidora e produtora ltda - epp;19243.0;39.079.678/0001-47;2025;7;31
2025-07-31;death of a unicorn;E2500223800000;ficção;estados unidos;245;5725.4;warner bros. (south) inc.;265.0;33.015.827/0001-28;2025;7;31
2025-07-31;guns up;E2500153200000;ficção;estados unidos;994;18646.57;diamond films do brasil produção e distribuição audiovisual ltda.;22724.0;17.095.184/0001-13;2025;7;31
2025-07-31;materialists;E2500150300000;ficção;estados unidos;37310;851099.53;columbia tristar filmes do brasil ltda;84.0;00.979.601/0001-98;2025;7;31
2025-07-31;nada;B2300179900000;ficção;brasil;238;311.31;embauba filmes ltda;23638.0;15.144.532/0001-70;2025;7;31
2025-07-31;the ritual;E2500153400000;ficção;estados unidos;14794;310744.86;sm distribuidora de filmes ltda;11922.0;08.257.054/0001-49;2025;7;31
2025-07-30;bts army: forever we are young;E2500271700000;vídeomusical;coréia do sul;2273;74580.61;united cinemas international brasil ltda.;749.0;01.289.530/0001-64;2025;7;30
2025-07-28;o deserto de akin;B2500117300000;ficção;brasil;364;4703.48;retrato filmes ltda;40992.0;31.296.141/0001-27;2025;7;28
2025-07-24;in the blind spot;E2500205000000;ficção;alemanha;368;7122.48;providence distribuidora de filmes ltda;12443.0;08.656.129/0001-64;2025;7;24
2025-07-24;monsieur aznavour;E2500146000000;ficção;frança;5036;117626.57;tag cultural distribuidora de filmes ltda;173.0;03.599.148/0001-82;2025;7;24
2025-07-24;quelques jours pas plus;E2500280700000;ficção;frança;805;14881.36;o2 produções artísticas e cinematográficas ltda.;63.0;67.431.718/0001-03;2025;7;24
2025-07-24;the fantastic four: first steps;E2500247600000;ficção;estados unidos;1817536;38680764.21;the walt disney company (brasil) ltda.;18398.0;73.042.962/0001-87;2025;7;24
2025-07-24;the penguin lessons;E2500109100000;ficção;espanha;6037;133116.7;diamond films do brasil produção e distribuição audiovisual ltda.;22724.0;17.095.184/0001-13;2025;7;24
2025-07-24;thiago & ísis e os biomas do brasil;B2400521200000;documentário;brasil;2;20.0;kompanhia teatro multimídia de são paulo;57643.0;60.740.149/0001-39;2025;7;24
2025-07-24;um lobo entre os cisnes;B2400495700000;ficção;brasil;4939;58992.81;vitrine filmes ltda;16713.0;11.620.976/0001-83;2025;7;24
2025-07-23;roger waters this is not a drill live from prague – the  movie;E2500232700000;vídeomusical;inglaterra;3789;120638.5;united cinemas international brasil ltda.;749.0;01.289.530/0001-64;2025;7;23
2025-07-17;ado special live “shinzou” in cinema;E2500181000000;vídeomusical;japão;1782;42455.21;cinecolor do brasil ltda;2631.0;05.332.959/0001-48;2025;7;17
2025-07-17;cazuza: boas novas;B2500016100000;documentário;brasil;7061;128459.55;kaja filmes ltda;60300.0;57.302.423/0001-83;2025;7;17
2025-07-17;cazuza: boas novas;B2500016100000;documentário;brasil;15;140.0;kompanhia teatro multimídia de são paulo;57643.0;60.740.149/0001-39;2025;7;17
2025-07-17;cloud;E2500023300000;ficção;japão;4804;87573.09;o2 produções artísticas e cinematográficas ltda.;63.0;67.431.718/0001-03;2025;7;17
2025-07-17;filhos do mangue;B2400337800000;ficção;brasil;605;9273.74;bretz filmes distribuidora e produtora ltda - epp;19243.0;39.079.678/0001-47;2025;7;17
2025-07-17;i know what you did last summer;E2500150200000;ficção;estados unidos;355466;7007182.31;columbia tristar filmes do brasil ltda;84.0;00.979.601/0001-98;2025;7;17
2025-07-17;reflection in a dead diamond;E2500248400000;ficção;frança;3550;69937.02;providence distribuidora de filmes ltda;12443.0;08.656.129/0001-64;2025;7;17
2025-07-17;sight;E2500092400000;ficção;estados unidos;1786;38526.18;sm distribuidora de filmes ltda;11922.0;08.257.054/0001-49;2025;7;17
2025-07-17;smurfs;E2500232800000;animação;estados unidos;1051755;19750416.52;paramount pictures brasil distribuidora de filmes ltda;169.0;27.654.722/0001-16;2025;7;17
2025-07-17;une vie rêvée;E2500146500000;ficção;frança;1059;21706.65;tag cultural distribuidora de filmes ltda;173.0;03.599.148/0001-82;2025;7;17
2025-07-10;emmanuelle;E2500142200000;ficção;estados unidos;3122;60862.91;tag cultural distribuidora de filmes ltda;173.0;03.599.148/0001-82;2025;7;10
2025-07-10;shadow force;E2500133400000;ficção;estados unidos;5052;108225.54;sm distribuidora de filmes ltda;11922.0;08.257.054/0001-49;2025;7;10
2025-07-10;superman;E2500221500000;ficção;estados unidos;3737773;80429459.44;warner bros. (south) inc.;265.0;33.015.827/0001-28;2025;7;10
2025-07-10;vermiglio;E2500227700000;ficção;itália;8274;173196.75;synapse brazil licenciamento de direitos audiovisuais ltda;277.0;02.185.369/0001-41;2025;7;10
2025-07-10;yõg ãtak: meu pai, kaiowá;B2500275300000;documentário;brasil;364;4072.65;embauba filmes ltda;23638.0;15.144.532/0001-70;2025;7;10
2025-07-03;apocalipse nos trópicos;B2400357100000;documentário;brasil;7217;138561.12;o2 produções artísticas e cinematográficas ltda.;63.0;67.431.718/0001-03;2025;7;3
2025-07-03;hot milk;E2500195800000;ficção;reino unido;5422;85898.36;o2 produções artísticas e cinematográficas ltda.;63.0;67.431.718/0001-03;2025;7;3
2025-07-03;jurassic world: rebirth;E2500212900000;ficção;estados unidos;2927769;60375537.06;warner bros. (south) inc.;265.0;33.015.827/0001-28;2025;7;3
2025-07-03;les amandiers;E2500205200000;ficção;frança;5756;115067.76;providence distribuidora de filmes ltda;12443.0;08.656.129/0001-64;2025;7;3
2025-06-27;ateez world tour towards the light  will to power;E2500184100000;vídeomusical;coréia do sul;12695;423422.19;sa distribuidora de conteúdo audiovisual ltda;45604.0;33.356.343/0001-42;2025;6;27
2025-06-26;drømmer;E2500145500000;ficção;noruega;9220;164735.92;tag cultural distribuidora de filmes ltda;173.0;03.599.148/0001-82;2025;6;26
2025-06-26;f1 the movie;E2500212600000;ficção;estados unidos;1335936;33731673.05;warner bros. (south) inc.;265.0;33.015.827/0001-28;2025;6;26
2025-06-26;m3gan 2.0;E2500213400000;ficção;estados unidos;237828;4572401.64;warner bros. (south) inc.;265.0;33.015.827/0001-28;2025;6;26
2025-06-26;o silêncio das ostras;B2300201900000;ficção;brasil;2433;31838.36;olhar distribuicao de filmes ltda;37242.0;28.083.221/0001-90;2025;6;26
2025-06-26;quando o brasil era moderno;B2400273800000;documentário;brasil;996;20587.96;o2 produções artísticas e cinematográficas ltda.;63.0;67.431.718/0001-03;2025;6;26
2025-06-26;rule breakers;E2500183100000;ficção;hungria;1479;27049.11;sm distribuidora de filmes ltda;11922.0;08.257.054/0001-49;2025;6;26
2025-06-19;28 years later;E2500150400000;ficção;estados unidos;251435;5400656.87;columbia tristar filmes do brasil ltda;84.0;00.979.601/0001-98;2025;6;19
2025-06-19;dan da dan evil eye;E2500218900000;animação;japão;6448;156299.93;sm distribuidora de filmes ltda;11922.0;08.257.054/0001-49;2025;6;19
2025-06-19;elio;E2500204800000;animação;estados unidos;536821;10927703.89;the walt disney company (brasil) ltda.;18398.0;73.042.962/0001-87;2025;6;19
2025-06-19;enea;E2500204900000;ficção;itália;895;18604.94;providence distribuidora de filmes ltda;12443.0;08.656.129/0001-64;2025;6;19
2025-06-19;stella, ein leben;E2500185800000;ficção;alemanha;2503;50786.77;rj distribuidora de filmes ltda;5963.0;00.146.442/0001-40;2025;6;19
2025-06-19;three friends;E2500184900000;ficção;frança;4837;104201.01;o2 produções artísticas e cinematográficas ltda.;63.0;67.431.718/0001-03;2025;6;19
2025-06-12;cobweb;E2500243900000;ficção;coréia do sul;1593;26498.95;providence distribuidora de filmes ltda;12443.0;08.656.129/0001-64;2025;6;12
2025-06-12;how to train your dragon;E2500097600000;ficção;estados unidos;5759916;118982299.27;warner bros. (south) inc.;265.0;33.015.827/0001-28;2025;6;12
2025-06-12;june & john;E2500112100000;ficção;frança;8355;205095.05;diamond films do brasil produção e distribuição audiovisual ltda.;22724.0;17.095.184/0001-13;2025;6;12
2025-06-12;quiet life;E2500220200000;ficção;grécia;3338;65849.07;tag cultural distribuidora de filmes ltda;173.0;03.599.148/0001-82;2025;6;12
2025-06-12;zwei zu eins;E2500110800000;ficção;alemanha;4748;95159.36;synapse brazil licenciamento de direitos audiovisuais ltda;277.0;02.185.369/0001-41;2025;6;12
2025-06-06;prédio vazio;B2400397800000;ficção;brasil;2473;31984.77;retrato filmes ltda;40992.0;31.296.141/0001-27;2025;6;6
2025-06-05;a procura de martina;B2500132800000;ficção;brasil;1290;20458.26;ipanema filmes ltda;5617.0;33.897.794/0001-97;2025;6;5
2025-06-05;ainda não é amanhã;B2500126800000;ficção;brasil;1139;11691.03;embauba filmes ltda;23638.0;15.144.532/0001-70;2025;6;5
2025-06-05;ainda não é amanhã;B2500126800000;ficção;brasil;1;10.0;kompanhia teatro multimídia de são paulo;57643.0;60.740.149/0001-39;2025;6;5
2025-06-05;daaaaaalí!;E2500186500000;ficção;frança;869;15168.62;o2 produções artísticas e cinematográficas ltda.;63.0;67.431.718/0001-03;2025;6;5
2025-06-05;gondola;E2500132200000;ficção;alemanha;1024;16657.11;providence distribuidora de filmes ltda;12443.0;08.656.129/0001-64;2025;6;5
2025-06-05;memoir of a snail;E2500156200000;ficção;austrália;6030;94631.28;rj distribuidora de filmes ltda;5963.0;00.146.442/0001-40;2025;6;5
2025-06-05;não sou nada;E2300550200000;ficção;portugal;142;2253.61;p & m distribuidora de filmes ltda;31931.0;22.910.081/0001-08;2025;6;5
2025-06-05;oh, canada;E2500132500000;ficção;canadá;3678;73725.87;antonio fernandes filmes ltda;532.0;02.668.665/0001-01;2025;6;5
2025-06-05;project sekai the movie: kowareta sekai to utaenai miku;E2500107900000;animação;japão;11851;264664.74;cinecolor do brasil ltda;2631.0;05.332.959/0001-48;2025;6;5
2025-06-05;vaincre ou mourir;E2500147800000;ficção;frança;986;19230.74;am de morais producoes e eventos;51361.0;13.489.036/0001-22;2025;6;5
2025-06-04;ballerina;E2500153100000;ficção;estados unidos;577699;12830186.82;sm distribuidora de filmes ltda;11922.0;08.257.054/0001-49;2025;6;4
2025-05-31;j-hope tour 'hope on the stage' in japan: live viewing;E2500205100000;vídeomusical;coréia do sul;63087;2366326.65;cinecolor do brasil ltda;2631.0;05.332.959/0001-48;2025;5;31
2025-05-31;j-hope tour 'hope on the stage' in japan: live viewing;E2500205100000;vídeomusical;coréia do sul;63087;2366326.65;united cinemas international brasil ltda.;749.0;01.289.530/0001-64;2025;5;31
2025-05-29;a matriarca;B2400487500000;ficção;brasil;652;9530.34;descoloniza filmes e producoes artisticas ltda;43301.0;33.427.044/0001-51;2025;5;29
2025-05-29;a matriarca;B2400487500000;ficção;brasil;3;30.0;kompanhia teatro multimídia de são paulo;57643.0;60.740.149/0001-39;2025;5;29
2025-05-29;ernest cole - lost and found;E2500193900000;documentário;estados unidos;966;15803.12;tag cultural distribuidora de filmes ltda;173.0;03.599.148/0001-82;2025;5;29
2025-05-29;homestead;E2500089700000;ficção;estados unidos;6708;138822.13;sm distribuidora de filmes ltda;11922.0;08.257.054/0001-49;2025;5;29
2025-05-29;locked;E2500069300000;ficção;estados unidos;32716;703263.29;diamond films do brasil produção e distribuição audiovisual ltda.;22724.0;17.095.184/0001-13;2025;5;29
2025-05-29;saneamento básico, o filme;B0700696000000;ficção;brasil;910;3953.0;columbia tristar filmes do brasil ltda;84.0;00.979.601/0001-98;2025;5;29
2025-05-29;saneamento básico, o filme;B0700696000000;ficção;brasil;9734;106224.7;vitrine filmes ltda;16713.0;11.620.976/0001-83;2025;5;29
2025-05-29;the legend of ochi;E2500093700000;animação;estados unidos;2243;51844.05;sm distribuidora de filmes ltda;11922.0;08.257.054/0001-49;2025;5;29
2025-05-29;the phoenician scheme;E2500098200000;ficção;estados unidos;36151;857453.38;warner bros. (south) inc.;265.0;33.015.827/0001-28;2025;5;29
2025-05-24;between two worlds;E2500141000000;ficção;frança;21693;467784.44;providence distribuidora de filmes ltda;12443.0;08.656.129/0001-64;2025;5;24
2025-05-22;a mulher sem chão;B2300451700000;documentário;brasil;8;115.0;elo audiovisual serviços ltda;5672.0;07.700.630/0001-18;2025;5;22
2025-05-22;aïcha;E2500194000000;ficção;arábia saudita;1256;23552.31;tag cultural distribuidora de filmes ltda;173.0;03.599.148/0001-82;2025;5;22
2025-05-22;de longe toda serra é azul;B2300282000000;documentário;brasil;53;264.0;elo audiovisual serviços ltda;5672.0;07.700.630/0001-18;2025;5;22
2025-05-22;lilo & stitch;E2500174800000;ficção;estados unidos;10315439;212864973.55;the walt disney company (brasil) ltda.;18398.0;73.042.962/0001-87;2025;5;22
2025-05-22;mission: impossible - the final reckoning;E2500145800000;ficção;estados unidos;1489018;35865815.18;paramount pictures brasil distribuidora de filmes ltda;169.0;27.654.722/0001-16;2025;5;22
2025-05-22;os dragões;B2100507100000;ficção;brasil;3475;17822.07;lanca distribuidora de filmes ltda;25115.0;18.384.267/0001-95;2025;5;22
2025-05-22;os dragões;B2100507100000;ficção;brasil;480;480.0;movie arte cinemas ltda;14251.0;10.202.181/0001-92;2025;5;22
2025-05-22;os dragões;B2100507100000;ficção;brasil;127;127.0;roberta gorniski;37101.0;28.105.109/0001-02;2025;5;22
2025-05-22;ritas;B2500152900000;documentário;brasil;9;90.0;kompanhia teatro multimídia de são paulo;57643.0;60.740.149/0001-39;2025;5;22
2025-05-22;ritas;B2500152900000;documentário;brasil;45976;858756.27;sm distribuidora de filmes ltda;11922.0;08.257.054/0001-49;2025;5;22
2025-05-22;story of souleymane;E2500184800000;ficção;frança;2274;38787.6;o2 produções artísticas e cinematográficas ltda.;63.0;67.431.718/0001-03;2025;5;22
2025-05-15;a entrega;B2300549200000;ficção;brasil;275;5084.93;wmix distribuidora ltda.;1935.0;03.918.609/0001-32;2025;5;15
2025-05-15;animale;E2500132100000;ficção;bélgica;698;11366.44;providence distribuidora de filmes ltda;12443.0;08.656.129/0001-64;2025;5;15
2025-05-15;as quatro estações da juventude;B2500031900000;documentário;brasil;211;4886.0;lucas p. bonalumi - criacao e producao de conteudo;48558.0;20.792.427/0001-87;2025;5;15
2025-05-15;caiam as rosas brancas!;B2500112300000;ficção;argentina;306;4298.91;boulevard filmes ltda;17484.0;12.126.484/0001-07;2025;5;15
2025-05-15;caiam as rosas brancas!;B2500112300000;ficção;argentina;1;1.0;kompanhia teatro multimídia de são paulo;57643.0;60.740.149/0001-39;2025;5;15
2025-05-15;detective chinatown 1900;E2500131900000;ficção;china;486;11387.79;sa distribuidora de conteúdo audiovisual ltda;45604.0;33.356.343/0001-42;2025;5;15
2025-05-15;do sul, a vingança;B2500101700000;ficção;brasil;1834;32545.32;am de morais producoes e eventos;51361.0;13.489.036/0001-22;2025;5;15
2025-05-15;final destination: bloodlines;E2500097500000;ficção;estados unidos;1846467;37344085.57;warner bros. (south) inc.;265.0;33.015.827/0001-28;2025;5;15
2025-05-15;hurry up tomorrow;E2500121200000;ficção;estados unidos;14858;341207.14;sm distribuidora de filmes ltda;11922.0;08.257.054/0001-49;2025;5;15
2025-05-15;manas;B2500048500000;ficção;brasil;20201;368730.45;sm distribuidora de filmes ltda;11922.0;08.257.054/0001-49;2025;5;15
2025-05-15;um certo wilson;B2300388100000;documentário;brasil;162;1635.0;ludwig maia arthouse distribuidora de filmes ltda;22808.0;05.249.852/0001-30;2025;5;15
2025-05-15;um outro francisco;B2400185900000;documentário;brasil;86;1256.93;kaja filmes ltda;60300.0;57.302.423/0001-83;2025;5;15
2025-05-15;vers un pays inconnu;E2500146700000;ficção;frança;1911;31759.62;tag cultural distribuidora de filmes ltda;173.0;03.599.148/0001-82;2025;5;15
2025-05-08;ciao bambino;E2500110400000;ficção;itália;1895;31953.74;providence distribuidora de filmes ltda;12443.0;08.656.129/0001-64;2025;5;8
2025-05-08;criaturas da mente;B2400452300000;documentário;brasil;10500;167008.02;bretz filmes distribuidora e produtora ltda - epp;19243.0;39.079.678/0001-47;2025;5;8
2025-05-08;criaturas da mente;B2400452300000;documentário;brasil;56;500.0;kompanhia teatro multimídia de são paulo;57643.0;60.740.149/0001-39;2025;5;8
2025-05-08;inventário de imagens perdidas;B2300317200000;ficção;brasil;1215;9741.7;cristiane pinto de oliveira;17937.0;07.704.008/0001-88;2025;5;8
2025-05-08;karate kid legends;E2500097800000;ficção;estados unidos;613959;12643916.8;columbia tristar filmes do brasil ltda;84.0;00.979.601/0001-98;2025;5;8
2025-05-08;lispectorante;B2500110700000;ficção;brasil;2796;29291.1;embauba filmes ltda;23638.0;15.144.532/0001-70;2025;5;8
2025-05-08;memórias de um esclerosado;B2400409900000;documentário;brasil;488;6450.53;atelier w producoes cinematograficas ltda;15202.0;10.468.552/0001-82;2025;5;8
2025-05-08;the unbreakable boy;E2400511400000;ficção;estados unidos;11522;257114.74;sm distribuidora de filmes ltda;11922.0;08.257.054/0001-49;2025;5;8
2025-05-08;the woman in the yard;E2500020100000;ficção;estados unidos;37273;761969.31;warner bros. (south) inc.;265.0;33.015.827/0001-28;2025;5;8
2025-05-08;virgínia e adelaide;B2500067700000;documentário;brasil;13873;273772.81;h2o distribuidora de filmes ltda;21541.0;15.372.472/0001-42;2025;5;8
2025-05-07;björk's cornucopia;E2500142100000;vídeomusical;estados unidos;3578;129024.41;united cinemas international brasil ltda.;749.0;01.289.530/0001-64;2025;5;7
2025-05-01;a normal family;E2500110300000;ficção;coréia do sul;8587;176988.36;providence distribuidora de filmes ltda;12443.0;08.656.129/0001-64;2025;5;1
2025-05-01;bob trevino likes it;E2500076700000;ficção;estados unidos;1743;31141.98;synapse brazil licenciamento de direitos audiovisuais ltda;277.0;02.185.369/0001-41;2025;5;1
2025-05-01;ensaio sobre yves;B2500010600000;ficção;brasil;386;6417.45;cavideo produções comércio e locação de filmes ltda;11893.0;01.666.326/0001-15;2025;5;1
2025-05-01;homem com h;B2400522800000;ficção;brasil;646333;13987922.21;sm distribuidora de filmes ltda;11922.0;08.257.054/0001-49;2025;5;1
2025-05-01;lampião, governador do sertão;B2300180200000;documentário;brasil;117;1031.0;kaja filmes ltda;60300.0;57.302.423/0001-83;2025;5;1
2025-05-01;love hurts;E2500120400000;ficção;estados unidos;12563;272663.4;warner bros. (south) inc.;265.0;33.015.827/0001-28;2025;5;1
2025-05-01;o silêncio das palmas;B2500140900000;documentário;brasil;416;6331.5;umbuzeiro filmes distribuicao cinematografica ltda;57243.0;35.454.798/0001-26;2025;5;1
2025-05-01;screamboat;E2500138000000;ficção;estados unidos;6199;126168.66;wmix distribuidora ltda.;1935.0;03.918.609/0001-32;2025;5;1
2025-05-01;thunderbolts*;E2500128900000;ficção;estados unidos;2126959;45627906.39;the walt disney company (brasil) ltda.;18398.0;73.042.962/0001-87;2025;5;1
2025-04-24;12.12: the day;E2400501200000;ficção;coréia do sul;416;7857.11;sa distribuidora de conteúdo audiovisual ltda;45604.0;33.356.343/0001-42;2025;4;24
2025-04-24;abraço de mãe;B2500025500000;ficção;brasil;26;442.0;clube filmes ltda;51390.0;46.401.439/0001-27;2025;4;24
2025-04-24;betânia;B2500122000000;ficção;brasil;3276;58700.71;o2 produções artísticas e cinematográficas ltda.;63.0;67.431.718/0001-03;2025;4;24
2025-04-24;noel rosa - um espírito circulante;B2400276000000;documentário;brasil;1194;17656.02;boulevard filmes ltda;17484.0;12.126.484/0001-07;2025;4;24
2025-04-24;pink floyd at pompeii – mcmlxxii;E2500111300000;vídeomusical;inglaterra;28710;995284.29;united cinemas international brasil ltda.;749.0;01.289.530/0001-64;2025;4;24
2025-04-24;serra das almas;B2400018400000;ficção;brasil;1351;26805.93;wmix distribuidora ltda.;1935.0;03.918.609/0001-32;2025;4;24
2025-04-24;sobreviventes;B2400311400000;ficção;portugal;319;6804.8;providence distribuidora de filmes ltda;12443.0;08.656.129/0001-64;2025;4;24
2025-04-24;the accountant 2;E2500016500000;ficção;estados unidos;299697;7016441.35;warner bros. (south) inc.;265.0;33.015.827/0001-28;2025;4;24
2025-04-24;the day the earth blew up: a looney tunes movie;E2500092500000;animação;canadá;34312;713089.11;sm distribuidora de filmes ltda;11922.0;08.257.054/0001-49;2025;4;24
2025-04-24;until dawn;E2500016600000;ficção;estados unidos;256842;5197430.26;columbia tristar filmes do brasil ltda;84.0;00.979.601/0001-98;2025;4;24
2025-04-17;abá e sua banda;B2400235800000;animação;brasil;5261;78845.93;vitrine filmes ltda;16713.0;11.620.976/0001-83;2025;4;17
2025-04-17;contra o veneno peçonhento do cão danado;B2500125000000;documentário;brasil;431;6573.25;umbuzeiro filmes distribuicao cinematografica ltda;57243.0;35.454.798/0001-26;2025;4;17
2025-04-17;den sista resan;E2500091400000;documentário;suécia;2759;68673.89;warner bros. (south) inc.;265.0;33.015.827/0001-28;2025;4;17
2025-04-17;in the lost lands;E2500018500000;ficção;alemanha;91905;1947453.03;diamond films do brasil produção e distribuição audiovisual ltda.;22724.0;17.095.184/0001-13;2025;4;17
2025-04-17;limonov, the balad;E2500107200000;documentário;espanha;1526;29127.07;providence distribuidora de filmes ltda;12443.0;08.656.129/0001-64;2025;4;17
2025-04-17;sinners;E2500012000000;ficção;estados unidos;854968;18913675.55;warner bros. (south) inc.;265.0;33.015.827/0001-28;2025;4;17
2025-04-17;sneaks;E2500110500000;animação;estados unidos;22298;478883.15;wmix distribuidora ltda.;1935.0;03.918.609/0001-32;2025;4;17
2025-04-17;the king of kings;E2500063200000;animação;estados unidos;444047;8922704.25;sm distribuidora de filmes ltda;11922.0;08.257.054/0001-49;2025;4;17
2025-04-17;the most precious of cargoes;E2500079400000;animação;frança;2315;50356.49;sm distribuidora de filmes ltda;11922.0;08.257.054/0001-49;2025;4;17
2025-04-17;warfare;E2500109900000;ficção;estados unidos;22050;631192.07;elo audiovisual serviços ltda;5672.0;07.700.630/0001-18;2025;4;17
2025-04-10;a traveler's needs;E2500035900000;ficção;coréia do sul;8402;157484.29;providence distribuidora de filmes ltda;12443.0;08.656.129/0001-64;2025;4;10
2025-04-10;as primeiras;B2400102000000;documentário;brasil;236;5076.71;olé produções ltda;15892.0;09.019.897/0001-70;2025;4;10
2025-04-10;café, pepi e limão;B2000152800000;ficção;brasil;671;10544.7;kaja filmes ltda;60300.0;57.302.423/0001-83;2025;4;10
2025-04-10;drop;E2500011400000;ficção;estados unidos;87699;1830656.24;warner bros. (south) inc.;265.0;33.015.827/0001-28;2025;4;10
2025-04-10;kaiju no 8: mission recon;E2500094700000;animação;japão;8720;187351.71;columbia tristar filmes do brasil ltda;84.0;00.979.601/0001-98;2025;4;10
2025-04-10;the amateur;E2500090200000;ficção;estados unidos;197806;4753925.13;the walt disney company (brasil) ltda.;18398.0;73.042.962/0001-87;2025;4;10
2025-04-10;the chosen: last supper;E2500066700000;religiosa;estados unidos;143285;2908491.64;cinecolor do brasil ltda;2631.0;05.332.959/0001-48;2025;4;10
2025-04-10;the chosen: last supper;E2500066700000;religiosa;estados unidos;955527;19555202.27;united cinemas international brasil ltda.;749.0;01.289.530/0001-64;2025;4;10
2025-04-10;the roundup: punishment;E2500035800000;ficção;coréia do sul;1273;26835.24;sa distribuidora de conteúdo audiovisual ltda;45604.0;33.356.343/0001-42;2025;4;10
2025-04-03;a minecraft movie;E2500011100000;ficção;estados unidos;5412718;111327189.07;warner bros. (south) inc.;265.0;33.015.827/0001-28;2025;4;3
2025-04-03;a sobrancelha é o bigode do olho;B2500060400000;documentário;brasil;330;3889.75;umbuzeiro filmes distribuicao cinematografica ltda;57243.0;35.454.798/0001-26;2025;4;3
2025-04-03;alarum;E2500008400000;ficção;estados unidos;49796;1050991.65;wmix distribuidora ltda.;1935.0;03.918.609/0001-32;2025;4;3
2025-04-03;love;E2500053700000;ficção;noruega;2600;40909.61;tag cultural distribuidora de filmes ltda;173.0;03.599.148/0001-82;2025;4;3
2025-04-03;o bixiga é nosso!;B2400143900000;documentário;brasil;55;1264.05;olé produções ltda;15892.0;09.019.897/0001-70;2025;4;3
2025-04-03;one of them days;E2500040900000;ficção;estados unidos;18847;426181.21;columbia tristar filmes do brasil ltda;84.0;00.979.601/0001-98;2025;4;3
2025-04-03;presence;E2400447200000;ficção;estados unidos;93706;1970686.88;diamond films do brasil produção e distribuição audiovisual ltda.;22724.0;17.095.184/0001-13;2025;4;3
2025-04-03;red velvet happiness diary : my dear, reve1uv;E2500041900000;documentário;coréia do sul;3082;71617.29;sa distribuidora de conteúdo audiovisual ltda;45604.0;33.356.343/0001-42;2025;4;3
2025-04-03;sex;E2500053800000;ficção;noruega;2190;35342.74;tag cultural distribuidora de filmes ltda;173.0;03.599.148/0001-82;2025;4;3
2025-04-03;strange darling;E2400460700000;ficção;estados unidos;31828;700306.13;sm distribuidora de filmes ltda;11922.0;08.257.054/0001-49;2025;4;3
2025-04-03;todo dia é dia de feira;B2300190300000;documentário;brasil;11;240.31;antonio fernandes filmes ltda;532.0;02.668.665/0001-01;2025;4;3
2025-04-02;menarca;B2400303100000;documentário;brasil;346;3497.0;olhar distribuicao de filmes ltda;37242.0;28.083.221/0001-90;2025;4;2
2025-04-02;seventeen [right here] world tour in cinemas;E2500108300000;vídeomusical;coréia do sul;2732;83652.9;united cinemas international brasil ltda.;749.0;01.289.530/0001-64;2025;4;2
2025-03-27;a batalha da rua maria antônia;B2400015800000;ficção;brasil;11;110.0;kompanhia teatro multimídia de são paulo;57643.0;60.740.149/0001-39;2025;3;27
2025-03-27;a batalha da rua maria antônia;B2400015800000;ficção;brasil;5849;108681.56;wmix distribuidora ltda.;1935.0;03.918.609/0001-32;2025;3;27
2025-03-27;a working man;E2500076500000;ficção;estados unidos;225744;4664922.3;warner bros. (south) inc.;265.0;33.015.827/0001-28;2025;3;27
2025-03-27;câncer com ascendente em virgem;B2500028700000;ficção;brasil;16474;305341.86;freespirit distribuidora de filmes ltda.;4904.0;07.616.202/0001-01;2025;3;27
2025-03-27;estranhas cotoveladas;B2300312800000;ficção;brasil;214;3755.94;lucas p. bonalumi - criacao e producao de conteudo;48558.0;20.792.427/0001-87;2025;3;27
2025-03-27;maria;E2500013700000;ficção;frança;3383;57666.41;tag cultural distribuidora de filmes ltda;173.0;03.599.148/0001-82;2025;3;27
2025-03-27;mundo proibido;B2300200700000;animação;brasil;492;4537.14;um filmes ltda;1533.0;02.231.569/0001-93;2025;3;27
2025-03-27;novocaine;E2500034000000;ficção;estados unidos;103080;2173032.7;paramount pictures brasil distribuidora de filmes ltda;169.0;27.654.722/0001-16;2025;3;27
2025-03-27;onda nova;B0500249700000;ficção;brasil;5;50.0;kompanhia teatro multimídia de são paulo;57643.0;60.740.149/0001-39;2025;3;27
2025-03-27;onda nova;B0500249700000;ficção;brasil;6478;89445.87;vitrine filmes ltda;16713.0;11.620.976/0001-83;2025;3;27
2025-03-27;parthenope;E2400520000000;ficção;itália;14666;374381.01;sm distribuidora de filmes ltda;11922.0;08.257.054/0001-49;2025;3;27
2025-03-27;quand vient l’automne;E2500035700000;ficção;frança;14686;322169.06;providence distribuidora de filmes ltda;12443.0;08.656.129/0001-64;2025;3;27
2025-03-27;rua aurora - refúgio de todos os mundos;B2400133100000;documentário;brasil;154;1773.41;lira filmes produções ltda me;28406.0;21.054.261/0001-64;2025;3;27
2025-03-27;zerobaseone the first tour [timeless world];E2500068100000;documentário;coréia do sul;1310;29832.54;sa distribuidora de conteúdo audiovisual ltda;45604.0;33.356.343/0001-42;2025;3;27
2025-03-26;imagine dragons: live from the hollywood bowl (with the la film orchestra);E2500043800000;vídeomusical;estados unidos;8293;284011.23;united cinemas international brasil ltda.;749.0;01.289.530/0001-64;2025;3;26
2025-03-20;alto knights;E2500016300000;ficção;estados unidos;35123;1139794.96;warner bros. (south) inc.;265.0;33.015.827/0001-28;2025;3;20
2025-03-20;girassol vermelho;B2300267400000;ficção;brasil;251;3702.06;providence distribuidora de filmes ltda;12443.0;08.656.129/0001-64;2025;3;20
2025-03-20;high tide;E2500036400000;ficção;estados unidos;4903;93963.46;retrato filmes ltda;40992.0;31.296.141/0001-27;2025;3;20
2025-03-20;hors du temps;E2400334900000;ficção;frança;882;15779.73;zeta filmes ltda;22936.0;02.469.679/0001-98;2025;3;20
2025-03-20;milton bituca nascimento;B2500084000000;documentário;brasil;30374;555190.03;gullane entretenimento s.a.;848.0;01.378.559/0001-12;2025;3;20
2025-03-20;oroboro;B2300567200000;documentário;brasil;19;170.0;kompanhia teatro multimídia de são paulo;57643.0;60.740.149/0001-39;2025;3;20
2025-03-20;oroboro;B2300567200000;documentário;brasil;1494;30629.74;tucumán distribuidora de filmes ltda;16132.0;10.681.698/0001-01;2025;3;20
2025-03-20;pas des vagues;E2400489800000;ficção;frança;1609;29083.19;rj distribuidora de filmes ltda;5963.0;00.146.442/0001-40;2025;3;20
2025-03-20;snow white;E2500031800000;ficção;estados unidos;1922778;39944232.05;the walt disney company (brasil) ltda.;18398.0;73.042.962/0001-87;2025;3;20
2025-03-20;sobreviventes do pampa;B2300080800000;documentário;brasil;572;7598.0;treze de maio distribuidora e produtora ltda;52561.0;40.379.968/0001-95;2025;3;20
2025-03-19;hans zimmer & friends: diamond in the desert;E2500032600000;vídeomusical;inglaterra;979;35570.73;united cinemas international brasil ltda.;749.0;01.289.530/0001-64;2025;3;19
2025-03-19;superturnê - a primeira e a última noite;B2500089400000;vídeomusical;brasil;43281;1399974.44;am de morais producoes e eventos;51361.0;13.489.036/0001-22;2025;3;19
2025-03-13;amizade;B2500065300000;documentário;brasil;671;7240.76;embauba filmes ltda;23638.0;15.144.532/0001-70;2025;3;13
2025-03-13;baixo centro;B1900223700000;ficção;brasil;264;2452.99;olhar distribuicao de filmes ltda;37242.0;28.083.221/0001-90;2025;3;13
2025-03-13;better man;E2400406700000;ficção;austrália;27002;605374.25;diamond films do brasil produção e distribuição audiovisual ltda.;22724.0;17.095.184/0001-13;2025;3;13
2025-03-13;black bag;E2500011200000;ficção;estados unidos;41479;1085134.38;warner bros. (south) inc.;265.0;33.015.827/0001-28;2025;3;13
2025-03-13;lola;E2500023400000;ficção;irlanda;1106;20043.83;providence distribuidora de filmes ltda;12443.0;08.656.129/0001-64;2025;3;13
2025-03-13;no other land;E2500031700000;documentário;noruega;11836;199792.42;synapse brazil licenciamento de direitos audiovisuais ltda;277.0;02.185.369/0001-41;2025;3;13
2025-03-13;o melhor amigo;B2500030000000;ficção;brasil;7967;88016.59;vitrine filmes ltda;16713.0;11.620.976/0001-83;2025;3;13
2025-03-13;small things like these;E2400359200000;ficção;irlanda;32351;804199.85;o2 produções artísticas e cinematográficas ltda.;63.0;67.431.718/0001-03;2025;3;13
2025-03-13;the sloth lane;E2400347300000;animação;austrália;80907;1484547.85;wmix distribuidora ltda.;1935.0;03.918.609/0001-32;2025;3;13
2025-03-13;vitória;B2500024900000;ficção;brasil;728024;15491311.52;columbia tristar filmes do brasil ltda;84.0;00.979.601/0001-98;2025;3;13
2025-03-13;you are the apple of my eye;E2500038700000;ficção;coréia do sul;25804;483796.31;sm distribuidora de filmes ltda;11922.0;08.257.054/0001-49;2025;3;13
2025-03-06;baekhyun: lonsdaleite [dot] in cinemas;E2500039600000;documentário;coréia do sul;6561;146021.24;sa distribuidora de conteúdo audiovisual ltda;45604.0;33.356.343/0001-42;2025;3;6
2025-03-06;dois sertões;B2300525400000;documentário;brasil;513;7322.0;umbuzeiro filmes distribuicao cinematografica ltda;57243.0;35.454.798/0001-26;2025;3;6
2025-03-06;la erección de toribio bardelli;B2400100400000;ficção;brasil;14;208.0;livres distribuidora de audivisual ltda me;21870.0;15.263.576/0001-19;2025;3;6
2025-03-06;le temps d'aimer;E2500025200000;ficção;frança;2017;42851.74;tag cultural distribuidora de filmes ltda;173.0;03.599.148/0001-82;2025;3;6
2025-03-06;marked man - chapter 1;E2400522300000;ficção;estados unidos;11377;232920.66;diamond films do brasil produção e distribuição audiovisual ltda.;22724.0;17.095.184/0001-13;2025;3;6
2025-03-06;mickey 17;E2400501400000;ficção;estados unidos;427779;9533564.0;warner bros. (south) inc.;265.0;33.015.827/0001-28;2025;3;6
2025-03-06;oeste outra vez;B2400128400000;ficção;brasil;5;50.0;kompanhia teatro multimídia de são paulo;57643.0;60.740.149/0001-39;2025;3;6
2025-03-06;oeste outra vez;B2400128400000;ficção;brasil;11704;183599.98;o2 produções artísticas e cinematográficas ltda.;63.0;67.431.718/0001-03;2025;3;6
2025-03-06;the monkey;E2400462300000;ficção;estados unidos;363575;7187392.88;sm distribuidora de filmes ltda;11922.0;08.257.054/0001-49;2025;3;6
2025-03-06;uma advogada brilhante;B2400338200000;ficção;brasil;141329;2676971.98;freespirit distribuidora de filmes ltda.;4904.0;07.616.202/0001-01;2025;3;6
2025-02-27;a complete unknown;E2500006700000;ficção;estados unidos;141251;3697746.49;the walt disney company (brasil) ltda.;18398.0;73.042.962/0001-87;2025;2;27
2025-02-27;absolution;E2400436000000;ficção;estados unidos;71904;1408825.53;wmix distribuidora ltda.;1935.0;03.918.609/0001-32;2025;2;27
2025-02-27;amp house;E2400499400000;ficção;estados unidos;6873;113199.34;playarte pictures entretenimentos ltda.;443.0;00.943.231/0001-39;2025;2;27
2025-02-27;attack on titan the movie: the last attack;E2500007100000;animação;japão;49516;1032269.29;columbia tristar filmes do brasil ltda;84.0;00.979.601/0001-98;2025;2;27
2025-02-27;becoming led zepelin;E2500029500000;documentário;estados unidos;4345;154630.05;columbia tristar filmes do brasil ltda;84.0;00.979.601/0001-98;2025;2;27
2025-02-27;dog man;E2400501300000;animação;estados unidos;341792;6761392.09;warner bros. (south) inc.;265.0;33.015.827/0001-28;2025;2;27
2025-02-27;the radleys;E2400511300000;ficção;inglaterra;10557;211020.43;sm distribuidora de filmes ltda;11922.0;08.257.054/0001-49;2025;2;27
2025-02-26;ive the 1st world tour in cinema;E2500027000000;vídeomusical;coréia do sul;1143;36324.45;united cinemas international brasil ltda.;749.0;01.289.530/0001-64;2025;2;26
2025-02-21;razões africanas;B2400180000000;documentário;brasil;47;886.37;jeff & sports marketing e comunicação;23364.0;06.935.870/0001-39;2025;2;21
2025-02-20;bolero;E2400489300000;ficção;frança;6906;151172.66;rj distribuidora de filmes ltda;5963.0;00.146.442/0001-40;2025;2;20
2025-02-20;brave the dark;E2500005600000;ficção;estados unidos;2382;49457.61;sm distribuidora de filmes ltda;11922.0;08.257.054/0001-49;2025;2;20
2025-02-20;edificante;B2400094000000;ficção;brasil;67;667.5;ludwig maia arthouse distribuidora de filmes ltda;22808.0;05.249.852/0001-30;2025;2;20
2025-02-20;flow;E2400518200000;animação;bélgica;418720;8539222.9;rj distribuidora de filmes ltda;5963.0;00.146.442/0001-40;2025;2;20
2025-02-20;fé para o impossível;B2500020700000;ficção;brasil;277801;4943483.77;galeria distribuidora audiovisual ltda;42233.0;32.656.607/0001-10;2025;2;20
2025-02-20;kayara;E2500007800000;animação;peru;13457;283023.5;sm distribuidora de filmes ltda;11922.0;08.257.054/0001-49;2025;2;20
2025-02-20;marietta baderna - dos palcos aos dicionários;B2400073100000;documentário;brasil;253;5225.13;pipa nativa produção cultural ltda;5467.0;05.933.574/0001-36;2025;2;20
2025-02-20;os 80 gigantes;B2300334300000;documentário;brasil;1461;16316.0;sambaqui cultural cine vídeo ltda;2608.0;00.508.766/0001-81;2025;2;20
2025-02-20;the brutalist;E2400380300000;ficção;estados unidos;138923;3546616.75;warner bros. (south) inc.;265.0;33.015.827/0001-28;2025;2;20
2025-02-13;aos pedaços;B2000338900000;ficção;brasil;604;9499.84;providence distribuidora de filmes ltda;12443.0;08.656.129/0001-64;2025;2;13
2025-02-13;as cores e amores de lore;B2400249500000;documentário;brasil;734;9539.06;embauba filmes ltda;23638.0;15.144.532/0001-70;2025;2;13
2025-02-13;bridget jones: mad about the boy;E2400501000000;ficção;estados unidos;94673;2123897.37;warner bros. (south) inc.;265.0;33.015.827/0001-28;2025;2;13
2025-02-13;captain america: brave new world;E2500005200000;ficção;estados unidos;3014126;62643612.62;the walt disney company (brasil) ltda.;18398.0;73.042.962/0001-87;2025;2;13
2025-02-13;sing sing;E2400522400000;ficção;estados unidos;24155;557264.41;diamond films do brasil produção e distribuição audiovisual ltda.;22724.0;17.095.184/0001-13;2025;2;13
2025-02-06;a voz que resta;B2400090600000;ficção;brasil;243;2801.54;providence distribuidora de filmes ltda;12443.0;08.656.129/0001-64;2025;2;6
2025-02-06;alegria do amor;B2400088900000;ficção;brasil;717;7579.13;freespirit distribuidora de filmes ltda.;4904.0;07.616.202/0001-01;2025;2;6
2025-02-06;armor;E2400494600000;ficção;estados unidos;162941;1700613.06;wmix distribuidora ltda.;1935.0;03.918.609/0001-32;2025;2;6
2025-02-06;companion;E2400472000000;ficção;estados unidos;521909;6082848.56;warner bros. (south) inc.;265.0;33.015.827/0001-28;2025;2;6
2025-02-06;dragon ball daima;E2500003800000;animação;japão;40747;413879.82;sm distribuidora de filmes ltda;11922.0;08.257.054/0001-49;2025;2;6
2025-02-06;emilia pérez;E2400376100000;ficção;frança;130437;2373200.07;sm distribuidora de filmes ltda;11922.0;08.257.054/0001-49;2025;2;6
2025-02-06;fabulosos joão e maria;B2200136500000;animação;brasil;1343;11592.21;um filmes ltda;1533.0;02.231.569/0001-93;2025;2;6
2025-02-06;familia;E2400472700000;ficção;itália;1236;14506.36;tag cultural distribuidora de filmes ltda;173.0;03.599.148/0001-82;2025;2;6
2025-02-06;homens de barro;B2300209300000;ficção;brasil;725;10644.33;o2 produções artísticas e cinematográficas ltda.;63.0;67.431.718/0001-03;2025;2;6
2025-02-06;madeleine à paris;B2300572600000;documentário;brasil;268;2695.65;bretz filmes distribuidora e produtora ltda - epp;19243.0;39.079.678/0001-47;2025;2;6
2025-02-06;os sapos;B2400112300000;ficção;brasil;1526;17507.77;livres distribuidora de audivisual ltda me;21870.0;15.263.576/0001-19;2025;2;6
2025-02-06;à margem do ouro;B2300353100000;documentário;brasil;37;359.27;elo audiovisual serviços ltda;5672.0;07.700.630/0001-18;2025;2;6
2025-02-05;iu concert: the winning;E2400508900000;vídeomusical;coréia do sul;635;18160.3;united cinemas international brasil ltda.;749.0;01.289.530/0001-64;2025;2;5
2025-01-30;a real pain;E2400345100000;ficção;estados unidos;51119;1067150.34;the walt disney company (brasil) ltda.;18398.0;73.042.962/0001-87;2025;1;30
2025-01-30;bagman;E2400458600000;ficção;estados unidos;389569;5174112.56;sm distribuidora de filmes ltda;11922.0;08.257.054/0001-49;2025;1;30
2025-01-30;den of thieves 2: pantera;E2400338600000;ficção;estados unidos;209382;3180287.26;diamond films do brasil produção e distribuição audiovisual ltda.;22724.0;17.095.184/0001-13;2025;1;30
2025-01-30;ivan;B2400454100000;ficção;brasil;39;864.17;lucas p. bonalumi - criacao e producao de conteudo;48558.0;20.792.427/0001-87;2025;1;30
2025-01-30;kasa branca;B2400039900000;ficção;brasil;9;90.0;kompanhia teatro multimídia de são paulo;57643.0;60.740.149/0001-39;2025;1;30
2025-01-30;kasa branca;B2400039900000;ficção;brasil;5906;61715.46;vitrine filmes ltda;16713.0;11.620.976/0001-83;2025;1;30
2025-01-30;parque de diversões;B2400522700000;ficção;brasil;952;12528.12;cajuína audiovisual ltda;53493.0;50.342.845/0001-33;2025;1;30
2025-01-30;september 5;E2400445800000;ficção;alemanha;20367;465876.21;paramount pictures brasil distribuidora de filmes ltda;169.0;27.654.722/0001-16;2025;1;30
2025-01-30;soundtrack to a coup d’etat;E2400517700000;documentário;bélgica;10938;166634.51;providence distribuidora de filmes ltda;12443.0;08.656.129/0001-64;2025;1;30
2025-01-30;the visitor;E2400474700000;ficção;reino unido;991;15307.83;tag cultural distribuidora de filmes ltda;173.0;03.599.148/0001-82;2025;1;30
2025-01-30;the wizard of the emerald city;E2400365200000;ficção;belarus (bielorussia);110449;1624537.31;wmix distribuidora ltda.;1935.0;03.918.609/0001-32;2025;1;30
2025-01-30;todo mundo (ainda) tem problemas sexuais;B2400098000000;ficção;brasil;1080;21989.82;freespirit distribuidora de filmes ltda.;4904.0;07.616.202/0001-01;2025;1;30
2025-01-30;viva a vida;B2400235900000;ficção;brasil;12914;204525.4;elo audiovisual serviços ltda;5672.0;07.700.630/0001-18;2025;1;30
2025-01-29;(g)i-dle world tour [idol] in cinemas;E2400489100000;vídeomusical;coréia do sul;2299;76724.17;united cinemas international brasil ltda.;749.0;01.289.530/0001-64;2025;1;29
2025-01-23;anora;E2400331800000;ficção;estados unidos;312602;7104708.68;warner bros. (south) inc.;265.0;33.015.827/0001-28;2025;1;23
2025-01-23;conclave;E2400181900000;ficção;estados unidos;726928;16736748.82;diamond films do brasil produção e distribuição audiovisual ltda.;22724.0;17.095.184/0001-13;2025;1;23
2025-01-23;flight risk;E2400271100000;ficção;estados unidos;69287;1356854.4;sm distribuidora de filmes ltda;11922.0;08.257.054/0001-49;2025;1;23
2025-01-23;paddington in peru;E2400327000000;animação;inglaterra;146875;2677924.31;columbia tristar filmes do brasil ltda;84.0;00.979.601/0001-98;2025;1;23
2025-01-16;boku no ohisama;E2400454800000;ficção;frança;2677;39059.12;prisma produções culturais ltda;53464.0;34.948.949/0001-30;2025;1;16
2025-01-16;here;E2400362400000;ficção;estados unidos;61159;1545527.42;wmix distribuidora ltda.;1935.0;03.918.609/0001-32;2025;1;16
2025-01-16;luiz melodia - no coração do brasil;B2400365700000;documentário;brasil;12240;178798.98;embauba filmes ltda;23638.0;15.144.532/0001-70;2025;1;16
2025-01-16;maixabel;E2400202100000;ficção;espanha;651;11041.12;providence distribuidora de filmes ltda;12443.0;08.656.129/0001-64;2025;1;16
2025-01-16;maria;E2400376200000;ficção;alemanha;55798;1451675.3;diamond films do brasil produção e distribuição audiovisual ltda.;22724.0;17.095.184/0001-13;2025;1;16
2025-01-16;miséricorde;E2400361500000;ficção;frança;1738;25995.28;zeta filmes ltda;22936.0;02.469.679/0001-98;2025;1;16
2025-01-16;mma - meu melhor amigo;B2400401400000;ficção;brasil;97005;1892443.04;the walt disney company (brasil) ltda.;18398.0;73.042.962/0001-87;2025;1;16
2025-01-16;the moon;E2400501500000;ficção;coréia do sul;1533;30635.23;sa distribuidora de conteúdo audiovisual ltda;45604.0;33.356.343/0001-42;2025;1;16
2025-01-16;wolf man;E2400475400000;ficção;estados unidos;190820;3790288.74;warner bros. (south) inc.;265.0;33.015.827/0001-28;2025;1;16
2025-01-09;baby;B2400488300000;ficção;brasil;25993;413643.84;vitrine filmes ltda;16713.0;11.620.976/0001-83;2025;1;9
2025-01-09;babygirl;E2400406600000;ficção;estados unidos;252535;6458450.42;diamond films do brasil produção e distribuição audiovisual ltda.;22724.0;17.095.184/0001-13;2025;1;9
2025-01-09;chico bento e a goiabeira maraviosa;B2400475500000;ficção;brasil;997491;17282909.84;sm distribuidora de filmes ltda;11922.0;08.257.054/0001-49;2025;1;9
2025-01-09;keyke mahboobe man;E2400473300000;ficção;irã;38028;679048.8;tag cultural distribuidora de filmes ltda;173.0;03.599.148/0001-82;2025;1;9
2025-01-09;rm: right people, wrong place;E2400474200000;documentário;coréia do sul;47390;1531111.57;sa distribuidora de conteúdo audiovisual ltda;45604.0;33.356.343/0001-42;2025;1;9
2025-01-09;the seed of he sacred fig;E2400518300000;ficção;frança;12630;226058.45;rj distribuidora de filmes ltda;5963.0;00.146.442/0001-40;2025;1;9
2025-01-02;meeting with pol pot;E2400467600000;ficção;camboja;4583;82970.07;providence distribuidora de filmes ltda;12443.0;08.656.129/0001-64;2025;1;2
2025-01-02;nosferatu;E2400346000000;ficção;estados unidos;935679;19456894.9;warner bros. (south) inc.;265.0;33.015.827/0001-28;2025;1;2
2025-01-02;sonic the hedgehog 3;E2400387600000;ficção;estados unidos;4500703;84299049.3;paramount pictures brasil distribuidora de filmes ltda;169.0;27.654.722/0001-16;2025;1;2
2024-12-26;o auto da compadecida 2;B2400470400000;ficção;brasil;4441754;85012421.7;h2o distribuidora de filmes ltda;21541.0;15.372.472/0001-42;2024;12;26
2024-12-19;chronique d'une liaison passagère;E2400489400000;ficção;frança;2918;62423.1;rj distribuidora de filmes ltda;5963.0;00.146.442/0001-40;2024;12;19
2024-12-19;how to make millions before grandma dies;E2400463300000;ficção;tailândia;7629;153147.9;sm distribuidora de filmes ltda;11922.0;08.257.054/0001-49;2024;12;19
2024-12-19;mufasa: the lion king;E2400414400000;ficção;estados unidos;6507713;125696004.12;the walt disney company (brasil) ltda.;18398.0;73.042.962/0001-87;2024;12;19
2024-12-19;sebastian;E2400443000000;ficção;reino unido;2202;42852.37;tag cultural distribuidora de filmes ltda;173.0;03.599.148/0001-82;2024;12;19
2024-12-19;stories not to be told;E2400462200000;ficção;espanha;7993;154184.44;providence distribuidora de filmes ltda;12443.0;08.656.129/0001-64;2024;12;19
2024-12-12;a different man;E2400406500000;ficção;estados unidos;5497;114564.76;clube filmes ltda;51390.0;46.401.439/0001-27;2024;12;12
2024-12-12;as polacas;B2400119700000;ficção;brasil;7383;175249.77;wmix distribuidora ltda.;1935.0;03.918.609/0001-32;2024;12;12
2024-12-12;bonhoeffer: pastor. spy. assassin;E2400373200000;ficção;bélgica;11183;267993.27;sm distribuidora de filmes ltda;11922.0;08.257.054/0001-49;2024;12;12
2024-12-12;daft punk & leiji matsumoto's interstella 5555  the 5tory of the 5ecret 5tar 5ystem;E2400447100000;vídeomusical;frança;7365;263426.85;united cinemas international brasil ltda.;749.0;01.289.530/0001-64;2024;12;12
2024-12-12;die fetten jahre sind vorbei;E2400411900000;ficção;alemanha;17;154.0;o2 produções artísticas e cinematográficas ltda.;63.0;67.431.718/0001-03;2024;12;12
2024-12-12;kraven the hunter;E2400232800000;ficção;estados unidos;431798;8904047.37;columbia tristar filmes do brasil ltda;84.0;00.979.601/0001-98;2024;12;12
2024-12-12;la otra forma;B2300491600000;animação;brasil;234;3465.0;estúdio giz produções ltda. - me;26046.0;19.457.687/0001-17;2024;12;12
2024-12-12;marcello mio;E2400460600000;ficção;frança;2901;56588.33;tag cultural distribuidora de filmes ltda;173.0;03.599.148/0001-82;2024;12;12
2024-12-12;queer;E2400458000000;ficção;estados unidos;33001;647998.73;sm distribuidora de filmes ltda;11922.0;08.257.054/0001-49;2024;12;12
2024-12-12;rosa tirana;B2100417300000;ficção;brasil;1316;6130.72;umbuzeiro filmes distribuicao cinematografica ltda;57243.0;35.454.798/0001-26;2024;12;12
2024-12-11;nct dream mystery lab: dream( )scape in cinemas;E2400454000000;vídeomusical;coréia do sul;2061;45734.0;united cinemas international brasil ltda.;749.0;01.289.530/0001-64;2024;12;11
2024-12-06;laufey’s a night at the symphony: hollywood bowl;E2400447900000;vídeomusical;estados unidos;1699;47792.72;united cinemas international brasil ltda.;749.0;01.289.530/0001-64;2024;12;6
2024-12-05;crônicas de uma jovem família preta;B2400291700000;documentário;brasil;319;4011.65;interagir cultural producoes cinematograficas ltda;39351.0;29.942.476/0001-23;2024;12;5
2024-12-05;dying;E2400442700000;ficção;alemanha;1142;17931.33;tag cultural distribuidora de filmes ltda;173.0;03.599.148/0001-82;2024;12;5
2024-12-05;inexplicável;B2400257700000;ficção;brasil;19440;372336.0;clube filmes ltda;51390.0;46.401.439/0001-27;2024;12;5
2024-12-05;krasnaya shapochka;E2400261400000;ficção;rússia;44;1003.0;cinecolor do brasil ltda;2631.0;05.332.959/0001-48;2024;12;5
2024-12-05;lord of the rings: the war of the rohirrim;E2400380200000;animação;estados unidos;52209;1073451.33;warner bros. (south) inc.;265.0;33.015.827/0001-28;2024;12;5
2024-12-05;los sueños de pepe;E2400394800000;documentário;uruguai;5370;82191.81;providence distribuidora de filmes ltda;12443.0;08.656.129/0001-64;2024;12;5
2024-12-05;porto de origem;B2300274500000;documentário;brasil;272;3804.27;santa luzia filmes e produções artísticas ltda;13269.0;09.124.563/0001-66;2024;12;5
2024-12-05;solo leveling – reawakening;E2400431500000;animação;japão;22501;498400.23;columbia tristar filmes do brasil ltda;84.0;00.979.601/0001-98;2024;12;5
2024-12-05;sting;E2400171700000;ficção;austrália;41556;807503.62;diamond films do brasil produção e distribuição audiovisual ltda.;22724.0;17.095.184/0001-13;2024;12;5
2024-12-05;the count of monte cristo;E2400414600000;ficção;frança;35929;900227.19;sm distribuidora de filmes ltda;11922.0;08.257.054/0001-49;2024;12;5
2024-12-04;soldados da borracha - os heróis esquecidos;B2000004600000;documentário;brasil;174;1685.0;tucumán distribuidora de filmes ltda;16132.0;10.681.698/0001-01;2024;12;4
2024-11-28;all dirt roads taste of salt;E2400342800000;ficção;estados unidos;1785;28516.83;providence distribuidora de filmes ltda;12443.0;08.656.129/0001-64;2024;11;28
2024-11-28;antes que me esqueçam meu nome é edy star - o filme;B2300077800000;documentário;brasil;1001;6371.26;lanca distribuidora de filmes ltda;25115.0;18.384.267/0001-95;2024;11;28
2024-11-28;cabrini;E2400373300000;ficção;estados unidos;2869;57032.31;sm distribuidora de filmes ltda;11922.0;08.257.054/0001-49;2024;11;28
2024-11-28;corpo presente;B2300512000000;documentário;brasil;190;1815.57;embauba filmes ltda;23638.0;15.144.532/0001-70;2024;11;28
2024-11-28;de quanta terra precisa o homem;B2400016500000;documentário;brasil;191;2510.51;lira filmes produções ltda me;28406.0;21.054.261/0001-64;2024;11;28
2024-11-28;godless - além da crença;B2300537800000;documentário;brasil;11;149.0;freespirit distribuidora de filmes ltda.;4904.0;07.616.202/0001-01;2024;11;28
2024-11-28;jardim dos girassois;B2400312800000;ficção;brasil;800;13438.44;freespirit distribuidora de filmes ltda.;4904.0;07.616.202/0001-01;2024;11;28
2024-11-28;jeanne du barry;E2400373500000;ficção;frança;5549;109704.73;rj distribuidora de filmes ltda;5963.0;00.146.442/0001-40;2024;11;28
2024-11-28;la contadora de peliculas;E2400083800000;ficção;chile;4570;93923.86;diamond films do brasil produção e distribuição audiovisual ltda.;22724.0;17.095.184/0001-13;2024;11;28
2024-11-28;moana 2;E2400414300000;animação;canadá;9107996;177796058.64;the walt disney company (brasil) ltda.;18398.0;73.042.962/0001-87;2024;11;28
2024-11-28;nas ondas de dorival caymmi;B2400036200000;documentário;brasil;1008;14819.7;bretz filmes distribuidora e produtora ltda - epp;19243.0;39.079.678/0001-47;2024;11;28
2024-11-28;o clube das mulheres de negócios;B2400187300000;ficção;brasil;7;70.0;kompanhia teatro multimídia de são paulo;57643.0;60.740.149/0001-39;2024;11;28
2024-11-28;o clube das mulheres de negócios;B2400187300000;ficção;brasil;3354;50953.74;vitrine filmes ltda;16713.0;11.620.976/0001-83;2024;11;28
2024-11-28;praia formosa;B2400038900000;ficção;brasil;361;3773.07;olhar distribuicao de filmes ltda;37242.0;28.083.221/0001-90;2024;11;28
2024-11-28;the dew point;E2400434300000;ficção;itália;1098;20497.04;tag cultural distribuidora de filmes ltda;173.0;03.599.148/0001-82;2024;11;28
2024-11-28;treasure;E2400412600000;ficção;alemanha;298;5034.77;antonio fernandes filmes ltda;532.0;02.668.665/0001-01;2024;11;28
2024-11-21;171;B2200317100000;documentário;brasil;152;2635.25;zeta filmes ltda;22936.0;02.469.679/0001-98;2024;11;21
2024-11-21;a herança;B2300444900000;ficção;brasil;2364;45309.99;columbia tristar filmes do brasil ltda;84.0;00.979.601/0001-98;2024;11;21
2024-11-21;avenida beira-mar;B2400336600000;ficção;brasil;2397;12524.59;elo audiovisual serviços ltda;5672.0;07.700.630/0001-18;2024;11;21
2024-11-21;elevation;E2400414200000;ficção;estados unidos;12563;246649.61;sm distribuidora de filmes ltda;11922.0;08.257.054/0001-49;2024;11;21
2024-11-21;nayola;E2300520800000;animação;portugal;41;645.0;tucumán distribuidora de filmes ltda;16132.0;10.681.698/0001-01;2024;11;21
2024-11-21;nod all we imagine as light;E2400451300000;ficção;frança;6162;103027.2;mostra de cinema, cultura e eventos ltda;29957.0;18.167.238/0001-71;2024;11;21
2024-11-21;retrato de um certo oriente;B2300382200000;ficção;itália;5977;106676.15;o2 produções artísticas e cinematográficas ltda.;63.0;67.431.718/0001-03;2024;11;21
2024-11-21;wicked;E2400374900000;ficção;estados unidos;1240048;26548411.04;warner bros. (south) inc.;265.0;33.015.827/0001-28;2024;11;21
2024-11-20;heretic;E2400261200000;ficção;estados unidos;85340;1696610.23;diamond films do brasil produção e distribuição audiovisual ltda.;22724.0;17.095.184/0001-13;2024;11;20
2024-11-18;salão de baile;B2400214900000;documentário;brasil;819;8814.77;retrato filmes ltda;40992.0;31.296.141/0001-27;2024;11;18
2024-11-15;dessa arte eu sei um pouco;B2400416000000;documentário;brasil;464;7638.8;interagir cultural producoes cinematograficas ltda;39351.0;29.942.476/0001-23;2024;11;15
2024-11-14;a carta de esperança garcia;B2400202500000;documentário;brasil;27;224.0;trinca filmes ltda.;1594.0;02.533.399/0001-00;2024;11;14
2024-11-14;black tea;E2400326800000;ficção;china;3555;63163.08;tag cultural distribuidora de filmes ltda;173.0;03.599.148/0001-82;2024;11;14
2024-11-14;brazyl - uma ôpera tragicrônica;B2400419900000;ficção;brasil;619;5315.1;abará produção audiovisual ltda;47901.0;40.476.829/0001-80;2024;11;14
2024-11-14;dalia e o livro vermelho;B2400354600000;animação;brasil;535;12686.02;the walt disney company (brasil) ltda.;18398.0;73.042.962/0001-87;2024;11;14
2024-11-14;gladiator ii;E2400387500000;ficção;estados unidos;2123849;48990257.45;paramount pictures brasil distribuidora de filmes ltda;169.0;27.654.722/0001-16;2024;11;14
2024-11-14;maputo nakuzandza;B2400413300000;ficção;brasil;438;4881.4;descoloniza filmes e producoes artisticas ltda;43301.0;33.427.044/0001-51;2024;11;14
2024-11-14;o menino d'olho d'água;B2400225500000;documentário;brasil;11;110.0;kompanhia teatro multimídia de são paulo;57643.0;60.740.149/0001-39;2024;11;14
2024-11-14;o vazio de domingo à tarde;B2300283600000;ficção;brasil;1071;10663.46;lanca distribuidora de filmes ltda;25115.0;18.384.267/0001-95;2024;11;14
2024-11-14;sala escura;B2300536800000;ficção;brasil;2717;52784.95;h2o distribuidora de filmes ltda;21541.0;15.372.472/0001-42;2024;11;14
2024-11-14;shawn mendes: for friends & family only live from woodstock;E2400368900000;vídeomusical;estados unidos;3870;123359.77;united cinemas international brasil ltda.;749.0;01.289.530/0001-64;2024;11;14
2024-11-14;white bird;E2300151600000;ficção;estados unidos;58471;1326046.47;sm distribuidora de filmes ltda;11922.0;08.257.054/0001-49;2024;11;14
2024-11-08;swan lake;E2400275100000;vídeomusical;frança;1297;48814.04;united cinemas international brasil ltda.;749.0;01.289.530/0001-64;2024;11;8
2024-11-07;andrea bocelli 30: the celebration;E2400385100000;vídeomusical;reino unido;1242;43258.0;cinecolor do brasil ltda;2631.0;05.332.959/0001-48;2024;11;7
2024-11-07;arca de noé;B2400283000000;animação;índia;368734;7357078.08;wmix distribuidora ltda.;1935.0;03.918.609/0001-32;2024;11;7
2024-11-07;longe do paraíso;B2300537000000;ficção;brasil;1068;9220.59;interagir cultural producoes cinematograficas ltda;39351.0;29.942.476/0001-23;2024;11;7
2024-11-07;madame durocher;B2300123500000;ficção;brasil;3165;55457.68;elo audiovisual serviços ltda;5672.0;07.700.630/0001-18;2024;11;7
2024-11-07;milagre vivo;B2400430200000;documentário;brasil;7547;119518.0;am de morais producoes e eventos;51361.0;13.489.036/0001-22;2024;11;7
2024-11-07;never let go;E2400267000000;ficção;estados unidos;49424;936674.19;sm distribuidora de filmes ltda;11922.0;08.257.054/0001-49;2024;11;7
2024-11-07;overlord: the sacred kingdom;E2400378500000;animação;japão;2183;54491.81;columbia tristar filmes do brasil ltda;84.0;00.979.601/0001-98;2024;11;7
2024-11-07;red one;E2400314600000;ficção;estados unidos;913163;17639029.0;warner bros. (south) inc.;265.0;33.015.827/0001-28;2024;11;7
2024-11-05;wes craven's new nightmare;E1500351300000;ficção;estados unidos;93;1415.72;warner bros. (south) inc.;265.0;33.015.827/0001-28;2024;11;5
2024-11-03;sol alegria;B2000160000000;ficção;brasil;148;810.5;descoloniza filmes e producoes artisticas ltda;43301.0;33.427.044/0001-51;2024;11;3
2024-10-31;a vilã das nove;B2400339600000;ficção;brasil;1370;28408.89;the walt disney company (brasil) ltda.;18398.0;73.042.962/0001-87;2024;10;31
2024-10-31;amor radical;B2400387800000;documentário;brasil;482;10947.61;freespirit distribuidora de filmes ltda.;4904.0;07.616.202/0001-01;2024;10;31
2024-10-31;continente;Não informado;ficção;brasil;1178;12946.21;vitrine filmes ltda;16713.0;11.620.976/0001-83;2024;10;31
2024-10-31;forbidden play;E2400348900000;ficção;japão;3043;55298.53;sa distribuidora de conteúdo audiovisual ltda;45604.0;33.356.343/0001-42;2024;10;31
2024-10-31;lubo;E2400254600000;ficção;itália;397;7274.76;tag cultural distribuidora de filmes ltda;173.0;03.599.148/0001-82;2024;10;31
2024-10-31;malu;B2400272100000;ficção;brasil;22669;448652.88;cineclube pau brasil;2685.0;29.171.311/0001-03;2024;10;31
2024-10-31;maurina - o outono que não acabou;B2300275600000;documentário;brasil;65;852.0;kauzare filmes ltda;26160.0;14.352.944/0001-32;2024;10;31
2024-10-31;megalopolis;E2400338700000;ficção;estados unidos;55868;1342162.91;o2 produções artísticas e cinematográficas ltda.;63.0;67.431.718/0001-03;2024;10;31
2024-10-31;o dia da posse;B2200369900000;documentário;brasil;189;1895.25;embauba filmes ltda;23638.0;15.144.532/0001-70;2024;10;31
2024-10-31;ramona;E2400318400000;ficção;espanha;135;2382.59;tucumán distribuidora de filmes ltda;16132.0;10.681.698/0001-01;2024;10;31
2024-10-31;sound of hope: the story of possum trot;E2400340500000;ficção;estados unidos;63243;1141529.32;sm distribuidora de filmes ltda;11922.0;08.257.054/0001-49;2024;10;31
2024-10-31;terrifier 3;E2400142100000;ficção;estados unidos;395639;7212203.01;diamond films do brasil produção e distribuição audiovisual ltda.;22724.0;17.095.184/0001-13;2024;10;31
2024-10-31;we live in time;E2400274400000;ficção;frança;489080;10211359.38;wmix distribuidora ltda.;1935.0;03.918.609/0001-32;2024;10;31
2024-10-24;caindo na real;B2400344000000;ficção;brasil;25913;451426.08;elo audiovisual serviços ltda;5672.0;07.700.630/0001-18;2024;10;24
2024-10-24;o voo do anjo;B2400327900000;ficção;brasil;392;8284.0;antonio fernandes filmes ltda;532.0;02.668.665/0001-01;2024;10;24
2024-10-24;receba!;B2300026000000;ficção;brasil;548;4874.63;olhar distribuicao de filmes ltda;37242.0;28.083.221/0001-90;2024;10;24
2024-10-24;santino;B2300490400000;documentário;brasil;312;4336.11;livres distribuidora de audivisual ltda me;21870.0;15.263.576/0001-19;2024;10;24
2024-10-24;segredos;B2400348600000;ficção;brasil;1225;24600.06;a2 distribuidora de filmes ltda epp;34811.0;18.338.912/0001-33;2024;10;24
2024-10-24;tears for fears live a tipping point film;E2400369100000;vídeomusical;estados unidos;4056;141582.48;united cinemas international brasil ltda.;749.0;01.289.530/0001-64;2024;10;24
2024-10-24;the room next door;E2400346100000;ficção;estados unidos;127608;2905224.34;warner bros. (south) inc.;265.0;33.015.827/0001-28;2024;10;24
2024-10-24;venom: the last dance;E2400184400000;ficção;estados unidos;2605135;51839819.8;columbia tristar filmes do brasil ltda;84.0;00.979.601/0001-98;2024;10;24
2024-10-23;whitney houston - the concert for a new south africa;E2400363900000;vídeomusical;estados unidos;861;21390.13;united cinemas international brasil ltda.;749.0;01.289.530/0001-64;2024;10;23
2024-10-17;cipriano e a morte de cipriano;B0300046700000;ficção;brasil;67;729.0;trinca filmes ltda.;1594.0;02.533.399/0001-00;2024;10;17
2024-10-17;marias;B2100371800000;documentário;brasil;525;5084.32;descoloniza filmes e producoes artisticas ltda;43301.0;33.427.044/0001-51;2024;10;17
2024-10-17;max and me;E2400362700000;animação;estados unidos;5181;89231.84;am de morais producoes e eventos;51361.0;13.489.036/0001-22;2024;10;17
2024-10-17;o fenômeno esports;B2400196000000;documentário;brasil;151;2592.65;vitrine filmes ltda;16713.0;11.620.976/0001-83;2024;10;17
2024-10-17;o sonho de clarice;B2400334100000;animação;brasil;70;620.0;encripta s/a;22364.0;15.182.829/0001-20;2024;10;17
2024-10-17;operação borboleta;B2400257600000;ficção;brasil;197;3774.66;stairs producoes audiovisuais ltda;16557.0;10.433.648/0001-05;2024;10;17
2024-10-17;perfekta, uma aventura da escola de gênios;B2400311300000;ficção;brasil;21683;407400.37;wmix distribuidora ltda.;1935.0;03.918.609/0001-32;2024;10;17
2024-10-17;smile 2;E2400283600000;ficção;estados unidos;511743;9641600.12;paramount pictures brasil distribuidora de filmes ltda;169.0;27.654.722/0001-16;2024;10;17
2024-10-17;super/man: the christopher reeve story;E2400314700000;documentário;estados unidos;11001;280901.27;warner bros. (south) inc.;265.0;33.015.827/0001-28;2024;10;17
2024-10-17;the apprentice;E2400309200000;ficção;canadá;26869;769380.53;diamond films do brasil produção e distribuição audiovisual ltda.;22724.0;17.095.184/0001-13;2024;10;17
2024-10-16;taeyong: ty track in cinemas;E2400369000000;vídeomusical;coréia do sul;1484;33820.46;united cinemas international brasil ltda.;749.0;01.289.530/0001-64;2024;10;16
2024-10-10;my hero academia: you're next;E2400361600000;animação;japão;21597;411787.47;columbia tristar filmes do brasil ltda;84.0;00.979.601/0001-98;2024;10;10
2024-10-10;termodielétrico;B2300259100000;documentário;brasil;41;397.5;embauba filmes ltda;23638.0;15.144.532/0001-70;2024;10;10
2024-10-10;the roundup: no way out;E2400138200000;ficção;coréia do sul;1721;29754.15;sa distribuidora de conteúdo audiovisual ltda;45604.0;33.356.343/0001-42;2024;10;10
2024-10-10;the wild robot;E2400253700000;ficção;estados unidos;1264472;23333372.5;warner bros. (south) inc.;265.0;33.015.827/0001-28;2024;10;10
2024-10-10;tudo por um pop star 2;B2400374200000;ficção;brasil;156436;2757868.52;the walt disney company (brasil) ltda.;18398.0;73.042.962/0001-87;2024;10;10
2024-10-10;vermin;E2400199200000;ficção;estados unidos;37836;695369.63;sm distribuidora de filmes ltda;11922.0;08.257.054/0001-49;2024;10;10
2024-10-10;winter boy;E2400190400000;ficção;frança;6351;116833.2;providence distribuidora de filmes ltda;12443.0;08.656.129/0001-64;2024;10;10
2024-10-10;woman of the hour;E2400309300000;ficção;estados unidos;80855;1765072.94;diamond films do brasil produção e distribuição audiovisual ltda.;22724.0;17.095.184/0001-13;2024;10;10
2024-10-09;paris, texas;E1900108100000;ficção;alemanha;152;1323.0;o2 produções artísticas e cinematográficas ltda.;63.0;67.431.718/0001-03;2024;10;9
2024-10-05;alma del desierto;B2400346300000;documentário;brasil;4;70.0;kompanhia teatro multimídia de são paulo;57643.0;60.740.149/0001-39;2024;10;5
2024-10-05;alma del desierto;B2400346300000;documentário;brasil;586;5771.37;retrato filmes ltda;40992.0;31.296.141/0001-27;2024;10;5
2024-10-03;até que a música pare;B2300468900000;ficção;itália;2248;32747.1;providence distribuidora de filmes ltda;12443.0;08.656.129/0001-64;2024;10;3
2024-10-03;banel & adama;E2400326500000;ficção;frança;1979;35227.61;tag cultural distribuidora de filmes ltda;173.0;03.599.148/0001-82;2024;10;3
2024-10-03;joker: folie à deux;E2400314300000;ficção;estados unidos;2116224;44278454.45;warner bros. (south) inc.;265.0;33.015.827/0001-28;2024;10;3
2024-10-03;placa-mãe;B2200442900000;animação;brasil;9849;131517.48;o2 produções artísticas e cinematográficas ltda.;63.0;67.431.718/0001-03;2024;10;3
2024-09-26;ainda somos os mesmos;B2300379300000;ficção;brasil;4033;91377.76;sm distribuidora de filmes ltda;11922.0;08.257.054/0001-49;2024;9;26
2024-09-26;antonio candido, anotações finais;B2400294100000;documentário;brasil;3001;49085.07;bretz filmes distribuidora e produtora ltda - epp;19243.0;39.079.678/0001-47;2024;9;26
2024-09-26;knox goes away;E2400055900000;ficção;estados unidos;56553;1184360.55;diamond films do brasil produção e distribuição audiovisual ltda.;22724.0;17.095.184/0001-13;2024;9;26
2024-09-26;laissez-moi;E2400326900000;ficção;suíça;2701;52102.31;tag cultural distribuidora de filmes ltda;173.0;03.599.148/0001-82;2024;9;26
2024-09-26;o dia que te conheci;B2300518500000;ficção;brasil;9853;149097.01;malute filmes ltda;47235.0;36.448.102/0001-11;2024;9;26
2024-09-26;o dilema da pandemia;B2200125000000;ficção;brasil;191;885.0;imagenacao producoes cinematograficas, artisticas e culturais ltda;30911.0;21.859.821/0001-58;2024;9;26
2024-09-26;pasárgada;B2400359500000;ficção;brasil;2778;44889.62;muiraquita filmes e producoes artisticas ltda;1373.0;04.728.553/0001-16;2024;9;26
2024-09-26;raoni - uma amizade improvavel;B2300460400000;documentário;brasil;101;2015.12;indiana produções cinematográficas ltda;2802.0;07.060.648/0001-00;2024;9;26
2024-09-26;terra de ciganos;B2400278200000;documentário;brasil;459;6295.24;providence distribuidora de filmes ltda;12443.0;08.656.129/0001-64;2024;9;26
2024-09-26;the forge;E2400305500000;ficção;estados unidos;3003703;50761678.87;sm distribuidora de filmes ltda;11922.0;08.257.054/0001-49;2024;9;26
2024-09-26;transformers one;E2400283700000;animação;estados unidos;408196;7486699.33;paramount pictures brasil distribuidora de filmes ltda;169.0;27.654.722/0001-16;2024;9;26
2024-09-19;ainda estou aqui;B2400324700000;ficção;brasil;449;5179.0;cine caxambu ltda;53644.0;50.552.809/0001-02;2024;9;19
2024-09-19;ainda estou aqui;B2400324700000;ficção;brasil;5856328;118205715.51;columbia tristar filmes do brasil ltda;84.0;00.979.601/0001-98;2024;9;19
2024-09-19;assexybilidade;B2400172100000;documentário;brasil;1391;16802.04;olhar distribuicao de filmes ltda;37242.0;28.083.221/0001-90;2024;9;19
2024-09-19;bocaina;B2400309600000;ficção;brasil;132;1831.25;muiraquita filmes e producoes artisticas ltda;1373.0;04.728.553/0001-16;2024;9;19
2024-09-19;coup de chance;E2400261100000;ficção;frança;92555;2373751.82;o2 produções artísticas e cinematográficas ltda.;63.0;67.431.718/0001-03;2024;9;19
2024-09-19;dragonkeeper;E2400093800000;animação;china;104438;1741010.8;wmix distribuidora ltda.;1935.0;03.918.609/0001-32;2024;9;19
2024-09-19;jung kook: i am still;E2400336900000;vídeomusical;coréia do sul;91884;3764011.26;united cinemas international brasil ltda.;749.0;01.289.530/0001-64;2024;9;19
2024-09-19;juvenal e o dragão;B2400258400000;animação;brasil;1180;19266.51;stairs producoes audiovisuais ltda;16557.0;10.433.648/0001-05;2024;9;19
2024-09-19;passagrana;B2400272700000;ficção;brasil;31027;525756.73;the walt disney company (brasil) ltda.;18398.0;73.042.962/0001-87;2024;9;19
2024-09-19;quando eu me encontrar;B2300137400000;ficção;brasil;590;5417.66;embauba filmes ltda;23638.0;15.144.532/0001-70;2024;9;19
2024-09-19;saudade fez morada aqui dentro;B2400040600000;ficção;brasil;6057;47052.96;cajuína audiovisual ltda;53493.0;50.342.845/0001-33;2024;9;19
2024-09-19;sidonie au japon;E2400312600000;ficção;frança;8263;160181.05;tag cultural distribuidora de filmes ltda;173.0;03.599.148/0001-82;2024;9;19
2024-09-19;sympathy for the devil;E2400261600000;ficção;estados unidos;10465;232004.11;diamond films do brasil produção e distribuição audiovisual ltda.;22724.0;17.095.184/0001-13;2024;9;19
2024-09-19;the substance;E2400277300000;ficção;estados unidos;477366;10789652.74;wmix distribuidora ltda.;1935.0;03.918.609/0001-32;2024;9;19
2024-09-17;penal cordillera;B2400212800000;ficção;chile;1308;20284.63;retrato filmes ltda;40992.0;31.296.141/0001-27;2024;9;17
2024-09-12;bastarden;E2400293700000;ficção;alemanha;6168;96365.73;providence distribuidora de filmes ltda;12443.0;08.656.129/0001-64;2024;9;12
2024-09-12;fantasma;B2300174400000;ficção;brasil;1374;6914.65;elo audiovisual serviços ltda;5672.0;07.700.630/0001-18;2024;9;12
2024-09-12;meu casulo de drywall;B2300514300000;ficção;brasil;61;714.31;gullane entretenimento s.a.;848.0;01.378.559/0001-12;2024;9;12
2024-09-12;my penguin friend;E2400224600000;ficção;brasil;60807;848146.11;sm distribuidora de filmes ltda;11922.0;08.257.054/0001-49;2024;9;12
2024-09-12;riize fan-con tour 'riizing day' finale in cinemas;E2400336200000;vídeomusical;coréia do sul;1020;32871.0;cinecolor do brasil ltda;2631.0;05.332.959/0001-48;2024;9;12
2024-09-12;riize fan-con tour 'riizing day' finale in cinemas;E2400336200000;vídeomusical;coréia do sul;1020;32870.97;united cinemas international brasil ltda.;749.0;01.289.530/0001-64;2024;9;12
2024-09-12;silvio;B2400081500000;ficção;brasil;98233;1380986.54;wmix distribuidora ltda.;1935.0;03.918.609/0001-32;2024;9;12
2024-09-12;speak no evil;E2400179600000;ficção;estados unidos;322339;4537111.52;warner bros. (south) inc.;265.0;33.015.827/0001-28;2024;9;12
2024-09-12;un silence;E2400312700000;ficção;frança;2204;31111.91;tag cultural distribuidora de filmes ltda;173.0;03.599.148/0001-82;2024;9;12
2024-09-12;usher: rendezvous in paris;E2400279500000;vídeomusical;estados unidos;855;31148.57;united cinemas international brasil ltda.;749.0;01.289.530/0001-64;2024;9;12
2024-09-07;as órbitas da água;B2200080500000;ficção;brasil;637;11952.0;frederico da cruz machado - me;11990.0;03.553.092/0001-25;2024;9;7
2024-09-05;beetlejuice beetlejuice;E2400251800000;ficção;estados unidos;1375373;23524397.08;warner bros. (south) inc.;265.0;33.015.827/0001-28;2024;9;5
2024-09-05;black rio! black power!;B2300387000000;documentário;brasil;2707;36858.8;instituto taturana;45181.0;35.536.160/0001-34;2024;9;5
2024-09-05;black rio! black power!;B2300387000000;documentário;brasil;15;150.0;kompanhia teatro multimídia de são paulo;57643.0;60.740.149/0001-39;2024;9;5
2024-09-05;cinderella's revenge;E2400251600000;ficção;estados unidos;1689;27177.61;a2 distribuidora de filmes ltda epp;34811.0;18.338.912/0001-33;2024;9;5
2024-09-05;hellboy: the crooked man;E2400275400000;ficção;estados unidos;190449;3005439.71;wmix distribuidora ltda.;1935.0;03.918.609/0001-32;2024;9;5
2024-09-05;kill;E2400261300000;ficção;estados unidos;9330;182017.5;sm distribuidora de filmes ltda;11922.0;08.257.054/0001-49;2024;9;5
2024-09-05;othelo, o grande;B2300442100000;documentário;brasil;3162;43923.32;livres distribuidora de audivisual ltda me;21870.0;15.263.576/0001-19;2024;9;5
2024-09-05;sociedade de ferro;B2400241900000;documentário;brasil;109;2018.3;prodigo films ltda;87.0;00.020.648/0001-20;2024;9;5
2024-09-05;the silk road rally;E2400248900000;animação;canadá;34932;582128.48;clube filmes ltda;51390.0;46.401.439/0001-27;2024;9;5
2024-09-05;vovó ninja;B2200284900000;ficção;brasil;49974;871598.01;galeria distribuidora audiovisual ltda;42233.0;32.656.607/0001-10;2024;9;5
2024-08-29;agreste;B2300247700000;ficção;brasil;520;8293.68;providence distribuidora de filmes ltda;12443.0;08.656.129/0001-64;2024;8;29
2024-08-29;bernadette;E2400265100000;ficção;frança;15936;336694.81;tag cultural distribuidora de filmes ltda;173.0;03.599.148/0001-82;2024;8;29
2024-08-29;cidade, campo;B2400323700000;ficção;brasil;94;679.62;kompanhia teatro multimídia de são paulo;57643.0;60.740.149/0001-39;2024;8;29
2024-08-29;cidade, campo;B2400323700000;ficção;brasil;2549;24096.03;vitrine filmes ltda;16713.0;11.620.976/0001-83;2024;8;29
2024-08-29;estômago 2 - o poderoso chef;B2400045400000;ficção;itália;27717;518315.42;sm distribuidora de filmes ltda;11922.0;08.257.054/0001-49;2024;8;29
2024-08-29;fernanda young - foge-me ao controle;B2400294500000;documentário;brasil;6774;103429.76;synapse brazil licenciamento de direitos audiovisuais ltda;277.0;02.185.369/0001-41;2024;8;29
2024-08-29;gracie and pedro: pets to the rescue;E2400121500000;animação;áfrica do sul;67750;1117440.52;wmix distribuidora ltda.;1935.0;03.918.609/0001-32;2024;8;29
2024-08-29;longlegs;E2400164300000;ficção;estados unidos;553660;10103301.66;diamond films do brasil produção e distribuição audiovisual ltda.;22724.0;17.095.184/0001-13;2024;8;29
2024-08-29;stop making sense;E2400261500000;documentário;estados unidos;11582;243828.75;o2 produções artísticas e cinematográficas ltda.;63.0;67.431.718/0001-03;2024;8;29
2024-08-29;the hunted;E2400134700000;ficção;bélgica;8277;162981.28;playarte pictures entretenimentos ltda.;443.0;00.943.231/0001-39;2024;8;29
2024-08-29;zé;B2300011000000;ficção;brasil;1373;16038.72;embauba filmes ltda;23638.0;15.144.532/0001-70;2024;8;29
2024-08-22;blink twice;E2400232300000;ficção;estados unidos;105711;2302939.39;warner bros. (south) inc.;265.0;33.015.827/0001-28;2024;8;22
2024-08-22;captives;E2400279300000;ficção;frança;2108;38082.84;tag cultural distribuidora de filmes ltda;173.0;03.599.148/0001-82;2024;8;22
2024-08-22;dark web: cicada 3301;E2200303100000;ficção;estados unidos;665;12207.98;a2 distribuidora de filmes ltda epp;34811.0;18.338.912/0001-33;2024;8;22
2024-08-22;entrelinhas;B2300330000000;ficção;brasil;2293;20593.15;elo audiovisual serviços ltda;5672.0;07.700.630/0001-18;2024;8;22
2024-08-22;harold and the purple crayon;E2400112800000;ficção;estados unidos;125174;2420820.88;columbia tristar filmes do brasil ltda;84.0;00.979.601/0001-98;2024;8;22
2024-08-22;kinds of kindness;E2400269400000;ficção;estados unidos;51031;1159991.21;the walt disney company (brasil) ltda.;18398.0;73.042.962/0001-87;2024;8;22
2024-08-22;motel destino;B2400293500000;ficção;alemanha;67258;1136238.63;providence distribuidora de filmes ltda;12443.0;08.656.129/0001-64;2024;8;22
2024-08-22;the crow;E2400110900000;ficção;estados unidos;238200;4677162.89;wmix distribuidora ltda.;1935.0;03.918.609/0001-32;2024;8;22
2024-08-22;widow clicquot;E2400256800000;ficção;estados unidos;70623;2068603.34;sm distribuidora de filmes ltda;11922.0;08.257.054/0001-49;2024;8;22
2024-08-21;seventeen tour 'follow' again to cinemas;E2400275000000;vídeomusical;coréia do sul;6377;151304.68;united cinemas international brasil ltda.;749.0;01.289.530/0001-64;2024;8;21
2024-08-15;alien: romulus;E2400268200000;ficção;estados unidos;595991;12246559.01;the walt disney company (brasil) ltda.;18398.0;73.042.962/0001-87;2024;8;15
2024-08-15;coraline 15th anniversary;E2400242400000;animação;estados unidos;221648;4811231.49;united cinemas international brasil ltda.;749.0;01.289.530/0001-64;2024;8;15
2024-08-15;el auge del humano 3;B2400244500000;ficção;argentina;251;2962.65;retrato filmes ltda;40992.0;31.296.141/0001-27;2024;8;15
2024-08-15;ezra;E2400127200000;ficção;estados unidos;13285;302402.25;diamond films do brasil produção e distribuição audiovisual ltda.;22724.0;17.095.184/0001-13;2024;8;15
2024-08-15;familia;E2400157200000;ficção;japão;3615;70371.11;sa distribuidora de conteúdo audiovisual ltda;45604.0;33.356.343/0001-42;2024;8;15
2024-08-15;libres - duc in altum;E2400280100000;documentário;espanha;1127;18794.0;am de morais producoes e eventos;51361.0;13.489.036/0001-22;2024;8;15
2024-08-15;o contato;B2300199800000;documentário;brasil;322;5645.79;pipa nativa produção cultural ltda;5467.0;05.933.574/0001-36;2024;8;15
2024-08-15;o diabo na rua no meio do redemunho;B2400004900000;ficção;brasil;4916;92869.3;cineclube pau brasil;2685.0;29.171.311/0001-03;2024;8;15
2024-08-15;o diabo na rua no meio do redemunho;B2400004900000;ficção;brasil;7;70.0;kompanhia teatro multimídia de são paulo;57643.0;60.740.149/0001-39;2024;8;15
2024-08-15;o mensageiro;B2300071700000;ficção;argentina;3990;77672.6;reserva nacional distribuidora de filmes ltda.;11868.0;08.346.733/0001-94;2024;8;15
2024-08-15;princesa adormecida;B2300375400000;ficção;brasil;28629;519003.18;vitrine filmes ltda;16713.0;11.620.976/0001-83;2024;8;15
2024-08-15;revoada;B2400223300000;ficção;brasil;774;10825.85;abará produção audiovisual ltda;47901.0;40.476.829/0001-80;2024;8;15
2024-08-15;the inseparables;E2400168800000;animação;bélgica;24752;479108.47;sm distribuidora de filmes ltda;11922.0;08.257.054/0001-49;2024;8;15
2024-08-08;borderlands;E2400199800000;ficção;estados unidos;98991;1911532.57;sm distribuidora de filmes ltda;11922.0;08.257.054/0001-49;2024;8;8
2024-08-08;it ends with us;E2400176500000;ficção;estados unidos;2955032;58932493.41;columbia tristar filmes do brasil ltda;84.0;00.979.601/0001-98;2024;8;8
2024-08-08;mais pesado é o céu;B2300060700000;ficção;brasil;364;3493.0;sereia distribuição de filmes ltda;13753.0;08.905.114/0001-92;2024;8;8
2024-08-08;saideira;B2300573000000;ficção;brasil;9101;185196.65;elo audiovisual serviços ltda;5672.0;07.700.630/0001-18;2024;8;8
2024-08-08;the old oak;E2400202300000;ficção;bélgica;19876;399425.82;synapse brazil licenciamento de direitos audiovisuais ltda;277.0;02.185.369/0001-41;2024;8;8
2024-08-08;trap;E2400233300000;ficção;estados unidos;241644;5069390.68;warner bros. (south) inc.;265.0;33.015.827/0001-28;2024;8;8
2024-08-01;estranho caminho;B2300296700000;ficção;brasil;2235;24252.54;embauba filmes ltda;23638.0;15.144.532/0001-70;2024;8;1
2024-08-01;filho de boi;B1900460300000;ficção;brasil;1038;16493.66;olhar distribuicao de filmes ltda;37242.0;28.083.221/0001-90;2024;8;1
2024-08-01;the exorcism;E2400171800000;ficção;estados unidos;113378;2176036.38;wmix distribuidora ltda.;1935.0;03.918.609/0001-32;2024;8;1
2024-08-01;tuesday;E2400199900000;ficção;estados unidos;7257;174666.57;sm distribuidora de filmes ltda;11922.0;08.257.054/0001-49;2024;8;1
2024-07-31;blackpink world tour [born pink] in cinemas;E2400243000000;vídeomusical;coréia do sul;53049;1804278.36;united cinemas international brasil ltda.;749.0;01.289.530/0001-64;2024;7;31
2024-07-25;aku wa sonzai shinai;E2400245700000;ficção;japão;13462;248297.2;tag cultural distribuidora de filmes ltda;173.0;03.599.148/0001-82;2024;7;25
2024-07-25;deadpool & wolverine;E2400232500000;ficção;estados unidos;7463600;157136337.67;the walt disney company (brasil) ltda.;18398.0;73.042.962/0001-87;2024;7;25
2024-07-25;ilha;B1800255500000;ficção;brasil;131;1546.44;elo audiovisual serviços ltda;5672.0;07.700.630/0001-18;2024;7;25
2024-07-25;mugunzá;B2200203600000;ficção;brasil;193;1989.69;elo audiovisual serviços ltda;5672.0;07.700.630/0001-18;2024;7;25
2024-07-25;teca e tuti: uma noite na biblioteca;B2300170000000;animação;brasil;8803;90885.46;lucas p. bonalumi - criacao e producao de conteudo;48558.0;20.792.427/0001-87;2024;7;25
2024-07-25;votos;B2200346400000;documentário;brasil;251;5525.95;o2 produções artísticas e cinematográficas ltda.;63.0;67.431.718/0001-03;2024;7;25
2024-07-25;wicked little letters;E2400117400000;ficção;inglaterra;23711;590508.17;columbia tristar filmes do brasil ltda;84.0;00.979.601/0001-98;2024;7;25
2024-07-20;fausto fawcett na cabeça;B2200412200000;documentário;brasil;464;11816.46;cineclube pau brasil;2685.0;29.171.311/0001-03;2024;7;20
2024-07-20;fausto fawcett na cabeça;B2200412200000;documentário;brasil;2;20.0;kompanhia teatro multimídia de são paulo;57643.0;60.740.149/0001-39;2024;7;20
2024-07-20;fausto fawcett na cabeça;B2200412200000;documentário;brasil;600;11902.85;ludwig maia arthouse distribuidora de filmes ltda;22808.0;05.249.852/0001-30;2024;7;20
2024-07-18;até o fim;B2000499200000;ficção;brasil;74;1129.14;elo audiovisual serviços ltda;5672.0;07.700.630/0001-18;2024;7;18
2024-07-18;blue lock: episode nagi;E2400213300000;animação;japão;5722;124909.62;columbia tristar filmes do brasil ltda;84.0;00.979.601/0001-98;2024;7;18
2024-07-18;divertimento;E2400232600000;ficção;frança;2491;46006.48;tag cultural distribuidora de filmes ltda;173.0;03.599.148/0001-82;2024;7;18
2024-07-18;greice;B2400164900000;ficção;portugal;10;100.0;kompanhia teatro multimídia de são paulo;57643.0;60.740.149/0001-39;2024;7;18
2024-07-18;greice;B2400164900000;ficção;portugal;2905;32735.72;vitrine filmes ltda;16713.0;11.620.976/0001-83;2024;7;18
2024-07-18;la estratégia del mero;B2300315200000;ficção;brasil;532;8777.34;bretz filmes distribuidora e produtora ltda - epp;19243.0;39.079.678/0001-47;2024;7;18
2024-07-18;lo que queda en el camino;B2200307000000;documentário;alemanha;185;2840.83;lira filmes produções ltda me;28406.0;21.054.261/0001-64;2024;7;18
2024-07-18;rapito;E2400202200000;ficção;alemanha;13929;299498.77;providence distribuidora de filmes ltda;12443.0;08.656.129/0001-64;2024;7;18
2024-07-18;wake up;E2400193600000;ficção;frança;34334;658969.07;wmix distribuidora ltda.;1935.0;03.918.609/0001-32;2024;7;18
2024-07-18;zhong quan ba gong;E2400256900000;ficção;china;12887;264599.08;sm distribuidora de filmes ltda;11922.0;08.257.054/0001-49;2024;7;18
2024-07-11;crossing;E2400198200000;ficção;dinamarca;8663;157863.61;o2 produções artísticas e cinematográficas ltda.;63.0;67.431.718/0001-03;2024;7;11
2024-07-11;fly me to the moon;E2400186000000;ficção;estados unidos;55944;1559559.8;columbia tristar filmes do brasil ltda;84.0;00.979.601/0001-98;2024;7;11
2024-07-11;luccas e gi em: dinossauros;B2400249400000;ficção;brasil;100144;1705511.15;h2o distribuidora de filmes ltda;21541.0;15.372.472/0001-42;2024;7;11
2024-07-11;maxxxine;E2400222100000;ficção;estados unidos;146917;2829412.0;warner bros. (south) inc.;265.0;33.015.827/0001-28;2024;7;11
2024-07-11;ninguém sai vivo daqui;B2300186300000;ficção;brasil;1018;18218.11;gullane entretenimento s.a.;848.0;01.378.559/0001-12;2024;7;11
2024-07-11;twisters;E2400159600000;ficção;estados unidos;622957;13279300.8;warner bros. (south) inc.;265.0;33.015.827/0001-28;2024;7;11
2024-07-04;a flor do buriti;B2300570500000;ficção;portugal;4298;53737.34;embauba filmes ltda;23638.0;15.144.532/0001-70;2024;7;4
2024-07-04;a flor do buriti;B2300570500000;ficção;portugal;40;1024.0;kompanhia teatro multimídia de são paulo;57643.0;60.740.149/0001-39;2024;7;4
2024-07-04;ci´ancora domani;E2400190300000;ficção;itália;19332;383745.98;providence distribuidora de filmes ltda;12443.0;08.656.129/0001-64;2024;7;4
2024-07-04;despicable me 4;E2400050500000;animação;estados unidos;7935938;152543768.3;warner bros. (south) inc.;265.0;33.015.827/0001-28;2024;7;4
2024-07-04;late night with the devil;E2400176800000;ficção;austrália;90185;1773407.48;diamond films do brasil produção e distribuição audiovisual ltda.;22724.0;17.095.184/0001-13;2024;7;4
2024-07-04;orlando, ma biographie politique;E2400084300000;documentário;frança;4792;84848.54;cineclube pau brasil;2685.0;29.171.311/0001-03;2024;7;4
2024-06-27;a quiet place: day one;E2400134100000;ficção;estados unidos;1443063;29115604.15;paramount pictures brasil distribuidora de filmes ltda;169.0;27.654.722/0001-16;2024;6;27
2024-06-27;casa izabel;B2300002900000;ficção;brasil;933;12003.38;moro comunicacao ltda;5224.0;03.827.382/0001-10;2024;6;27
2024-06-27;casa izabel;B2300002900000;ficção;brasil;60;999.62;olhar distribuicao de filmes ltda;37242.0;28.083.221/0001-90;2024;6;27
2024-06-27;salamandra;B2300469100000;ficção;bélgica;925;11443.12;providence distribuidora de filmes ltda;12443.0;08.656.129/0001-64;2024;6;27
2024-06-27;testament;E2400217500000;ficção;canadá;13238;282872.19;tag cultural distribuidora de filmes ltda;173.0;03.599.148/0001-82;2024;6;27
2024-06-27;the feeling that the time for doing something has passed;E2400222500000;ficção;estados unidos;1096;12895.44;synapse brazil licenciamento de direitos audiovisuais ltda;277.0;02.185.369/0001-41;2024;6;27
2024-06-27;the great escaper;E2400091800000;ficção;frança;16886;404561.5;diamond films do brasil produção e distribuição audiovisual ltda.;22724.0;17.095.184/0001-13;2024;6;27
2024-06-27;tô de graça - o filme;B2400057900000;ficção;brasil;193630;3404950.34;sm distribuidora de filmes ltda;11922.0;08.257.054/0001-49;2024;6;27
2024-06-20;bandida;B2400093000000;ficção;brasil;26286;534893.84;sm distribuidora de filmes ltda;11922.0;08.257.054/0001-49;2024;6;20
2024-06-20;cinderella's curse;E2400214500000;ficção;reino unido;2545;43259.77;a2 distribuidora de filmes ltda epp;34811.0;18.338.912/0001-33;2024;6;20
2024-06-20;ghost: rite here rite now;E2400185600000;vídeomusical;estados unidos;11481;313015.08;united cinemas international brasil ltda.;749.0;01.289.530/0001-64;2024;6;20
2024-06-20;inside out 2;E2400179900000;animação;estados unidos;22471805;444444062.67;the walt disney company (brasil) ltda.;18398.0;73.042.962/0001-87;2024;6;20
2024-06-20;o estranho;B2400020300000;ficção;frança;799;9049.21;embauba filmes ltda;23638.0;15.144.532/0001-70;2024;6;20
2024-06-20;the bikeriders;E2400070700000;ficção;estados unidos;29252;710019.06;warner bros. (south) inc.;265.0;33.015.827/0001-28;2024;6;20
2024-06-20;to kalokairi tis karmen;E2400017100000;ficção;grécia;230;2718.63;tag cultural distribuidora de filmes ltda;173.0;03.599.148/0001-82;2024;6;20
2024-06-13;13 sentimentos;B2400158500000;ficção;brasil;6829;109804.68;vitrine filmes ltda;16713.0;11.620.976/0001-83;2024;6;13
2024-06-13;a estação;B2300257900000;ficção;brasil;526;8797.46;vaca amarela filmes eireli;17148.0;10.407.637/0001-50;2024;6;13
2024-06-13;amelia´s children;E2400023000000;ficção;portugal;74656;1281301.43;wmix distribuidora ltda.;1935.0;03.918.609/0001-32;2024;6;13
2024-06-13;avassaladoras 2.0;B2400119900000;ficção;brasil;11100;179154.51;the walt disney company (brasil) ltda.;18398.0;73.042.962/0001-87;2024;6;13
2024-06-13;le ravissement;E2400176700000;ficção;frança;1733;33861.7;tag cultural distribuidora de filmes ltda;173.0;03.599.148/0001-82;2024;6;13
2024-06-13;l´ordine del tempo;E2400178000000;ficção;itália;5195;91600.99;providence distribuidora de filmes ltda;12443.0;08.656.129/0001-64;2024;6;13
2024-06-13;mallandro, o errado que deu certo;B2400012200000;ficção;brasil;15913;275892.0;freespirit distribuidora de filmes ltda.;4904.0;07.616.202/0001-01;2024;6;13
2024-06-13;naughty;E2400119200000;ficção;rússia;3945;67226.19;playarte pictures entretenimentos ltda.;443.0;00.943.231/0001-39;2024;6;13
2024-06-13;o anel de eva;B2200497100000;ficção;brasil;730;9415.57;elo audiovisual serviços ltda;5672.0;07.700.630/0001-18;2024;6;13
2024-06-13;ordinary angels;E2400143100000;ficção;estados unidos;32182;618256.51;columbia tristar filmes do brasil ltda;84.0;00.979.601/0001-98;2024;6;13
2024-06-13;porto príncipe;B2200266500000;ficção;brasil;258;5528.11;o2 produções artísticas e cinematográficas ltda.;63.0;67.431.718/0001-03;2024;6;13
2024-06-12;hit man;E2400091500000;ficção;estados unidos;117290;2231612.0;diamond films do brasil produção e distribuição audiovisual ltda.;22724.0;17.095.184/0001-13;2024;6;12
2024-06-06;bad boys: ride or die;E2400091300000;ficção;estados unidos;1960087;35645253.58;columbia tristar filmes do brasil ltda;84.0;00.979.601/0001-98;2024;6;6
2024-06-06;bonnard, pierre et marthe;E2400172900000;ficção;bélgica;5121;104906.65;antonio fernandes filmes ltda;532.0;02.668.665/0001-01;2024;6;6
2024-06-06;grande sertão;B2400132900000;ficção;brasil;40335;731847.08;sm distribuidora de filmes ltda;11922.0;08.257.054/0001-49;2024;6;6
2024-06-06;letícia;B2400123800000;ficção;brasil;3358;51804.5;diez producoes e entretenimento ltda;41252.0;31.447.610/0001-61;2024;6;6
2024-06-06;nine 1/2 weeks;E2400131600000;ficção;estados unidos;1274;23110.65;a2 distribuidora de filmes ltda epp;34811.0;18.338.912/0001-33;2024;6;6
2024-06-06;poolman;E2400124200000;ficção;estados unidos;2552;55768.71;diamond films do brasil produção e distribuição audiovisual ltda.;22724.0;17.095.184/0001-13;2024;6;6
2024-06-06;the watchers;E2400161200000;ficção;estados unidos;185942;3156069.48;warner bros. (south) inc.;265.0;33.015.827/0001-28;2024;6;6
2024-05-30;1798 revolta dos búzios;B1800307800000;documentário;brasil;6894;91262.83;abará produção audiovisual ltda;47901.0;40.476.829/0001-80;2024;5;30
2024-05-30;a festa de léo;B2300440300000;ficção;brasil;1377;20630.68;bretz filmes distribuidora e produtora ltda - epp;19243.0;39.079.678/0001-47;2024;5;30
2024-05-30;a filha do palhaço;B2300468500000;ficção;brasil;5391;57704.44;embauba filmes ltda;23638.0;15.144.532/0001-70;2024;5;30
2024-05-30;a filha do palhaço;B2300468500000;ficção;brasil;4;40.0;kompanhia teatro multimídia de são paulo;57643.0;60.740.149/0001-39;2024;5;30
2024-05-30;a metade de nós;B2200246300000;ficção;brasil;12;120.0;kompanhia teatro multimídia de são paulo;57643.0;60.740.149/0001-39;2024;5;30
2024-05-30;a metade de nós;B2200246300000;ficção;brasil;1043;14904.75;providence distribuidora de filmes ltda;12443.0;08.656.129/0001-64;2024;5;30
2024-05-30;ayeh haye zamini;E2400148800000;ficção;irã;6873;141036.9;tag cultural distribuidora de filmes ltda;173.0;03.599.148/0001-82;2024;5;30
2024-05-30;haikyu!! the dumpster battle;E2400160000000;animação;japão;113735;2124693.63;columbia tristar filmes do brasil ltda;84.0;00.979.601/0001-98;2024;5;30
2024-05-30;immaculate;E2400058200000;ficção;estados unidos;476657;8045505.71;diamond films do brasil produção e distribuição audiovisual ltda.;22724.0;17.095.184/0001-13;2024;5;30
2024-05-30;master gardener;E2400178100000;ficção;estados unidos;6434;122746.3;providence distribuidora de filmes ltda;12443.0;08.656.129/0001-64;2024;5;30
2024-05-30;meu sangue ferve por você;B2400077000000;ficção;brasil;22497;400616.6;vitrine filmes ltda;16713.0;11.620.976/0001-83;2024;5;30
2024-05-30;paterno;B2100339300000;ficção;brasil;47;517.5;ludwig maia arthouse distribuidora de filmes ltda;22808.0;05.249.852/0001-30;2024;5;30
2024-05-30;telas;B2300212800000;documentário;brasil;26;514.52;o2 produções artísticas e cinematográficas ltda.;63.0;67.431.718/0001-03;2024;5;30
2024-05-30;the chosen;E2400176000000;ficção;estados unidos;51297;968665.87;sm distribuidora de filmes ltda;11922.0;08.257.054/0001-49;2024;5;30
2024-05-30;the good mother;E2400031600000;ficção;estados unidos;315;6756.57;a2 distribuidora de filmes ltda epp;34811.0;18.338.912/0001-33;2024;5;30
2024-05-30;the strangers: chapter 1;E2400123500000;ficção;estados unidos;169491;2926085.85;sm distribuidora de filmes ltda;11922.0;08.257.054/0001-49;2024;5;30
2024-05-30;toda noite estarei lá;B2300007600000;documentário;brasil;731;6646.0;descoloniza filmes e producoes artisticas ltda;43301.0;33.427.044/0001-51;2024;5;30
2024-05-23;a alegria é a prova dos nove;B2300037800000;ficção;brasil;389;5510.32;mercurio producoes ltda;1436.0;04.760.800/0001-61;2024;5;23
2024-05-23;armageddon - os carros mais rápidos do brasil, edição 9;B2400133900000;documentário;brasil;1226;22586.02;ruschel studios cinematograficos ltda;6488.0;07.271.440/0001-22;2024;5;23
2024-05-23;de repente, miss!;B2300374700000;ficção;brasil;15601;274873.84;elo audiovisual serviços ltda;5672.0;07.700.630/0001-18;2024;5;23
2024-05-23;de você fiz meu samba;B2300376600000;documentário;brasil;91;910.0;vereda filmes ltda;12958.0;08.741.983/0001-29;2024;5;23
2024-05-23;furiosa: a mad max saga;E2400121400000;ficção;estados unidos;1002449;19997796.65;warner bros. (south) inc.;265.0;33.015.827/0001-28;2024;5;23
2024-05-23;monkey man;E2400091700000;ficção;canadá;30851;605916.57;diamond films do brasil produção e distribuição audiovisual ltda.;22724.0;17.095.184/0001-13;2024;5;23
2024-05-23;morando com o crush;B2400144500000;ficção;brasil;19436;366141.03;sm distribuidora de filmes ltda;11922.0;08.257.054/0001-49;2024;5;23
2024-05-23;mundo novo;B2200454600000;ficção;brasil;398;5160.21;o2 produções artísticas e cinematográficas ltda.;63.0;67.431.718/0001-03;2024;5;23
2024-05-23;ospina cali colômbia;E2400112100000;documentário;portugal;22;374.4;treze de maio distribuidora e produtora ltda;52561.0;40.379.968/0001-95;2024;5;23
2024-05-23;skazka;E2400167000000;ficção;rússia;2983;47370.67;tag cultural distribuidora de filmes ltda;173.0;03.599.148/0001-82;2024;5;23
2024-05-23;sometimes i think about dying;E2400127300000;ficção;estados unidos;3297;59666.6;synapse brazil licenciamento de direitos audiovisuais ltda;277.0;02.185.369/0001-41;2024;5;23
2024-05-23;the shift;E2400164500000;ficção;estados unidos;6836;125265.6;cinemark brasil s.a;1843.0;00.779.721/0001-41;2024;5;23
2024-05-16;a hora da estrela;B0300040500000;ficção;brasil;18969;184228.1;vitrine filmes ltda;16713.0;11.620.976/0001-83;2024;5;16
2024-05-16;back to black;E2400053900000;ficção;estados unidos;107994;2812699.72;warner bros. (south) inc.;265.0;33.015.827/0001-28;2024;5;16
2024-05-16;beautiful wedding;E2300575500000;ficção;estados unidos;30649;589606.43;diamond films do brasil produção e distribuição audiovisual ltda.;22724.0;17.095.184/0001-13;2024;5;16
2024-05-16;if;E2400134300000;ficção;estados unidos;942167;17130013.99;paramount pictures brasil distribuidora de filmes ltda;169.0;27.654.722/0001-16;2024;5;16
2024-05-16;l'étoile filante;E2400129700000;ficção;bélgica;1666;29195.53;providence distribuidora de filmes ltda;12443.0;08.656.129/0001-64;2024;5;16
2024-05-16;maestro(s);E2400144700000;ficção;frança;2139;43869.91;bonfilm produção e distribuição audiovisual ltda;14462.0;10.383.039/0001-99;2024;5;16
2024-05-16;o ultimo episódio;B2300130000000;ficção;brasil;280;700.0;embauba filmes ltda;23638.0;15.144.532/0001-70;2024;5;16
2024-05-16;someday we'll tell each other everything;E2300372400000;ficção;alemanha;4182;90367.14;tag cultural distribuidora de filmes ltda;173.0;03.599.148/0001-82;2024;5;16
2024-05-16;tarot;E2400072900000;ficção;estados unidos;230943;4342677.34;columbia tristar filmes do brasil ltda;84.0;00.979.601/0001-98;2024;5;16
2024-05-16;the chosen;E2400163000000;ficção;estados unidos;66418;1294414.52;sm distribuidora de filmes ltda;11922.0;08.257.054/0001-49;2024;5;16
2024-05-15;til all are one: transformers 40th anniversary event;E2400145800000;animação;estados unidos;344;6484.08;united cinemas international brasil ltda.;749.0;01.289.530/0001-64;2024;5;15
2024-05-09;diálogos com ruth de souza;B2100449500000;documentário;brasil;507;6203.67;preta portê filmes e produções culturais ltda;16197.0;11.265.176/0001-91;2024;5;9
2024-05-09;foram os sussurros que me mataram;B2300288600000;ficção;brasil;273;2717.6;olhar distribuicao de filmes ltda;37242.0;28.083.221/0001-90;2024;5;9
2024-05-09;kingdom of the planet of the apes;E2400098400000;ficção;estados unidos;2923714;57013717.23;the walt disney company (brasil) ltda.;18398.0;73.042.962/0001-87;2024;5;9
2024-05-09;vermelho monet;B2300276400000;ficção;brasil;3481;51554.92;providence distribuidora de filmes ltda;12443.0;08.656.129/0001-64;2024;5;9
2024-05-02;férias trocadas;B2300278000000;ficção;brasil;122730;2320309.79;sm distribuidora de filmes ltda;11922.0;08.257.054/0001-49;2024;5;2
2024-05-02;guadalupe - madre dela humanidad;E2400036800000;religiosa;espanha;31007;512742.02;am de morais producoes e eventos;51361.0;13.489.036/0001-22;2024;5;2
2024-05-02;here;E2300387200000;ficção;bélgica;1485;18555.04;zeta filmes ltda;22936.0;02.469.679/0001-98;2024;5;2
2024-05-02;love lies bleeding;E2400106900000;ficção;estados unidos;23743;404880.35;synapse brazil licenciamento de direitos audiovisuais ltda;277.0;02.185.369/0001-41;2024;5;2
2024-05-02;sleeping dogs;E2400049300000;ficção;austrália;45564;1075178.87;wmix distribuidora ltda.;1935.0;03.918.609/0001-32;2024;5;2
2024-05-02;the chosen;E2400142000000;ficção;Não informado;111434;2156852.21;sm distribuidora de filmes ltda;11922.0;08.257.054/0001-49;2024;5;2
2024-05-02;the fall guy;E2300468100000;ficção;estados unidos;355759;7407627.22;warner bros. (south) inc.;265.0;33.015.827/0001-28;2024;5;2
2024-05-02;transe;B2400145900000;ficção;brasil;1383;20856.75;ludwig maia arthouse distribuidora de filmes ltda;22808.0;05.249.852/0001-30;2024;5;2
2024-05-02;transe;B2400145900000;ficção;brasil;20;252.63;vereda filmes ltda;12958.0;08.741.983/0001-29;2024;5;2
2024-05-02;une belle course;E2400100800000;ficção;bélgica;10620;231442.97;antonio fernandes filmes ltda;532.0;02.668.665/0001-01;2024;5;2
2024-05-02;verissimo;B2300097900000;documentário;brasil;2695;43624.62;boulevard filmes ltda;17484.0;12.126.484/0001-07;2024;5;2
2024-05-01;garfield;E2300503600000;ficção;estados unidos;1844407;35496424.36;columbia tristar filmes do brasil ltda;84.0;00.979.601/0001-98;2024;5;1
2024-04-25;aumenta que é rock'n'roll;B2400018000000;ficção;brasil;27040;560889.18;h2o distribuidora de filmes ltda;21541.0;15.372.472/0001-42;2024;4;25
2024-04-25;boy kills world;E2400104400000;ficção;estados unidos;16468;331217.79;sm distribuidora de filmes ltda;11922.0;08.257.054/0001-49;2024;4;25
2024-04-25;challengers;E2400062000000;ficção;estados unidos;186158;4355426.79;warner bros. (south) inc.;265.0;33.015.827/0001-28;2024;4;25
2024-04-25;club zero;E2400091400000;ficção;alemanha;1619;27058.79;providence distribuidora de filmes ltda;12443.0;08.656.129/0001-64;2024;4;25
2024-04-25;plan 75;E2400068200000;ficção;japão;1620;33297.94;sa distribuidora de conteúdo audiovisual ltda;45604.0;33.356.343/0001-42;2024;4;25
2024-04-25;simple comme sylvain;E2400114800000;ficção;canadá;5832;118954.24;tag cultural distribuidora de filmes ltda;173.0;03.599.148/0001-82;2024;4;25
2024-04-25;spy x family code: white;E2400015400000;animação;japão;79195;1586732.69;columbia tristar filmes do brasil ltda;84.0;00.979.601/0001-98;2024;4;25
2024-04-25;vidro fumê;B1900434900000;ficção;brasil;13;250.26;unifilmes distribuidora, importadora e exportadora de filmes ltda;17810.0;12.452.477/0001-97;2024;4;25
2024-04-25;winnie-the-pooh: blood and honey 2;E2400104900000;ficção;reino unido;43287;822339.09;wmix distribuidora ltda.;1935.0;03.918.609/0001-32;2024;4;25
2024-04-24;aespa: world tour in cinemas;E2400072400000;vídeomusical;coréia do sul;4160;98779.36;united cinemas international brasil ltda.;749.0;01.289.530/0001-64;2024;4;24
2024-04-18;abigail;E2400041200000;ficção;estados unidos;117967;2239308.33;warner bros. (south) inc.;265.0;33.015.827/0001-28;2024;4;18
2024-04-18;civil war;E2400066500000;ficção;estados unidos;950791;21938114.39;diamond films do brasil produção e distribuição audiovisual ltda.;22724.0;17.095.184/0001-13;2024;4;18
2024-04-18;et la fête continue!;E2400102200000;ficção;frança;3379;60321.08;tag cultural distribuidora de filmes ltda;173.0;03.599.148/0001-82;2024;4;18
2024-04-18;jorge da capadócia;B2300067300000;ficção;brasil;39862;825815.63;sm distribuidora de filmes ltda;11922.0;08.257.054/0001-49;2024;4;18
2024-04-18;josé aparecido de oliveira - o maior mineiro do mundo;B1900477300000;documentário;brasil;51;925.0;treze de maio distribuidora e produtora ltda;52561.0;40.379.968/0001-95;2024;4;18
2024-04-18;sem coração;B2400126700000;ficção;itália;31;310.0;kompanhia teatro multimídia de são paulo;57643.0;60.740.149/0001-39;2024;4;18
2024-04-18;sem coração;B2400126700000;ficção;itália;5813;54505.49;vitrine filmes ltda;16713.0;11.620.976/0001-83;2024;4;18
2024-04-18;silver haze;E2300345200000;ficção;holanda;209;4287.03;bitelli films ltda;52026.0;47.721.628/0001-40;2024;4;18
2024-04-18;um tiro no escuro;B2300243500000;documentário;brasil;83;830.0;magnifica locacoes ltda;20529.0;09.112.697/0001-67;2024;4;18
2024-04-18;vidente por acidente;B2400009100000;ficção;brasil;14232;272518.06;the walt disney company (brasil) ltda.;18398.0;73.042.962/0001-87;2024;4;18
2024-04-18;zielona granica;E2400099200000;ficção;alemanha;362;6197.37;a2 distribuidora de filmes ltda epp;34811.0;18.338.912/0001-33;2024;4;18
2024-04-16;la chimera;E2300580200000;ficção;itália;12034;187502.07;mostra de cinema, cultura e eventos ltda;29957.0;18.167.238/0001-71;2024;4;16
2024-04-16;pearl jam - dark matter - global theatrical experience - one night only;E2400118000000;vídeomusical;inglaterra;1864;61576.92;united cinemas international brasil ltda.;749.0;01.289.530/0001-64;2024;4;16
2024-04-11;10 lives;E2400096400000;animação;reino unido;53837;1146209.51;sm distribuidora de filmes ltda;11922.0;08.257.054/0001-49;2024;4;11
2024-04-11;20.000 especies de abejas;E2400089600000;ficção;espanha;3254;50153.77;tag cultural distribuidora de filmes ltda;173.0;03.599.148/0001-82;2024;4;11
2024-04-11;a paixão segundo g.h;B2000312200000;ficção;brasil;23527;416750.35;sm distribuidora de filmes ltda;11922.0;08.257.054/0001-49;2024;4;11
2024-04-11;a serena onda que o mar me trouxe;B2300243400000;documentário;brasil;406;3727.0;interagir cultural producoes cinematograficas ltda;39351.0;29.942.476/0001-23;2024;4;11
2024-04-11;after death;E2300571000000;documentário;estados unidos;2627;59934.18;synapse brazil licenciamento de direitos audiovisuais ltda;277.0;02.185.369/0001-41;2024;4;11
2024-04-11;as linhas da minha mão;B2300145400000;documentário;brasil;1406;15249.48;embauba filmes ltda;23638.0;15.144.532/0001-70;2024;4;11
2024-04-11;as linhas da minha mão;B2300145400000;documentário;brasil;1;10.0;kompanhia teatro multimídia de são paulo;57643.0;60.740.149/0001-39;2024;4;11
2024-04-11;evidências do amor;E2400069300000;ficção;estados unidos;296181;6072119.37;warner bros. (south) inc.;265.0;33.015.827/0001-28;2024;4;11
2024-04-11;ghostbusters: frozen empire;E2300504800000;ficção;estados unidos;484769;9817176.94;columbia tristar filmes do brasil ltda;84.0;00.979.601/0001-98;2024;4;11
2024-04-11;making of;E2400102300000;ficção;frança;330;5011.87;bonfilm produção e distribuição audiovisual ltda;14462.0;10.383.039/0001-99;2024;4;11
2024-04-11;the pot au feu;E2300529700000;ficção;frança;42023;1018703.99;diamond films do brasil produção e distribuição audiovisual ltda.;22724.0;17.095.184/0001-13;2024;4;11
2024-04-11;uma baía;B1900272800000;documentário;brasil;321;4812.94;cinema brasil digital - escritório de planej. empr. aud. ltda;828.0;68.317.445/0001-33;2024;4;11
2024-04-10;suga - agust d tour ‘d-day’ the movie;E2400085200000;vídeomusical;coréia do sul;88736;3185575.77;united cinemas international brasil ltda.;749.0;01.289.530/0001-64;2024;4;10
2024-04-04;a matéria noturna;B2100472100000;ficção;brasil;431;4393.7;olhar distribuicao de filmes ltda;37242.0;28.083.221/0001-90;2024;4;4
2024-04-04;arthur the king;E2400002700000;ficção;estados unidos;97067;2223199.55;diamond films do brasil produção e distribuição audiovisual ltda.;22724.0;17.095.184/0001-13;2024;4;4
2024-04-04;bis ans ende der nacht;E2400002800000;ficção;alemanha;729;10895.99;tag cultural distribuidora de filmes ltda;173.0;03.599.148/0001-82;2024;4;4
2024-04-04;domingo à noite;B2200374800000;ficção;brasil;2426;44633.74;o2 produções artísticas e cinematográficas ltda.;63.0;67.431.718/0001-03;2024;4;4
2024-04-04;dream scenario;E2300529600000;ficção;estados unidos;20178;508743.07;antonio fernandes filmes ltda;532.0;02.668.665/0001-01;2024;4;4
2024-04-04;meu amigo lorenzo;B2400036400000;documentário;brasil;757;14241.84;atman filmes e criações ltda;28772.0;19.988.239/0001-40;2024;4;4
2024-04-04;morte, vida e sorte;B2300444300000;ficção;brasil;173;3316.91;unifilmes distribuidora, importadora e exportadora de filmes ltda;17810.0;12.452.477/0001-97;2024;4;4
2024-04-04;music;E2400093300000;ficção;alemanha;325;3786.72;zeta filmes ltda;22936.0;02.469.679/0001-98;2024;4;4
2024-04-04;sara, lia e léia, licença para enlouquecer;B2400093600000;ficção;brasil;367;7706.26;pipa nativa produção cultural ltda;5467.0;05.933.574/0001-36;2024;4;4
2024-04-04;the first omen;E2400073000000;ficção;estados unidos;349687;7068265.37;the walt disney company (brasil) ltda.;18398.0;73.042.962/0001-87;2024;4;4
2024-04-04;uma família feliz;B2400083700000;ficção;brasil;41887;853185.01;providence distribuidora de filmes ltda;12443.0;08.656.129/0001-64;2024;4;4
2024-03-28;dois é demais em orlando;B2400052600000;ficção;brasil;74950;1555208.47;h2o distribuidora de filmes ltda;21541.0;15.372.472/0001-42;2024;3;28
2024-03-28;dona lurdes, o filme;B2400089500000;ficção;brasil;36189;761823.24;globo comunicacao e participacoes s/a;4727.0;27.865.757/0001-02;2024;3;28
2024-03-28;godzilla x kong: the new empire;E2400055800000;ficção;estados unidos;2143430;43059032.05;warner bros. (south) inc.;265.0;33.015.827/0001-28;2024;3;28
2024-03-28;high & low - john galliano;E2400058100000;documentário;estados unidos;554;14547.75;o2 produções artísticas e cinematográficas ltda.;63.0;67.431.718/0001-03;2024;3;28
2024-03-28;jango no exílio;B2300201800000;documentário;brasil;1073;13525.1;synapse brazil licenciamento de direitos audiovisuais ltda;277.0;02.185.369/0001-41;2024;3;28
2024-03-28;juniper;E2400080900000;ficção;nova zelândia;4299;78633.99;providence distribuidora de filmes ltda;12443.0;08.656.129/0001-64;2024;3;28
2024-03-28;mother´s instinct;E2300554400000;ficção;estados unidos;54569;1398264.76;wmix distribuidora ltda.;1935.0;03.918.609/0001-32;2024;3;28
2024-03-28;nada será como antes - a música do clube da esquina;B2300166100000;documentário;brasil;18950;210628.76;lira filmes produções ltda me;28406.0;21.054.261/0001-64;2024;3;28
2024-03-28;rien à perdre;E2400054200000;ficção;frança;1799;28655.11;tag cultural distribuidora de filmes ltda;173.0;03.599.148/0001-82;2024;3;28
2024-03-27;hate to love: nickelback;E2400085100000;documentário;canadá;918;20519.2;united cinemas international brasil ltda.;749.0;01.289.530/0001-64;2024;3;27
2024-03-23;espumas ao vento;B2200449200000;ficção;brasil;133;2100.4;cavideo produções comércio e locação de filmes ltda;11893.0;01.666.326/0001-15;2024;3;23
2024-03-21;alice in terrorland;E2300564500000;ficção;reino unido;11981;232503.95;a2 distribuidora de filmes ltda epp;34811.0;18.338.912/0001-33;2024;3;21
2024-03-21;khitrovka. znak chetyryokh;E2300553300000;ficção;rússia;1066;16034.64;união municipal dos estudantes secundaristas;15603.0;57.277.113/0001-56;2024;3;21
2024-03-21;kung fu panda 4;E2400009900000;animação;estados unidos;2148234;42583017.45;warner bros. (south) inc.;265.0;33.015.827/0001-28;2024;3;21
2024-03-21;morcego negro;B2300099200000;documentário;brasil;8;60.0;kompanhia teatro multimídia de são paulo;57643.0;60.740.149/0001-39;2024;3;21
2024-03-21;morcego negro;B2300099200000;documentário;brasil;1083;12149.46;terra firme produções cinematográficas ltda;13354.0;09.260.004/0001-83;2024;3;21
2024-03-21;saudosa maloca;B2300551000000;ficção;brasil;20987;365742.72;elo audiovisual serviços ltda;5672.0;07.700.630/0001-18;2024;3;21
2024-03-21;the chosen;E2400073700000;ficção;estados unidos;716843;14092206.9;sm distribuidora de filmes ltda;11922.0;08.257.054/0001-49;2024;3;21
2024-03-21;the first day of my life;E2400053500000;ficção;itália;3493;63509.81;providence distribuidora de filmes ltda;12443.0;08.656.129/0001-64;2024;3;21
2024-03-14;imaginary;E2400036900000;ficção;estados unidos;176754;3368320.58;sm distribuidora de filmes ltda;11922.0;08.257.054/0001-49;2024;3;14
2024-03-14;kuru otlar üstüne;E2300533900000;ficção;turquia;3011;48292.15;tag cultural distribuidora de filmes ltda;173.0;03.599.148/0001-82;2024;3;14
2024-03-14;lilith;B2300408500000;ficção;brasil;617;6883.84;providence distribuidora de filmes ltda;12443.0;08.656.129/0001-64;2024;3;14
2024-03-14;lupicínio rodrigues - confissões de um sofredor;B2300401000000;documentário;brasil;3043;41391.39;o2 produções artísticas e cinematográficas ltda.;63.0;67.431.718/0001-03;2024;3;14
2024-03-14;one life;E2300569900000;ficção;inglaterra;104201;2855910.47;diamond films do brasil produção e distribuição audiovisual ltda.;22724.0;17.095.184/0001-13;2024;3;14
2024-03-14;viver mal;E2300387500000;ficção;frança;182;3274.59;zeta filmes ltda;22936.0;02.469.679/0001-98;2024;3;14
2024-03-14;youssef salem a du succès;E2400057000000;ficção;frança;1246;23853.98;bonfilm produção e distribuição audiovisual ltda;14462.0;10.383.039/0001-99;2024;3;14
2024-03-11;vocal livre (tempo)ral ao vivo;B2400047700000;vídeomusical;brasil;2687;78423.4;am de morais producoes e eventos;51361.0;13.489.036/0001-22;2024;3;11
2024-03-07;20 dniv u mariupoli;E2400053600000;documentário;ucrânia;2324;38436.81;synapse brazil licenciamento de direitos audiovisuais ltda;277.0;02.185.369/0001-41;2024;3;7
2024-03-07;all of us strangers;E2300511000000;ficção;estados unidos;21219;443070.83;the walt disney company (brasil) ltda.;18398.0;73.042.962/0001-87;2024;3;7
2024-03-07;apaixonada;B2400036500000;ficção;brasil;17019;343673.31;wmix distribuidora ltda.;1935.0;03.918.609/0001-32;2024;3;7
2024-03-07;hamlet;B2400038600000;documentário;brasil;183;2089.0;anti filmes producoes ltda;18080.0;10.780.165/0001-87;2024;3;7
2024-03-07;leave;E2300467900000;ficção;noruega;41542;837873.24;playarte pictures entretenimentos ltda.;443.0;00.943.231/0001-39;2024;3;7
2024-03-07;les filles d'olfa;E2400053400000;documentário;alemanha;1563;23643.39;synapse brazil licenciamento de direitos audiovisuais ltda;277.0;02.185.369/0001-41;2024;3;7
2024-03-07;no way up;E2300527300000;ficção;reino unido;173143;3289669.88;diamond films do brasil produção e distribuição audiovisual ltda.;22724.0;17.095.184/0001-13;2024;3;7
2024-03-07;o último animal;E2400030600000;ficção;portugal;440;5920.0;cinecolor do brasil ltda;2631.0;05.332.959/0001-48;2024;3;7
2024-03-07;os farofeiros 2;B2400012600000;ficção;brasil;1913522;36468385.54;freespirit distribuidora de filmes ltda.;4904.0;07.616.202/0001-01;2024;3;7
2024-03-07;the iron claw;E2400016800000;ficção;estados unidos;11896;291412.88;antonio fernandes filmes ltda;532.0;02.668.665/0001-01;2024;3;7
2024-03-07;utopia tropical;B2300363900000;documentário;brasil;576;9599.66;o2 produções artísticas e cinematográficas ltda.;63.0;67.431.718/0001-03;2024;3;7
2024-02-29;amanhã;B2200397500000;documentário;brasil;90;1213.79;descoloniza filmes e producoes artisticas ltda;43301.0;33.427.044/0001-51;2024;2;29
2024-02-29;dune: part two;E2300354600000;ficção;estados unidos;1597663;37850895.78;warner bros. (south) inc.;265.0;33.015.827/0001-28;2024;2;29
2024-02-29;empirion: uma aventura com einstein;B2300396300000;ficção;brasil;2126;47434.0;anagua filmes ltda;5772.0;07.337.401/0001-80;2024;2;29
2024-02-29;io, capitano;E2400051900000;ficção;bélgica;8637;136402.07;providence distribuidora de filmes ltda;12443.0;08.656.129/0001-64;2024;2;29
2024-02-29;la sirvienta;E2400037000000;ficção;espanha;2264;38316.02;am de morais producoes e eventos;51361.0;13.489.036/0001-22;2024;2;29
2024-02-29;land of bad;E2400002900000;ficção;estados unidos;142690;2425063.09;wmix distribuidora ltda.;1935.0;03.918.609/0001-32;2024;2;29
2024-02-29;the retirement plan;E2300333600000;ficção;canadá;1012;18491.21;a2 distribuidora de filmes ltda epp;34811.0;18.338.912/0001-33;2024;2;29
2024-02-29;the snow queen and the princess;E2400035400000;animação;rússia;1307;23035.09;playarte pictures entretenimentos ltda.;443.0;00.943.231/0001-39;2024;2;29
2024-02-29;the teacher´s lounge;E2400047000000;ficção;alemanha;12374;253315.49;columbia tristar filmes do brasil ltda;84.0;00.979.601/0001-98;2024;2;29
2024-02-22;blue whale;E2400009800000;ficção;rússia;103484;1329931.46;sm distribuidora de filmes ltda;11922.0;08.257.054/0001-49;2024;2;22
2024-02-22;cedo demais;B2300486200000;ficção;brasil;366;4368.8;the walt disney company (brasil) ltda.;18398.0;73.042.962/0001-87;2024;2;22
2024-02-22;demon slayer: kimetsu no yaiba – to the hashira training;E2400016700000;animação;japão;387485;5377368.55;columbia tristar filmes do brasil ltda;84.0;00.979.601/0001-98;2024;2;22
2024-02-22;ferrari;E2300498900000;ficção;estados unidos;267465;5147575.13;diamond films do brasil produção e distribuição audiovisual ltda.;22724.0;17.095.184/0001-13;2024;2;22
2024-02-22;fogaréu;B2300051700000;ficção;brasil;121;1320.0;ludwig maia arthouse distribuidora de filmes ltda;22808.0;05.249.852/0001-30;2024;2;22
2024-02-22;levante;B2300535000000;ficção;brasil;5;50.0;kompanhia teatro multimídia de são paulo;57643.0;60.740.149/0001-39;2024;2;22
2024-02-22;levante;B2300535000000;ficção;brasil;3027;34985.73;lira filmes produções ltda me;28406.0;21.054.261/0001-64;2024;2;22
2024-02-22;perfect days;E2300581500000;ficção;alemanha;125005;2461297.51;o2 produções artísticas e cinematográficas ltda.;63.0;67.431.718/0001-03;2024;2;22
2024-02-22;the boy and the heron;E2400004400000;animação;japão;437148;7090624.92;sa distribuidora de conteúdo audiovisual ltda;45604.0;33.356.343/0001-42;2024;2;22
2024-02-15;bob marley: one love;E2300561500000;ficção;estados unidos;1266742;22730187.79;paramount pictures brasil distribuidora de filmes ltda;169.0;27.654.722/0001-16;2024;2;15
2024-02-15;horizonte;B2300126400000;ficção;brasil;231;4878.19;a2 distribuidora de filmes ltda epp;34811.0;18.338.912/0001-33;2024;2;15
2024-02-15;masha and the bear - twice the fun;E2400003000000;animação;rússia;165208;2757345.11;sm distribuidora de filmes ltda;11922.0;08.257.054/0001-49;2024;2;15
2024-02-15;the zone of interest;E2300522600000;ficção;estados unidos;187909;3863040.21;diamond films do brasil produção e distribuição audiovisual ltda.;22724.0;17.095.184/0001-13;2024;2;15
2024-02-14;madame web;E2300503800000;ficção;estados unidos;1130056;18334326.35;columbia tristar filmes do brasil ltda;84.0;00.979.601/0001-98;2024;2;14
2024-02-08;baghead;E2300539200000;ficção;reino unido;343216;5836711.85;wmix distribuidora ltda.;1935.0;03.918.609/0001-32;2024;2;8
2024-02-08;ernest et célestine, le voyage en charabie;E2400020000000;animação;frança;783;11895.89;bonfilm produção e distribuição audiovisual ltda;14462.0;10.383.039/0001-99;2024;2;8
2024-02-08;moneyboys;E2400007000000;ficção;áustria;1295;19021.64;providence distribuidora de filmes ltda;12443.0;08.656.129/0001-64;2024;2;8
2024-02-08;the color purple;E2300459900000;ficção;estados unidos;39332;953050.23;warner bros. (south) inc.;265.0;33.015.827/0001-28;2024;2;8
2024-02-08;tout le monde aime jeanne;E2400003100000;ficção;frança;1125;23640.7;tag cultural distribuidora de filmes ltda;173.0;03.599.148/0001-82;2024;2;8
2024-02-01;argylle;E2300489500000;ficção;estados unidos;183921;3624626.81;warner bros. (south) inc.;265.0;33.015.827/0001-28;2024;2;1
2024-02-01;cuando acecha la maldad;E2300568700000;ficção;argentina;105450;2066206.09;sm distribuidora de filmes ltda;11922.0;08.257.054/0001-49;2024;2;1
2024-02-01;gato galactico e o feitiço do tempo;B2300330400000;ficção;brasil;24560;557642.58;synapse brazil licenciamento de direitos audiovisuais ltda;277.0;02.185.369/0001-41;2024;2;1
2024-02-01;los colonos;E2300568800000;ficção;chile;1044;12775.54;o2 produções artísticas e cinematográficas ltda.;63.0;67.431.718/0001-03;2024;2;1
2024-02-01;poor things;E2300389100000;ficção;estados unidos;743678;15763322.25;the walt disney company (brasil) ltda.;18398.0;73.042.962/0001-87;2024;2;1
2024-01-31;pet shop boys dreamworld: the greatest hits;E2400023100000;vídeomusical;inglaterra;1733;46566.99;united cinemas international brasil ltda.;749.0;01.289.530/0001-64;2024;1;31
2024-01-25;anatomy of a fall;E2300448000000;ficção;frança;258815;5789536.53;diamond films do brasil produção e distribuição audiovisual ltda.;22724.0;17.095.184/0001-13;2024;1;25
2024-01-25;anyone but you;E2300442300000;ficção;estados unidos;2113641;38748606.73;columbia tristar filmes do brasil ltda;84.0;00.979.601/0001-98;2024;1;25
2024-01-25;bizarros peixes das fossas abissais;B2300031800000;animação;brasil;2910;27735.7;boulevard filmes ltda;17484.0;12.126.484/0001-07;2024;1;25
2024-01-25;nahuel e o livro magico;B2300440200000;animação;brasil;80;1671.28;reserva nacional distribuidora de filmes ltda.;11868.0;08.346.733/0001-94;2024;1;25
2024-01-25;nosso lar 2 - os mensageiros;B2300576500000;ficção;brasil;1649559;32366041.76;the walt disney company (brasil) ltda.;18398.0;73.042.962/0001-87;2024;1;25
2024-01-25;past lives;E2300151200000;ficção;coréia do sul;143620;2930928.25;antonio fernandes filmes ltda;532.0;02.668.665/0001-01;2024;1;25
2024-01-25;príncipe lu e a lenda do dragão;B2300550300000;ficção;brasil;210510;3922844.02;h2o distribuidora de filmes ltda;21541.0;15.372.472/0001-42;2024;1;25
2024-01-25;servidão;B1800561900000;documentário;brasil;922;12024.56;o2 produções artísticas e cinematográficas ltda.;63.0;67.431.718/0001-03;2024;1;25
2024-01-25;the beasts;E2300550800000;ficção;espanha;2300;31415.24;providence distribuidora de filmes ltda;12443.0;08.656.129/0001-64;2024;1;25
2024-01-25;todos los nombres de dios;E2300549500000;ficção;espanha;7562;150763.46;playarte pictures entretenimentos ltda.;443.0;00.943.231/0001-39;2024;1;25
2024-01-18;concrete utopia;E2300566600000;ficção;coréia do sul;27057;523055.66;sm distribuidora de filmes ltda;11922.0;08.257.054/0001-49;2024;1;18
2024-01-18;mal viver;E2300387400000;ficção;frança;568;9701.13;zeta filmes ltda;22936.0;02.469.679/0001-98;2024;1;18
2024-01-18;may december;E2300424900000;ficção;estados unidos;93750;2406563.7;diamond films do brasil produção e distribuição audiovisual ltda.;22724.0;17.095.184/0001-13;2024;1;18
2024-01-18;night swim;E2300468000000;ficção;estados unidos;203898;3917444.94;warner bros. (south) inc.;265.0;33.015.827/0001-28;2024;1;18
2024-01-18;o natal do bruno aleixo;E2300437100000;ficção;portugal;128;2504.94;risi film brasil ltda.;51664.0;37.914.915/0001-12;2024;1;18
2024-01-18;queen rock montreal;E2300566700000;vídeomusical;canadá;2904;115350.15;united cinemas international brasil ltda.;749.0;01.289.530/0001-64;2024;1;18
2024-01-18;robot dreams;E2300551500000;ficção;espanha;6653;103773.5;tag cultural distribuidora de filmes ltda;173.0;03.599.148/0001-82;2024;1;18
2024-01-18;turma da mônica jovem - reflexos do medo;B2400008800000;ficção;brasil;205509;3713906.48;wmix distribuidora ltda.;1935.0;03.918.609/0001-32;2024;1;18
2024-01-11;chama a bebel;B2300502400000;ficção;brasil;8041;149305.83;sm distribuidora de filmes ltda;11922.0;08.257.054/0001-49;2024;1;11
2024-01-11;mean girls;E2300534000000;ficção;estados unidos;441402;8584984.58;paramount pictures brasil distribuidora de filmes ltda;169.0;27.654.722/0001-16;2024;1;11
2024-01-11;praia da saudade;B2100301200000;documentário;brasil;732;10457.31;mercurio producoes ltda;1436.0;04.760.800/0001-61;2024;1;11
2024-01-11;the beekeeper;E2300491300000;ficção;estados unidos;294851;6207248.57;diamond films do brasil produção e distribuição audiovisual ltda.;22724.0;17.095.184/0001-13;2024;1;11
2024-01-11;the holdovers;E2300460500000;ficção;estados unidos;74713;1857375.01;warner bros. (south) inc.;265.0;33.015.827/0001-28;2024;1;11
2024-01-04;dogman;E2300423900000;ficção;frança;5948;141638.8;diamond films do brasil produção e distribuição audiovisual ltda.;22724.0;17.095.184/0001-13;2024;1;4
2024-01-04;il sol dell'avvenire;E2300511100000;ficção;itália;21786;398002.14;providence distribuidora de filmes ltda;12443.0;08.656.129/0001-64;2024;1;4
2024-01-04;migration;E2300459300000;animação;estados unidos;1373619;25133422.81;warner bros. (south) inc.;265.0;33.015.827/0001-28;2024;1;4
2024-01-04;priscilla;E2300508800000;ficção;estados unidos;92314;2130590.5;o2 produções artísticas e cinematográficas ltda.;63.0;67.431.718/0001-03;2024;1;4
2024-01-04;wish;E2300491500000;animação;estados unidos;1985696;37637881.1;the walt disney company (brasil) ltda.;18398.0;73.042.962/0001-87;2024;1;4
2023-12-28;arrête avec tes mensonges;E2300372800000;ficção;frança;2051;32598.47;tag cultural distribuidora de filmes ltda;173.0;03.599.148/0001-82;2023;12;28
2023-12-28;lord of misrules;E2300441900000;ficção;inglaterra;17522;324390.1;diamond films do brasil produção e distribuição audiovisual ltda.;22724.0;17.095.184/0001-13;2023;12;28
2023-12-28;mamonas assassinas o filme;B2300531200000;ficção;brasil;878046;16285045.56;wmix distribuidora ltda.;1935.0;03.918.609/0001-32;2023;12;28
2023-12-28;minha irmã e eu;B2300519200000;ficção;brasil;2301323;43752745.73;sm distribuidora de filmes ltda;11922.0;08.257.054/0001-49;2023;12;28
2023-12-21;an cailín ciúin;E2300314800000;ficção;irlanda;18223;348224.69;tag cultural distribuidora de filmes ltda;173.0;03.599.148/0001-82;2023;12;21
2023-12-21;aquaman and the lost kingdom;E2300354500000;ficção;estados unidos;3904641;77625965.39;warner bros. (south) inc.;265.0;33.015.827/0001-28;2023;12;21
2023-12-21;iracemas;B2300148100000;documentário;brasil;128;1381.13;ludwig maia arthouse distribuidora de filmes ltda;22808.0;05.249.852/0001-30;2023;12;21
2023-12-21;propriedade;B1900126500000;ficção;brasil;5619;57018.64;vitrine filmes ltda;16713.0;11.620.976/0001-83;2023;12;21
2023-12-21;renaissance: a film by beyoncé;E2300491200000;vídeomusical;estados unidos;164934;5894419.86;united cinemas international brasil ltda.;749.0;01.289.530/0001-64;2023;12;21
2023-12-21;the three musketeers: milady;E2300468200000;ficção;alemanha;21297;452431.71;sm distribuidora de filmes ltda;11922.0;08.257.054/0001-49;2023;12;21
2023-12-16;seventeen tour 'follow' to japan: live viewing;E2300549400000;vídeomusical;coréia do sul;6140;215725.0;cinecolor do brasil ltda;2631.0;05.332.959/0001-48;2023;12;16
2023-12-14;godzilla minus one;E2300479200000;ficção;japão;254034;4726587.95;sa distribuidora de conteúdo audiovisual ltda;45604.0;33.356.343/0001-42;2023;12;14
2023-12-14;la ligne;E2300494900000;ficção;suíça;714;12770.94;tag cultural distribuidora de filmes ltda;173.0;03.599.148/0001-82;2023;12;14
2023-12-14;la sociedad de la nieve;E2300467800000;ficção;chile;1785;25933.25;o2 produções artísticas e cinematográficas ltda.;63.0;67.431.718/0001-03;2023;12;14
2023-12-14;next goal wins;E2300491100000;ficção;estados unidos;2511;63234.19;the walt disney company (brasil) ltda.;18398.0;73.042.962/0001-87;2023;12;14
2023-12-14;the haunting of the queen mary;E2300256000000;ficção;estados unidos;61977;1154216.51;diamond films do brasil produção e distribuição audiovisual ltda.;22724.0;17.095.184/0001-13;2023;12;14
2023-12-14;the mean one;E2300479100000;ficção;estados unidos;1319;22206.78;a2 distribuidora de filmes ltda epp;34811.0;18.338.912/0001-33;2023;12;14
2023-12-14;the nutcracker and the magic flute;E2300425600000;animação;rússia;36237;656263.55;playarte pictures entretenimentos ltda.;443.0;00.943.231/0001-39;2023;12;14
2023-12-14;tá escrito;B2300408000000;ficção;brasil;55303;1001579.62;sm distribuidora de filmes ltda;11922.0;08.257.054/0001-49;2023;12;14
2023-12-14;uma carta para papai noel;B2300465800000;ficção;brasil;6224;93323.1;providence distribuidora de filmes ltda;12443.0;08.656.129/0001-64;2023;12;14
2023-12-13;dog day afternoon;E1500110400000;ficção;estados unidos;31;585.0;warner bros. (south) inc.;265.0;33.015.827/0001-28;2023;12;13
2023-12-12;povo da floresta;B2300024000000;documentário;brasil;137;1152.0;olé produções ltda;15892.0;09.019.897/0001-70;2023;12;12
2023-12-11;rosa de saron in concert;B2300515700000;vídeomusical;brasil;4995;162010.57;am de morais producoes e eventos;51361.0;13.489.036/0001-22;2023;12;11
2023-12-07;a vida é da cor que pintamos;B2100535800000;documentário;brasil;1017;10216.0;boulevard filmes ltda;17484.0;12.126.484/0001-07;2023;12;7
2023-12-07;cidade rabat;E2300251100000;ficção;portugal;29;259.0;bretz filmes distribuidora e produtora ltda - epp;19243.0;39.079.678/0001-47;2023;12;7
2023-12-07;el año del tigre;E2300421500000;ficção;república dominicana;167;3726.19;the walt disney company (brasil) ltda.;18398.0;73.042.962/0001-87;2023;12;7
2023-12-07;fim de semana no paraíso selvagem;B2200203400000;ficção;brasil;534;8692.0;inquieta cinema, cultura e comunicacao ltda.;29984.0;21.805.885/0001-76;2023;12;7
2023-12-07;journey to bethlehem;E2300507800000;religiosa;estados unidos;8376;143352.61;360 entretenimento e distribuição de filmes ltda;31182.0;22.208.152/0001-17;2023;12;7
2023-12-07;le théorème de marguerite;E2300467500000;ficção;frança;1153;23785.18;synapse brazil licenciamento de direitos audiovisuais ltda;277.0;02.185.369/0001-41;2023;12;7
2023-12-07;les âmes soeurs;E2300387300000;ficção;frança;640;8735.52;zeta filmes ltda;22936.0;02.469.679/0001-98;2023;12;7
2023-12-07;maestro;E2300424800000;ficção;estados unidos;11006;238491.41;o2 produções artísticas e cinematográficas ltda.;63.0;67.431.718/0001-03;2023;12;7
2023-12-07;o sequestro do voo 375;B2300524600000;ficção;brasil;199151;4059762.48;the walt disney company (brasil) ltda.;18398.0;73.042.962/0001-87;2023;12;7
2023-12-07;puan;B2300527400000;ficção;brasil;5854;95500.63;vitrine filmes ltda;16713.0;11.620.976/0001-83;2023;12;7
2023-12-07;roberto farias:  memórias de um cineasta;B2300337300000;documentário;brasil;80;1498.0;unifilmes distribuidora, importadora e exportadora de filmes ltda;17810.0;12.452.477/0001-97;2023;12;7
2023-12-07;silent night;E2300444700000;ficção;estados unidos;25409;489725.88;sm distribuidora de filmes ltda;11922.0;08.257.054/0001-49;2023;12;7
2023-12-07;softie;E2300492700000;ficção;frança;1008;14998.19;providence distribuidora de filmes ltda;12443.0;08.656.129/0001-64;2023;12;7
2023-12-07;thanksgiving;E2300341800000;ficção;estados unidos;173082;3250050.71;columbia tristar filmes do brasil ltda;84.0;00.979.601/0001-98;2023;12;7
2023-12-07;wonka;E2300218300000;ficção;estados unidos;2248200;43340994.74;warner bros. (south) inc.;265.0;33.015.827/0001-28;2023;12;7
2023-12-06;nct nation: to the world in cinemas;E2300498800000;vídeomusical;coréia do sul;4215;116788.59;united cinemas international brasil ltda.;749.0;01.289.530/0001-64;2023;12;6
2023-11-30;all fun and games;E2300230000000;ficção;estados unidos;200318;3733778.44;diamond films do brasil produção e distribuição audiovisual ltda.;22724.0;17.095.184/0001-13;2023;11;30
2023-11-30;aristotle and dante discover the secret of the universe;E2300336800000;ficção;estados unidos;10227;212289.45;wmix distribuidora ltda.;1935.0;03.918.609/0001-32;2023;11;30
2023-11-30;as aventuras de poliana - o filme;B2300484200000;ficção;brasil;103994;1796583.13;warner bros. (south) inc.;265.0;33.015.827/0001-28;2023;11;30
2023-11-30;bala sem nome;B2100425000000;ficção;brasil;4;118.92;bretz filmes distribuidora e produtora ltda - epp;19243.0;39.079.678/0001-47;2023;11;30
2023-11-30;digimon adventure 02: the beginning;E2300467700000;animação;japão;30084;555024.29;sm distribuidora de filmes ltda;11922.0;08.257.054/0001-49;2023;11;30
2023-11-30;eu sou maria;B2300343000000;ficção;brasil;548;8125.22;elo audiovisual serviços ltda;5672.0;07.700.630/0001-18;2023;11;30
2023-11-30;fallen leaves;E2300438800000;ficção;alemanha;34033;635357.96;o2 produções artísticas e cinematográficas ltda.;63.0;67.431.718/0001-03;2023;11;30
2023-11-30;kaibutsu;E2300421600000;ficção;japão;55555;969690.67;tag cultural distribuidora de filmes ltda;173.0;03.599.148/0001-82;2023;11;30
2023-11-30;la stranezza;E2300436900000;ficção;itália;943;17417.8;risi film brasil ltda.;51664.0;37.914.915/0001-12;2023;11;30
2023-11-30;pedágio;B2300343300000;ficção;brasil;11531;183949.7;sm distribuidora de filmes ltda;11922.0;08.257.054/0001-49;2023;11;30
2023-11-30;três tigres tristes;B2200349500000;ficção;brasil;725;10284.0;olhar distribuicao de filmes ltda;37242.0;28.083.221/0001-90;2023;11;30
2023-11-23;l'été dernier;E2300467600000;ficção;frança;2087;36212.26;synapse brazil licenciamento de direitos audiovisuais ltda;277.0;02.185.369/0001-41;2023;11;23
2023-11-23;le nouveau jouet;E2300389200000;ficção;frança;1877;35496.94;a2 distribuidora de filmes ltda epp;34811.0;18.338.912/0001-33;2023;11;23
2023-11-23;le retour;E2300459100000;ficção;frança;308;5658.45;tag cultural distribuidora de filmes ltda;173.0;03.599.148/0001-82;2023;11;23
2023-11-23;my big fat greek wedding 3;E2300406900000;ficção;estados unidos;13444;241397.0;cinecolor do brasil ltda;2631.0;05.332.959/0001-48;2023;11;23
2023-11-23;napoleon;E2300316400000;ficção;inglaterra;837504;20192725.31;columbia tristar filmes do brasil ltda;84.0;00.979.601/0001-98;2023;11;23
2023-11-23;nos levantaremos al alba;E2300147600000;ficção;espanha;7837;130444.02;am de morais producoes e eventos;51361.0;13.489.036/0001-22;2023;11;23
2023-11-23;não tem volta;B2300367700000;ficção;brasil;19467;338222.26;the walt disney company (brasil) ltda.;18398.0;73.042.962/0001-87;2023;11;23
2023-11-23;piccolo corpo;E2300451900000;ficção;eslovênia;362;6247.66;providence distribuidora de filmes ltda;12443.0;08.656.129/0001-64;2023;11;23
2023-11-23;stand up minha vida é uma piada;B2300364700000;ficção;brasil;142;3037.91;wmix distribuidora ltda.;1935.0;03.918.609/0001-32;2023;11;23
2023-11-23;tenho fé;B2300141200000;documentário;brasil;218;3296.76;lira filmes produções ltda me;28406.0;21.054.261/0001-64;2023;11;23
2023-11-23;ó paí, ó 2;B2300472200000;ficção;brasil;191945;3454330.71;h2o distribuidora de filmes ltda;21541.0;15.372.472/0001-42;2023;11;23
2023-11-16;ato final;B2300374600000;documentário;brasil;400;5032.05;elo audiovisual serviços ltda;5672.0;07.700.630/0001-18;2023;11;16
2023-11-16;cafi;B2300343100000;documentário;brasil;472;6546.45;ludwig maia arthouse distribuidora de filmes ltda;22808.0;05.249.852/0001-30;2023;11;16
2023-11-16;estados unidos do brasil;B2200409600000;documentário;brasil;61;615.0;plano b612 producoes ltda;35322.0;26.751.109/0001-54;2023;11;16
2023-11-16;how to have sex;E2300438900000;ficção;reino unido;2864;54345.33;o2 produções artísticas e cinematográficas ltda.;63.0;67.431.718/0001-03;2023;11;16
2023-11-16;incompatível com a vida;B2300062000000;documentário;brasil;750;10399.03;descoloniza filmes e producoes artisticas ltda;43301.0;33.427.044/0001-51;2023;11;16
2023-11-16;nelson pereira dos santos - vida de cinema;B2300437800000;documentário;brasil;371;7173.31;bretz filmes distribuidora e produtora ltda - epp;19243.0;39.079.678/0001-47;2023;11;16
2023-11-16;vai e vem;B2200272200000;documentário;brasil;558;7771.09;boulevard filmes ltda;17484.0;12.126.484/0001-07;2023;11;16
2023-11-15;muleque té doido 4 - morreu maria preá!;B2200503900000;ficção;brasil;22853;423499.82;f d da silva - me;34789.0;24.578.765/0001-71;2023;11;15
2023-11-15;the hunger games – ballad of songbirds and snakes;E2300444800000;ficção;estados unidos;2032793;40370705.5;sm distribuidora de filmes ltda;11922.0;08.257.054/0001-49;2023;11;15
2023-11-10;lille allan - den menneskelige antenne;E2300386000000;animação;dinamarca;5280;112479.42;clube filmes ltda;51390.0;46.401.439/0001-27;2023;11;10
2023-11-09;a bela américa;B2300454300000;ficção;portugal;323;5189.74;providence distribuidora de filmes ltda;12443.0;08.656.129/0001-64;2023;11;9
2023-11-09;argonuts;E2300133700000;animação;frança;53025;994104.45;wmix distribuidora ltda.;1935.0;03.918.609/0001-32;2023;11;9
2023-11-09;glupcy;E2300372500000;ficção;polônia;376;8027.96;tag cultural distribuidora de filmes ltda;173.0;03.599.148/0001-82;2023;11;9
2023-11-09;samsara;E2300439200000;ficção;espanha;3512;61009.66;garda distribuidora de filmes ltda;44832.0;34.433.654/0001-20;2023;11;9
2023-11-09;the marvels;E2300417200000;ficção;estados unidos;1248583;24508126.13;the walt disney company (brasil) ltda.;18398.0;73.042.962/0001-87;2023;11;9
2023-11-03;taylor swift - the eras tour;E2300417000000;vídeomusical;estados unidos;187356;7969895.3;united cinemas international brasil ltda.;749.0;01.289.530/0001-64;2023;11;3
2023-11-02;dumb money;E2300316300000;ficção;estados unidos;24575;719248.0;columbia tristar filmes do brasil ltda;84.0;00.979.601/0001-98;2023;11;2
2023-11-02;it lives inside;E2300212400000;ficção;estados unidos;152050;2860605.56;wmix distribuidora ltda.;1935.0;03.918.609/0001-32;2023;11;2
2023-11-02;mussum, o filmis;B2300418000000;ficção;brasil;215707;4249904.44;freespirit distribuidora de filmes ltda.;4904.0;07.616.202/0001-01;2023;11;2
2023-11-02;nefarious;E2300372900000;ficção;estados unidos;8245;153620.66;a2 distribuidora de filmes ltda epp;34811.0;18.338.912/0001-33;2023;11;2
2023-11-02;rabin, the last day;E2300425500000;documentário;frança;4219;100451.66;synapse brazil licenciamento de direitos audiovisuais ltda;277.0;02.185.369/0001-41;2023;11;2
2023-11-02;roter himmel;E2300439100000;ficção;alemanha;6917;122880.45;tag cultural distribuidora de filmes ltda;173.0;03.599.148/0001-82;2023;11;2
2023-10-26;brado;E2300400900000;ficção;itália;292;4649.45;tag cultural distribuidora de filmes ltda;173.0;03.599.148/0001-82;2023;10;26
2023-10-26;five nights at freddy's;E2300351500000;ficção;estados unidos;2957571;53625747.72;warner bros. (south) inc.;265.0;33.015.827/0001-28;2023;10;26
2023-10-26;hypnotic;E2300244000000;ficção;estados unidos;140484;2937114.27;diamond films do brasil produção e distribuição audiovisual ltda.;22724.0;17.095.184/0001-13;2023;10;26
2023-10-26;leonora addio;E2300437000000;ficção;itália;334;5903.21;risi film brasil ltda.;51664.0;37.914.915/0001-12;2023;10;26
2023-10-26;los delincuentes;B2300373000000;ficção;argentina;3061;48605.74;vitrine filmes ltda;16713.0;11.620.976/0001-83;2023;10;26
2023-10-26;mavka: the forest song;E2300237100000;animação;estados unidos;16726;358920.27;a2 distribuidora de filmes ltda epp;34811.0;18.338.912/0001-33;2023;10;26
2023-10-26;não sei quantas almas tenho;B2300367100000;ficção;brasil;409;5998.3;cavideo produções comércio e locação de filmes ltda;11893.0;01.666.326/0001-15;2023;10;26
2023-10-26;pele;B2200213000000;documentário;brasil;227;2295.87;embauba filmes ltda;23638.0;15.144.532/0001-70;2023;10;26
2023-10-26;the killer;E2300407800000;ficção;estados unidos;8339;145970.63;o2 produções artísticas e cinematográficas ltda.;63.0;67.431.718/0001-03;2023;10;26
2023-10-26;they shot the piano player;E2300400500000;animação;espanha;3123;63534.4;columbia tristar filmes do brasil ltda;84.0;00.979.601/0001-98;2023;10;26
2023-10-23;tia virgínia;B2300041800000;ficção;brasil;11557;166965.25;elo audiovisual serviços ltda;5672.0;07.700.630/0001-18;2023;10;23
2023-10-23;tia virgínia;B2300041800000;ficção;brasil;1101;9865.0;secretaria de estado de cultura do distrito federal;36650.0;03.658.028/0001-09;2023;10;23
2023-10-19;97 minutes;E2300279400000;ficção;estados unidos;4419;81711.0;cinecolor do brasil ltda;2631.0;05.332.959/0001-48;2023;10;19
2023-10-19;a ilha dos ilús;B2200405700000;animação;brasil;1411;17268.38;elo audiovisual serviços ltda;5672.0;07.700.630/0001-18;2023;10;19
2023-10-19;el cielo no puede esper@r;E2300272600000;documentário;espanha;35448;573739.73;am de morais producoes e eventos;51361.0;13.489.036/0001-22;2023;10;19
2023-10-19;killers of the flower moon;E2300375500000;ficção;estados unidos;455855;11592913.77;paramount pictures brasil distribuidora de filmes ltda;169.0;27.654.722/0001-16;2023;10;19
2023-10-19;nyad;E2300375600000;ficção;estados unidos;492;8144.11;o2 produções artísticas e cinematográficas ltda.;63.0;67.431.718/0001-03;2023;10;19
2023-10-19;tell it like a woman;E2300333500000;ficção;estados unidos;1001;17565.5;a2 distribuidora de filmes ltda epp;34811.0;18.338.912/0001-33;2023;10;19
2023-10-19;the book of wonders;E2300126100000;ficção;frança;5474;128730.69;sm distribuidora de filmes ltda;11922.0;08.257.054/0001-49;2023;10;19
2023-10-19;trolls band together;E2300354900000;ficção;estados unidos;1511053;29577052.69;warner bros. (south) inc.;265.0;33.015.827/0001-28;2023;10;19
2023-10-12;blackberry;E2300268700000;ficção;canadá;5534;179719.72;diamond films do brasil produção e distribuição audiovisual ltda.;22724.0;17.095.184/0001-13;2023;10;12
2023-10-12;meu nome é gal;B2300212900000;ficção;brasil;167878;3491435.04;sm distribuidora de filmes ltda;11922.0;08.257.054/0001-49;2023;10;12
2023-10-12;quantos dias. quantas noites;B2300212300000;documentário;brasil;1778;20545.18;flow filmes ltda.;40351.0;23.558.535/0001-88;2023;10;12
2023-10-12;ride on;E2300333400000;variedades;china;1208;23869.03;a2 distribuidora de filmes ltda epp;34811.0;18.338.912/0001-33;2023;10;12
2023-10-12;the exorcist: believer;E2300350300000;ficção;estados unidos;744632;14368998.11;warner bros. (south) inc.;265.0;33.015.827/0001-28;2023;10;12
2023-10-12;uma fada veio me visitar;B2300402000000;ficção;brasil;63560;1205152.75;wmix distribuidora ltda.;1935.0;03.918.609/0001-32;2023;10;12
2023-10-05;equalizer 3;E2300171900000;ficção;estados unidos;689512;14529339.11;columbia tristar filmes do brasil ltda;84.0;00.979.601/0001-98;2023;10;5
2023-10-05;les enfants des autres;E2300379500000;ficção;frança;1604;29507.84;synapse brazil licenciamento de direitos audiovisuais ltda;277.0;02.185.369/0001-41;2023;10;5
2023-10-05;nostalgia;E2300377000000;ficção;frança;3052;56932.32;providence distribuidora de filmes ltda;12443.0;08.656.129/0001-64;2023;10;5
2023-10-05;paw patrol: the mighty movie;E2300375700000;animação;canadá;1482757;26585161.71;paramount pictures brasil distribuidora de filmes ltda;169.0;27.654.722/0001-16;2023;10;5
2023-10-05;rodeio rock;B2300261100000;ficção;brasil;8562;158259.43;freespirit distribuidora de filmes ltda.;4904.0;07.616.202/0001-01;2023;10;5
2023-10-05;um filme de cinema;B1800417100000;ficção;brasil;3791;20888.17;embauba filmes ltda;23638.0;15.144.532/0001-70;2023;10;5
2023-10-05;wildflower;E2300281200000;ficção;estados unidos;2751;67938.75;diamond films do brasil produção e distribuição audiovisual ltda.;22724.0;17.095.184/0001-13;2023;10;5
2023-09-28;bank of dave;E2300351400000;ficção;reino unido;468;7560.7;synapse brazil licenciamento de direitos audiovisuais ltda;277.0;02.185.369/0001-41;2023;9;28
2023-09-28;iu concert: the golden hour;E2300372600000;vídeomusical;coréia do sul;1042;30160.7;united cinemas international brasil ltda.;749.0;01.289.530/0001-64;2023;9;28
2023-09-28;la maison;E2300372700000;ficção;frança;5383;79759.04;tag cultural distribuidora de filmes ltda;173.0;03.599.148/0001-82;2023;9;28
2023-09-28;linha de frente;B1900453000000;documentário;brasil;27;465.71;o2 produções artísticas e cinematográficas ltda.;63.0;67.431.718/0001-03;2023;9;28
2023-09-28;marinheiro das montanhas;B2300247400000;documentário;brasil;2640;38361.24;gullane entretenimento s.a.;848.0;01.378.559/0001-12;2023;9;28
2023-09-28;nardjes a.;E2100028100000;documentário;alemanha;409;4554.71;gullane entretenimento s.a.;848.0;01.378.559/0001-12;2023;9;28
2023-09-28;pérola;B2300338800000;ficção;brasil;7672;124487.05;h2o distribuidora de filmes ltda;21541.0;15.372.472/0001-42;2023;9;28
2023-09-28;saw x;E2300336900000;ficção;canadá;954843;14340436.36;sm distribuidora de filmes ltda;11922.0;08.257.054/0001-49;2023;9;28
2023-09-28;strays;E2300099100000;ficção;estados unidos;89261;1209282.8;warner bros. (south) inc.;265.0;33.015.827/0001-28;2023;9;28
2023-09-28;the creator;E2300344200000;ficção;estados unidos;278991;4280795.14;the walt disney company (brasil) ltda.;18398.0;73.042.962/0001-87;2023;9;28
2023-09-28;the marsh king's daughter;E2300346700000;ficção;estados unidos;16867;312849.96;diamond films do brasil produção e distribuição audiovisual ltda.;22724.0;17.095.184/0001-13;2023;9;28
2023-09-28;vanskabte land;E2300331200000;ficção;dinamarca;1262;14241.0;csf distribuidora & streaming ltda;50343.0;39.493.419/0001-68;2023;9;28
2023-09-23;carlos: the santana journey global premiere;E2300364100000;vídeomusical;estados unidos;285;7819.03;united cinemas international brasil ltda.;749.0;01.289.530/0001-64;2023;9;23
2023-09-22;a estranha hospedaria dos prazeres;B0800936400000;ficção;brasil;11;218.4;o2 produções artísticas e cinematográficas ltda.;63.0;67.431.718/0001-03;2023;9;22
2023-09-21;elis & tom, só tinha de ser com você;B2300205100000;documentário;brasil;83847;1686841.0;o2 produções artísticas e cinematográficas ltda.;63.0;67.431.718/0001-03;2023;9;21
2023-09-21;finnick;E2300107500000;animação;rússia;64588;1003994.09;playarte pictures entretenimentos ltda.;443.0;00.943.231/0001-39;2023;9;21
2023-09-21;il boemo;E2300341000000;ficção;república tcheca;581;11745.54;bonfilm produção e distribuição audiovisual ltda;14462.0;10.383.039/0001-99;2023;9;21
2023-09-21;miúda e o guarda-chuva;B2000360900000;animação;brasil;8;120.0;tucumán distribuidora de filmes ltda;16132.0;10.681.698/0001-01;2023;9;21
2023-09-21;monica;E2300244500000;ficção;estados unidos;19;306.87;escarlate conteudo e entretenimento ltda;45126.0;35.834.540/0001-55;2023;9;21
2023-09-21;nosso sonho;B2300349700000;ficção;brasil;497862;8419388.24;vitrine filmes ltda;16713.0;11.620.976/0001-83;2023;9;21
2023-09-21;revolta dos malês;B2300295700000;ficção;brasil;629;9329.25;bretz filmes distribuidora e produtora ltda - epp;19243.0;39.079.678/0001-47;2023;9;21
2023-09-21;sound of freedom;E2300341600000;ficção;estados unidos;2689179;50491758.45;sm distribuidora de filmes ltda;11922.0;08.257.054/0001-49;2023;9;21
2023-09-21;the expendables 4;E2300211900000;ficção;estados unidos;497815;8046917.23;wmix distribuidora ltda.;1935.0;03.918.609/0001-32;2023;9;21
2023-09-21;vidblysk;E2300331300000;ficção;ucrânia;352;6002.06;tag cultural distribuidora de filmes ltda;173.0;03.599.148/0001-82;2023;9;21
2023-09-19;razões para não ser mãe;B1900582500000;ficção;argentina;34;750.0;querosene produções artisticas e cinematográficas ltda;17180.0;11.545.487/0001-04;2023;9;19
2023-09-14;a haunting in venice;E2300335700000;ficção;estados unidos;291224;5866956.43;the walt disney company (brasil) ltda.;18398.0;73.042.962/0001-87;2023;9;14
2023-09-14;extraña forma de vida;E2300364600000;ficção;espanha;43398;742887.8;o2 produções artísticas e cinematográficas ltda.;63.0;67.431.718/0001-03;2023;9;14
2023-09-14;la dernière reine;E2300263400000;ficção;argélia;1597;27284.3;tag cultural distribuidora de filmes ltda;173.0;03.599.148/0001-82;2023;9;14
2023-09-14;oldboy;E2300374300000;ficção;coréia do sul;22137;360917.38;providence distribuidora de filmes ltda;12443.0;08.656.129/0001-64;2023;9;14
2023-09-14;the dive;E2300294200000;ficção;alemanha;16140;310804.0;sm distribuidora de filmes ltda;11922.0;08.257.054/0001-49;2023;9;14
2023-09-13;after everything;E2300149400000;ficção;estados unidos;89956;1637184.38;diamond films do brasil produção e distribuição audiovisual ltda.;22724.0;17.095.184/0001-13;2023;9;13
2023-09-11;a era dos humanos;B2300302500000;documentário;brasil;10;273.0;storm comunicação e tecnologia ltda;25676.0;14.215.563/0001-01;2023;9;11
2023-09-07;angela;B2300345600000;ficção;brasil;22504;422177.57;freespirit distribuidora de filmes ltda.;4904.0;07.616.202/0001-01;2023;9;7
2023-09-07;jules;E2300320800000;ficção;estados unidos;1192;26344.1;synapse brazil licenciamento de direitos audiovisuais ltda;277.0;02.185.369/0001-41;2023;9;7
2023-09-07;lobo e cão;E2300329900000;ficção;frança;446;4826.93;csf distribuidora & streaming ltda;50343.0;39.493.419/0001-68;2023;9;7
2023-09-07;my fairy troublemaker;E2300287500000;animação;alemanha;85601;1679754.5;sm distribuidora de filmes ltda;11922.0;08.257.054/0001-49;2023;9;7
2023-09-07;nascidos da dança;B2200270400000;documentário;brasil;59;295.0;escarlate conteudo e entretenimento ltda;45126.0;35.834.540/0001-55;2023;9;7
2023-09-07;o baile dos 41;B2200298400000;ficção;brasil;89;915.0;ludwig maia arthouse distribuidora de filmes ltda;22808.0;05.249.852/0001-30;2023;9;7
2023-09-07;retribution;E2300240700000;ficção;estados unidos;40670;900389.95;sm distribuidora de filmes ltda;11922.0;08.257.054/0001-49;2023;9;7
2023-09-07;the nun 2;E2300349600000;ficção;estados unidos;3016574;55012523.27;warner bros. (south) inc.;265.0;33.015.827/0001-28;2023;9;7
2023-09-07;tire 5 cartas;B2300130100000;ficção;brasil;13924;210512.99;unifilmes distribuidora, importadora e exportadora de filmes ltda;17810.0;12.452.477/0001-97;2023;9;7
2023-09-07;um pouco de mim, um pouco de nós;B2300335000000;documentário;brasil;149;2430.27;prisma produções culturais ltda;53464.0;34.948.949/0001-30;2023;9;7
2023-09-06;niobe;B2300014100000;ficção;brasil;320;6294.01;moro comunicacao ltda;5224.0;03.827.382/0001-10;2023;9;6
2023-08-31;cobweb;E2300318100000;ficção;estados unidos;56069;1054794.5;sm distribuidora de filmes ltda;11922.0;08.257.054/0001-49;2023;8;31
2023-08-31;fluxo;B2300352400000;ficção;brasil;108;1828.31;pipa nativa produção cultural ltda;5467.0;05.933.574/0001-36;2023;8;31
2023-08-31;franco no trem do medo;B1900528400000;ficção;brasil;8231;82693.88;sirino e silvestre ltda-me;2234.0;00.487.854/0001-44;2023;8;31
2023-08-31;golda;E2300011600000;ficção;reino unido;64721;1750489.75;diamond films do brasil produção e distribuição audiovisual ltda.;22724.0;17.095.184/0001-13;2023;8;31
2023-08-31;ithaka;E2300308900000;documentário;austrália;3399;49134.57;providence distribuidora de filmes ltda;12443.0;08.656.129/0001-64;2023;8;31
2023-08-31;le otto montagne;E2300309100000;ficção;itália;9144;170721.76;tag cultural distribuidora de filmes ltda;173.0;03.599.148/0001-82;2023;8;31
2023-08-31;o porteiro;B2300319500000;ficção;brasil;46800;883700.5;wmix distribuidora ltda.;1935.0;03.918.609/0001-32;2023;8;31
2023-08-31;para onde voam as feiticeiras;B2000044900000;documentário;brasil;643;8693.7;descoloniza filmes e producoes artisticas ltda;43301.0;33.427.044/0001-51;2023;8;31
2023-08-31;quicksand;E2300287600000;ficção;estados unidos;3788;73324.71;playarte pictures entretenimentos ltda.;443.0;00.943.231/0001-39;2023;8;31
2023-08-31;teenage mutant ninja turtles: mutant mayhem;E2300294100000;animação;estados unidos;710011;13809826.6;paramount pictures brasil distribuidora de filmes ltda;169.0;27.654.722/0001-16;2023;8;31
2023-08-31;the chosen;E2400165700000;ficção;estados unidos;114826;2347253.51;cinemark brasil s.a;1843.0;00.779.721/0001-41;2023;8;31
2023-08-31;tpm! meu amor;B2300303300000;ficção;brasil;530;8847.38;galeria distribuidora audiovisual ltda;42233.0;32.656.607/0001-10;2023;8;31
2023-08-30;kang daniel: my parade;E2300313800000;vídeomusical;coréia do sul;77;2161.67;united cinemas international brasil ltda.;749.0;01.289.530/0001-64;2023;8;30
2023-08-29;mirante;B1800610400000;documentário;brasil;543;5706.66;lanca distribuidora de filmes ltda;25115.0;18.384.267/0001-95;2023;8;29
2023-08-24;gran turismo;E2300172000000;ficção;estados unidos;420106;8739158.43;columbia tristar filmes do brasil ltda;84.0;00.979.601/0001-98;2023;8;24
2023-08-24;o acidente;B2100232400000;ficção;brasil;677;7813.11;atelier w producoes cinematograficas ltda;15202.0;10.468.552/0001-82;2023;8;24
2023-08-24;retratos fantasmas;B2300327500000;documentário;brasil;72251;1099911.28;vitrine filmes ltda;16713.0;11.620.976/0001-83;2023;8;24
2023-08-24;the last voyage of the demeter;E2300181800000;ficção;estados unidos;85736;1615689.25;warner bros. (south) inc.;265.0;33.015.827/0001-28;2023;8;24
2023-08-24;the ritual killer;E2300075100000;ficção;estados unidos;9698;224331.75;a2 distribuidora de filmes ltda epp;34811.0;18.338.912/0001-33;2023;8;24
2023-08-24;vidas descartáveis;B2300135700000;documentário;brasil;236;4615.28;bretz filmes distribuidora e produtora ltda - epp;19243.0;39.079.678/0001-47;2023;8;24
2023-08-24;zeby nie bylo sladów;E2300270700000;ficção;polônia;105;1480.1;tag cultural distribuidora de filmes ltda;173.0;03.599.148/0001-82;2023;8;24
2023-08-19;metallica m72 world tour live from tx night one;E2300335400000;vídeomusical;estados unidos;7463;394503.0;cinecolor do brasil ltda;2631.0;05.332.959/0001-48;2023;8;19
2023-08-17;as três vidas de frieda wolff;B2300156800000;documentário;brasil;159;3009.07;bretz filmes distribuidora e produtora ltda - epp;19243.0;39.079.678/0001-47;2023;8;17
2023-08-17;blue beetle;E2300216600000;ficção;estados unidos;2110389;40498350.68;warner bros. (south) inc.;265.0;33.015.827/0001-28;2023;8;17
2023-08-17;eami;E2300331600000;ficção;alemanha;247;3277.58;csf distribuidora & streaming ltda;50343.0;39.493.419/0001-68;2023;8;17
2023-08-17;liebesdings;E2200497800000;ficção;alemanha;318;4197.31;a2 distribuidora de filmes ltda epp;34811.0;18.338.912/0001-33;2023;8;17
2023-08-17;passages;E2300167200000;ficção;frança;9719;159605.31;o2 produções artísticas e cinematográficas ltda.;63.0;67.431.718/0001-03;2023;8;17
2023-08-17;talk to me;E2300150800000;ficção;austrália;786569;15238765.1;diamond films do brasil produção e distribuição audiovisual ltda.;22724.0;17.095.184/0001-13;2023;8;17
2023-08-17;tempos de barbárie - ato i: terapia da vingança;B2200347700000;ficção;brasil;2807;57733.38;sm distribuidora de filmes ltda;11922.0;08.257.054/0001-49;2023;8;17
2023-08-17;vai ter troco;B2300120800000;ficção;brasil;4817;91758.72;the walt disney company (brasil) ltda.;18398.0;73.042.962/0001-87;2023;8;17
2023-08-10;asteroid city;E2300181700000;ficção;estados unidos;51055;1156939.3;warner bros. (south) inc.;265.0;33.015.827/0001-28;2023;8;10
2023-08-10;cats in the museum;E2300198400000;animação;belarus (bielorussia);96030;1651903.21;wmix distribuidora ltda.;1935.0;03.918.609/0001-32;2023;8;10
2023-08-10;destino das sombras;B1900298300000;ficção;brasil;115;1756.48;moro comunicacao ltda;5224.0;03.827.382/0001-10;2023;8;10
2023-08-10;infinitas terras (ou relatos do meu tempo em crise);B2100269200000;ficção;brasil;261;1140.0;o2 produções artísticas e cinematográficas ltda.;63.0;67.431.718/0001-03;2023;8;10
2023-08-10;laila in haifa;E2300278900000;ficção;frança;3028;54110.87;synapse brazil licenciamento de direitos audiovisuais ltda;277.0;02.185.369/0001-41;2023;8;10
2023-08-10;o alecrim e o sonho;B2200307700000;ficção;brasil;299;1984.0;livres distribuidora de audivisual ltda me;21870.0;15.263.576/0001-19;2023;8;10
2023-08-10;o espaço infinito;B2100036700000;ficção;brasil;583;7038.01;providence distribuidora de filmes ltda;12443.0;08.656.129/0001-64;2023;8;10
2023-08-10;rheingold;E2300237700000;ficção;alemanha;1111;18713.68;tag cultural distribuidora de filmes ltda;173.0;03.599.148/0001-82;2023;8;10
2023-08-10;ruby gillman teenage kraken;E2300182000000;animação;estados unidos;120996;1980100.85;warner bros. (south) inc.;265.0;33.015.827/0001-28;2023;8;10
2023-08-10;saint michael - meet the angel;E2300272700000;documentário;estados unidos;39476;704122.71;am de morais producoes e eventos;51361.0;13.489.036/0001-22;2023;8;10
2023-08-10;spinning gold;E2300057600000;ficção;estados unidos;9002;210682.12;sm distribuidora de filmes ltda;11922.0;08.257.054/0001-49;2023;8;10
2023-08-10;winnie-the-pooh: blood and honey;E2300238300000;ficção;reino unido;28128;548188.21;antonio fernandes filmes ltda;532.0;02.668.665/0001-01;2023;8;10
2023-08-09;mamamoo: my con the movie;E2300311100000;vídeomusical;coréia do sul;1075;30300.34;united cinemas international brasil ltda.;749.0;01.289.530/0001-64;2023;8;9
2023-08-03;abelha girl a super heroína do brasil;B2300132300000;documentário;brasil;13644;68210.0;luciana regina rodrigues -me;39829.0;28.027.101/0001-75;2023;8;3
2023-08-03;aldeia natal;B2100306300000;documentário;brasil;1394;16015.1;gp7 cinema ltda;2148.0;04.937.797/0001-09;2023;8;3
2023-08-03;casa vazia;B2200295300000;ficção;brasil;878;10858.13;panda filmes ltda;941.0;04.980.287/0001-14;2023;8;3
2023-08-03;depois de ser cinza;B1900379100000;ficção;brasil;882;11755.03;boulevard filmes ltda;17484.0;12.126.484/0001-07;2023;8;3
2023-08-03;despedida;B2100262500000;ficção;brasil;274;3280.76;elo audiovisual serviços ltda;5672.0;07.700.630/0001-18;2023;8;3
2023-08-03;destinos opostos;B2300258900000;ficção;brasil;336;6527.13;sm distribuidora de filmes ltda;11922.0;08.257.054/0001-49;2023;8;3
2023-08-03;disco boy;E2300248200000;ficção;frança;2118;30619.33;providence distribuidora de filmes ltda;12443.0;08.656.129/0001-64;2023;8;3
2023-08-03;joy ride;E2300146600000;ficção;estados unidos;48331;984338.68;sm distribuidora de filmes ltda;11922.0;08.257.054/0001-49;2023;8;3
2023-08-03;luiz carlini - guitarrista de rock;B2200100700000;documentário;brasil;82;1424.34;lira filmes produções ltda me;28406.0;21.054.261/0001-64;2023;8;3
2023-08-03;môa, raiz afro mãe;B2200361800000;documentário;brasil;2020;25751.47;o2 produções artísticas e cinematográficas ltda.;63.0;67.431.718/0001-03;2023;8;3
2023-08-03;sea of time;E2300066700000;ficção;holanda;1433;22820.78;a2 distribuidora de filmes ltda epp;34811.0;18.338.912/0001-33;2023;8;3
2023-08-03;the estate;E2300264000000;ficção;estados unidos;2622;56333.22;diamond films do brasil produção e distribuição audiovisual ltda.;22724.0;17.095.184/0001-13;2023;8;3
2023-08-03;the first slam dunk;E2300261000000;animação;japão;5065;121531.0;cinecolor do brasil ltda;2631.0;05.332.959/0001-48;2023;8;3
2023-08-03;the meg 2;E2300218000000;ficção;estados unidos;1269690;24416501.19;warner bros. (south) inc.;265.0;33.015.827/0001-28;2023;8;3
2023-07-27;alma viva;E2300249500000;ficção;frança;1902;33462.2;tag cultural distribuidora de filmes ltda;173.0;03.599.148/0001-82;2023;7;27
2023-07-27;blue jean;E2300216700000;ficção;reino unido;2895;40643.27;synapse brazil licenciamento de direitos audiovisuais ltda;277.0;02.185.369/0001-41;2023;7;27
2023-07-27;capitu e o capitulo;B2300180300000;ficção;brasil;4695;65177.67;providence distribuidora de filmes ltda;12443.0;08.656.129/0001-64;2023;7;27
2023-07-27;consecration;E2300052200000;ficção;estados unidos;99150;1905106.16;wmix distribuidora ltda.;1935.0;03.918.609/0001-32;2023;7;27
2023-07-27;haunted mansion;E2300260900000;ficção;estados unidos;115585;2209586.28;the walt disney company (brasil) ltda.;18398.0;73.042.962/0001-87;2023;7;27
2023-07-27;kandahar;E2300085500000;ficção;estados unidos;55159;1167095.19;diamond films do brasil produção e distribuição audiovisual ltda.;22724.0;17.095.184/0001-13;2023;7;27
2023-07-27;onde fica esta rua? ou sem antes nem depois;E2300244700000;documentário;portugal;151;2671.71;bretz filmes distribuidora e produtora ltda - epp;19243.0;39.079.678/0001-47;2023;7;27
2023-07-20;barbie;E2300216200000;ficção;estados unidos;10930464;209770827.84;warner bros. (south) inc.;265.0;33.015.827/0001-28;2023;7;20
2023-07-20;brichos 3 - megavirus;B2200451700000;animação;brasil;1048;12605.8;o2 produções artísticas e cinematográficas ltda.;63.0;67.431.718/0001-03;2023;7;20
2023-07-20;máquina do desejo;B2100381700000;documentário;brasil;3691;54423.06;descoloniza filmes e producoes artisticas ltda;43301.0;33.427.044/0001-51;2023;7;20
2023-07-20;máquina do desejo;B2100381700000;documentário;brasil;1;10.0;kompanhia teatro multimídia de são paulo;57643.0;60.740.149/0001-39;2023;7;20
2023-07-20;oppenheimer;E2300181900000;ficção;estados unidos;3001535;67521276.75;warner bros. (south) inc.;265.0;33.015.827/0001-28;2023;7;20
2023-07-15;luz nos trópicos;B2000313600000;ficção;brasil;382;5191.82;descoloniza filmes e producoes artisticas ltda;43301.0;33.427.044/0001-51;2023;7;15
2023-07-13;mission: impossible - dead reckoning part one;E2300206700000;ficção;estados unidos;1906236;41248654.09;paramount pictures brasil distribuidora de filmes ltda;169.0;27.654.722/0001-16;2023;7;13
2023-07-13;perdida;B2300255800000;ficção;brasil;95265;1737856.3;the walt disney company (brasil) ltda.;18398.0;73.042.962/0001-87;2023;7;13
2023-07-13;the night 12th;E2300085600000;ficção;bélgica;4533;71708.06;providence distribuidora de filmes ltda;12443.0;08.656.129/0001-64;2023;7;13
2023-07-13;the portable door;E2300121600000;ficção;austrália;27689;491019.46;wmix distribuidora ltda.;1935.0;03.918.609/0001-32;2023;7;13
2023-07-13;tirailleurs;E2300218200000;ficção;frança;3966;79896.93;synapse brazil licenciamento de direitos audiovisuais ltda;277.0;02.185.369/0001-41;2023;7;13
2023-07-12;odesza: the last goodbye cinematic experience;E2300313900000;vídeomusical;estados unidos;251;11747.6;united cinemas international brasil ltda.;749.0;01.289.530/0001-64;2023;7;12
2023-07-10;codinome clemente;B1800458000000;documentário;brasil;87;817.5;o2 produções artísticas e cinematográficas ltda.;63.0;67.431.718/0001-03;2023;7;10
2023-07-06;a praga;B2200491200000;ficção;brasil;1505;18676.62;elo audiovisual serviços ltda;5672.0;07.700.630/0001-18;2023;7;6
2023-07-06;canção ao longe;B2200004100000;ficção;brasil;1238;11665.59;vitrine filmes ltda;16713.0;11.620.976/0001-83;2023;7;6
2023-07-06;insidious: the red door;E2300133900000;ficção;estados unidos;770191;14688051.92;columbia tristar filmes do brasil ltda;84.0;00.979.601/0001-98;2023;7;6
2023-07-06;mon crime;E2300209400000;ficção;frança;18217;357559.73;tag cultural distribuidora de filmes ltda;173.0;03.599.148/0001-82;2023;7;6
2023-07-06;os aventureiros - a origem;B2300230600000;ficção;brasil;427090;7518738.37;warner bros. (south) inc.;265.0;33.015.827/0001-28;2023;7;6
2023-07-06;plauto, um  sopro musical;B2200259700000;documentário;brasil;1084;12981.52;lanca distribuidora de filmes ltda;25115.0;18.384.267/0001-95;2023;7;6
2023-07-06;um dia cinco estrelas;B2300212500000;ficção;brasil;17557;344139.22;sm distribuidora de filmes ltda;11922.0;08.257.054/0001-49;2023;7;6
2023-06-29;indiana jones and the dial of destiny;E2300207600000;ficção;estados unidos;1018969;22518373.89;the walt disney company (brasil) ltda.;18398.0;73.042.962/0001-87;2023;6;29
2023-06-29;la parle;B2100501800000;ficção;brasil;978;12791.95;providence distribuidora de filmes ltda;12443.0;08.656.129/0001-64;2023;6;29
2023-06-29;la syndicaliste;E2300201000000;ficção;alemanha;5678;101026.62;synapse brazil licenciamento de direitos audiovisuais ltda;277.0;02.185.369/0001-41;2023;6;29
2023-06-29;o faixa preta - a verdadeira história de fernando;B2200363800000;ficção;brasil;67;1690.5;wmix distribuidora ltda.;1935.0;03.918.609/0001-32;2023;6;29
2023-06-29;pessoas humanas;B1800468000000;ficção;brasil;33;343.0;panda filmes ltda;941.0;04.980.287/0001-14;2023;6;29
2023-06-29;tração;B2300211600000;ficção;brasil;1147;22485.0;cinecolor do brasil ltda;2631.0;05.332.959/0001-48;2023;6;29
2023-06-26;a lasanha assassina - a revolta das massas;B2200291400000;animação;brasil;74;625.0;44 bico largo comercial ltda;16934.0;01.287.007/0001-07;2023;6;26
2023-06-22;derrapada;B2300201100000;ficção;brasil;454;5797.17;vitrine filmes ltda;16713.0;11.620.976/0001-83;2023;6;22
2023-06-22;elemental;E2300193100000;animação;estados unidos;4206180;77870346.1;the walt disney company (brasil) ltda.;18398.0;73.042.962/0001-87;2023;6;22
2023-06-22;in from the side;E2300066500000;ficção;reino unido;1727;33766.96;a2 distribuidora de filmes ltda epp;34811.0;18.338.912/0001-33;2023;6;22
2023-06-22;no hard feelings;E2300129700000;ficção;estados unidos;144877;3046342.99;columbia tristar filmes do brasil ltda;84.0;00.979.601/0001-98;2023;6;22
2023-06-22;seus ossos e seus olhos;B1900286800000;ficção;brasil;543;7040.94;descoloniza filmes e producoes artisticas ltda;43301.0;33.427.044/0001-51;2023;6;22
2023-06-22;tinnitus;B2100484600000;ficção;brasil;1201;17158.83;reserva nacional distribuidora de filmes ltda.;11868.0;08.346.733/0001-94;2023;6;22
2023-06-22;to catch a killer (misanthrope);E2300151500000;ficção;estados unidos;34912;859704.88;diamond films do brasil produção e distribuição audiovisual ltda.;22724.0;17.095.184/0001-13;2023;6;22
2023-06-17;j-hope in the box;E2300201500000;documentário;coréia do norte;5298;179937.1;united cinemas international brasil ltda.;749.0;01.289.530/0001-64;2023;6;17
2023-06-17;suga: road to d-day;E2300201600000;documentário;coréia do norte;6861;232990.01;united cinemas international brasil ltda.;749.0;01.289.530/0001-64;2023;6;17
2023-06-15;bem vindos de novo;B2200132800000;documentário;brasil;2652;38907.6;embauba filmes ltda;23638.0;15.144.532/0001-70;2023;6;15
2023-06-15;medusa deluxe;E2300167000000;ficção;reino unido;3032;47853.62;o2 produções artísticas e cinematográficas ltda.;63.0;67.431.718/0001-03;2023;6;15
2023-06-15;remoção;B1301918400000;documentário;brasil;224;3631.37;lapilar producões artisticas ltda;15091.0;08.408.195/0001-15;2023;6;15
2023-06-15;the flash;E2300154900000;ficção;estados unidos;1937585;37455591.76;warner bros. (south) inc.;265.0;33.015.827/0001-28;2023;6;15
2023-06-15;the story of my wife;E2300138000000;ficção;alemanha;4635;78465.64;providence distribuidora de filmes ltda;12443.0;08.656.129/0001-64;2023;6;15
2023-06-08;corpolítica;B2300052100000;documentário;brasil;2185;27497.67;vitrine filmes ltda;16713.0;11.620.976/0001-83;2023;6;8
2023-06-08;espera;B2000297200000;documentário;brasil;20;170.56;descoloniza filmes e producoes artisticas ltda;43301.0;33.427.044/0001-51;2023;6;8
2023-06-08;lost transport;E2300118900000;ficção;alemanha;2853;49576.58;a2 distribuidora de filmes ltda epp;34811.0;18.338.912/0001-33;2023;6;8
2023-06-08;mares do desterro;B2000142400000;ficção;brasil;135;1632.84;elo audiovisual serviços ltda;5672.0;07.700.630/0001-18;2023;6;8
2023-06-08;the black demon;E2300066900000;ficção;república dominicana;27761;527663.21;diamond films do brasil produção e distribuição audiovisual ltda.;22724.0;17.095.184/0001-13;2023;6;8
2023-06-08;transformers: rise of the beasts;E2300172100000;ficção;estados unidos;1373775;27180060.54;paramount pictures brasil distribuidora de filmes ltda;169.0;27.654.722/0001-16;2023;6;8
2023-06-08;à propos de joan;E2300119200000;ficção;frança;14251;293883.27;tag cultural distribuidora de filmes ltda;173.0;03.599.148/0001-82;2023;6;8
2023-06-05;o ep de laura;B2400217600000;ficção;brasil;1259;20007.43;larty mark ltda;4754.0;03.931.658/0001-05;2023;6;5
2023-06-02;suga - agust d tour 'd-day' in japan: live viewing;E2300185700000;vídeomusical;japão;14549;727907.0;cinecolor do brasil ltda;2631.0;05.332.959/0001-48;2023;6;2
2023-06-01;corazon ardiente;E2100477300000;ficção;espanha;3172;51040.5;am de morais producoes e eventos;51361.0;13.489.036/0001-22;2023;6;1
2023-06-01;eo;E2300146500000;ficção;polônia;5852;99100.56;zeta filmes ltda;22936.0;02.469.679/0001-98;2023;6;1
2023-06-01;spider-man: across the spider-verse;E2300084100000;animação;estados unidos;3491059;66263704.44;columbia tristar filmes do brasil ltda;84.0;00.979.601/0001-98;2023;6;1
2023-06-01;the boogeyman;E2300179400000;ficção;estados unidos;77574;1528749.79;the walt disney company (brasil) ltda.;18398.0;73.042.962/0001-87;2023;6;1
2023-06-01;the last bus;E2300137900000;ficção;emirados árabes unidos;10936;197564.73;providence distribuidora de filmes ltda;12443.0;08.656.129/0001-64;2023;6;1
2023-06-01;urubus;B2300177700000;ficção;brasil;4973;75508.43;o2 produções artísticas e cinematográficas ltda.;63.0;67.431.718/0001-03;2023;6;1
2023-06-01;uýra – a retomada da floresta;B2200286600000;documentário;brasil;1173;13723.12;olhar distribuicao de filmes ltda;37242.0;28.083.221/0001-90;2023;6;1
2023-05-28;tomorrow x together world tour act: sweet mirage in la : live viewing;E2300179700000;vídeomusical;coréia do sul;8054;294979.0;cinecolor do brasil ltda;2631.0;05.332.959/0001-48;2023;5;28
2023-05-25;about my father;E2300125700000;ficção;estados unidos;13021;287960.04;sm distribuidora de filmes ltda;11922.0;08.257.054/0001-49;2023;5;25
2023-05-25;champions;E2300084200000;ficção;estados unidos;5420;116275.28;warner bros. (south) inc.;265.0;33.015.827/0001-28;2023;5;25
2023-05-25;diga o que quiser! eu vou ser feliz a beça!;B2300099600000;documentário;brasil;268;2415.0;interagir cultural producoes cinematograficas ltda;39351.0;29.942.476/0001-23;2023;5;25
2023-05-25;my neighbor adolf;E2200498300000;ficção;colômbia;12896;266335.88;a2 distribuidora de filmes ltda epp;34811.0;18.338.912/0001-33;2023;5;25
2023-05-25;roger waters live - this is not a drill;E2300170500000;vídeomusical;república tcheca;5631;224598.0;cinecolor do brasil ltda;2631.0;05.332.959/0001-48;2023;5;25
2023-05-25;sons of ramsés;E2300064500000;ficção;frança;628;11724.27;tag cultural distribuidora de filmes ltda;173.0;03.599.148/0001-82;2023;5;25
2023-05-25;sword art online the movie - progressive- scherzo of deep night;E2300174500000;animação;japão;2029;43159.39;columbia tristar filmes do brasil ltda;84.0;00.979.601/0001-98;2023;5;25
2023-05-25;the little mermaid;E2300125900000;ficção;estados unidos;4208659;85233977.61;the walt disney company (brasil) ltda.;18398.0;73.042.962/0001-87;2023;5;25
2023-05-18;a alma quer voar;B2100203300000;ficção;brasil;93;1011.87;retrato filmes ltda;40992.0;31.296.141/0001-27;2023;5;18
2023-05-18;a ruptura;B2100075900000;documentário;brasil;28;204.75;fraiha produções de eventos e editora ltda;298.0;00.538.914/0001-00;2023;5;18
2023-05-18;fast x;E2300058300000;ficção;estados unidos;6567043;134886554.76;warner bros. (south) inc.;265.0;33.015.827/0001-28;2023;5;18
2023-05-18;o mestre da fumaça;B2200261700000;ficção;brasil;2965;49706.6;lanca distribuidora de filmes ltda;25115.0;18.384.267/0001-95;2023;5;18
2023-05-18;one true loves;E2300066600000;ficção;estados unidos;8178;193450.31;diamond films do brasil produção e distribuição audiovisual ltda.;22724.0;17.095.184/0001-13;2023;5;18
2023-05-11;a cidade dos abismos;B1900611200000;ficção;brasil;936;10950.0;boulevard filmes ltda;17484.0;12.126.484/0001-07;2023;5;11
2023-05-11;as órfãs da rainha;B2200102500000;ficção;brasil;2349;42298.63;cinematográfica distribuidora de filmes ltda;33340.0;23.391.665/0001-79;2023;5;11
2023-05-11;barraco de família;B2200313700000;ficção;brasil;950;20783.51;synapse brazil licenciamento de direitos audiovisuais ltda;277.0;02.185.369/0001-41;2023;5;11
2023-05-11;bed rest;E2200493000000;ficção;estados unidos;60277;1170182.26;diamond films do brasil produção e distribuição audiovisual ltda.;22724.0;17.095.184/0001-13;2023;5;11
2023-05-11;book club: the next chapter;E2300058200000;ficção;estados unidos;36316;882804.78;warner bros. (south) inc.;265.0;33.015.827/0001-28;2023;5;11
2023-05-11;crônica de uma cidade partida;B1900247200000;documentário;brasil;314;4781.9;elo audiovisual serviços ltda;5672.0;07.700.630/0001-18;2023;5;11
2023-05-11;love again;E2300042700000;ficção;estados unidos;69970;1541563.98;columbia tristar filmes do brasil ltda;84.0;00.979.601/0001-98;2023;5;11
2023-05-11;mafia mamma;E2300074000000;ficção;reino unido;19934;424341.53;sm distribuidora de filmes ltda;11922.0;08.257.054/0001-49;2023;5;11
2023-05-11;no bears;E2300119300000;ficção;irã;7573;134283.4;tag cultural distribuidora de filmes ltda;173.0;03.599.148/0001-82;2023;5;11
2023-05-11;o homem cordial;B1900461300000;ficção;brasil;5503;95852.9;o2 produções artísticas e cinematográficas ltda.;63.0;67.431.718/0001-03;2023;5;11
2023-05-11;olha pra elas;B2000414400000;documentário;brasil;381;5179.07;panda filmes ltda;941.0;04.980.287/0001-14;2023;5;11
2023-05-04;a primeira morte de joana;B2100282100000;ficção;brasil;3922;51771.13;lanca distribuidora de filmes ltda;25115.0;18.384.267/0001-95;2023;5;4
2023-05-04;bem-vinda violeta;B2300147900000;ficção;argentina;4616;74814.94;vitrine filmes ltda;16713.0;11.620.976/0001-83;2023;5;4
2023-05-04;dos 3 aos 3;B2300061600000;documentário;brasil;3547;59033.74;embauba filmes ltda;23638.0;15.144.532/0001-70;2023;5;4
2023-05-04;el ultimo llamado de maría;E2300121700000;documentário;panamá;22493;370870.33;am de morais producoes e eventos;51361.0;13.489.036/0001-22;2023;5;4
2023-05-04;empate;B1900189800000;documentário;brasil;148;1668.76;descoloniza filmes e producoes artisticas ltda;43301.0;33.427.044/0001-51;2023;5;4
2023-05-04;guardians of the galaxy vol. 3;E2300129900000;ficção;estados unidos;4445679;91036095.82;the walt disney company (brasil) ltda.;18398.0;73.042.962/0001-87;2023;5;4
2023-05-04;houria;E2300024900000;ficção;bélgica;4626;81850.28;providence distribuidora de filmes ltda;12443.0;08.656.129/0001-64;2023;5;4
2023-05-04;rodeo;E2300061300000;ficção;frança;534;8235.22;tag cultural distribuidora de filmes ltda;173.0;03.599.148/0001-82;2023;5;4
2023-05-03;seu amor de volta (mesmo que ele não queira);B1900336500000;documentário;brasil;404;2730.0;extrato de cinema produções e serviços cinematográficos ltda;27412.0;13.124.984/0001-64;2023;5;3
2023-05-02;an american in paris;E1500296700000;ficção;estados unidos;10;200.0;warner bros. (south) inc.;265.0;33.015.827/0001-28;2023;5;2
2023-05-01;rebel without a cause;E1500194200000;ficção;estados unidos;4;80.0;warner bros. (south) inc.;265.0;33.015.827/0001-28;2023;5;1
2023-04-27;death of nintendo;E2300024600000;ficção;filipinas;340;4103.32;providence distribuidora de filmes ltda;12443.0;08.656.129/0001-64;2023;4;27
2023-04-27;jair rodrigues - deixa que digam;B2100027200000;documentário;brasil;2430;37636.87;elo audiovisual serviços ltda;5672.0;07.700.630/0001-18;2023;4;27
2023-04-27;knights of the zodiac;E2300118800000;animação;japão;260042;5194838.35;columbia tristar filmes do brasil ltda;84.0;00.979.601/0001-98;2023;4;27
2023-04-27;left behind: rise of the antichrist;E2300033000000;ficção;canadá;161035;3009846.94;wmix distribuidora ltda.;1935.0;03.918.609/0001-32;2023;4;27
2023-04-27;mãe;B1800479500000;ficção;brasil;44;514.8;forte filmes produções artísticas ltda;12699.0;08.787.497/0001-41;2023;4;27
2023-04-27;natureza morta;B2100027500000;ficção;brasil;200;1771.74;livres distribuidora de audivisual ltda me;21870.0;15.263.576/0001-19;2023;4;27
2023-04-27;renfield;E2300058400000;ficção;estados unidos;42774;881983.17;warner bros. (south) inc.;265.0;33.015.827/0001-28;2023;4;27
2023-04-27;sadako dx;E2300107800000;ficção;japão;78984;1549226.67;sm distribuidora de filmes ltda;11922.0;08.257.054/0001-49;2023;4;27
2023-04-20;a terra negra dos kawa;B1900050700000;ficção;brasil;682;9889.32;livres distribuidora de audivisual ltda me;21870.0;15.263.576/0001-19;2023;4;20
2023-04-20;beau is afraid;E2300037300000;ficção;canadá;38517;873679.15;diamond films do brasil produção e distribuição audiovisual ltda.;22724.0;17.095.184/0001-13;2023;4;20
2023-04-20;evil dead rise;E2300040700000;ficção;estados unidos;1097364;21138556.81;warner bros. (south) inc.;265.0;33.015.827/0001-28;2023;4;20
2023-04-20;ninguém é de ninguém;B2300126700000;ficção;brasil;140414;2962441.41;columbia tristar filmes do brasil ltda;84.0;00.979.601/0001-98;2023;4;20
2023-04-20;o homem de lagoa santa;B1500150500000;ficção;brasil;551;7112.88;filmes do rio de janeiro ltda.;1517.0;68.780.527/0001-10;2023;4;20
2023-04-20;pacifiction;E2300110800000;ficção;alemanha;641;10176.34;p & m distribuidora de filmes ltda;31931.0;22.910.081/0001-08;2023;4;20
2023-04-20;rio doce;B2300103200000;ficção;brasil;1328;11973.39;vitrine filmes ltda;16713.0;11.620.976/0001-83;2023;4;20
2023-04-20;the three musketeers: d’artagnan;E2300010700000;ficção;frança;105668;2471073.91;sm distribuidora de filmes ltda;11922.0;08.257.054/0001-49;2023;4;20
2023-04-13;beautiful disaster;E2200425300000;ficção;estados unidos;29044;559216.28;diamond films do brasil produção e distribuição audiovisual ltda.;22724.0;17.095.184/0001-13;2023;4;13
2023-04-13;dungeons & dragons: honor among thieves;E2300042500000;ficção;canadá;1101533;22367898.57;paramount pictures brasil distribuidora de filmes ltda;169.0;27.654.722/0001-16;2023;4;13
2023-04-13;evolution;E2300121800000;ficção;alemanha;857;16740.77;tag cultural distribuidora de filmes ltda;173.0;03.599.148/0001-82;2023;4;13
2023-04-13;god's creatures;E2300007100000;ficção;estados unidos;3061;55857.3;antonio fernandes filmes ltda;532.0;02.668.665/0001-01;2023;4;13
2023-04-13;heaven in hell;E2300049000000;ficção;polônia;6026;140945.45;sm distribuidora de filmes ltda;11922.0;08.257.054/0001-49;2023;4;13
2023-04-13;il colibri;E2200464400000;ficção;suécia;3933;70153.25;providence distribuidora de filmes ltda;12443.0;08.656.129/0001-64;2023;4;13
2023-04-13;o lodo;B2000240100000;ficção;brasil;3290;53565.54;cinematográfica distribuidora de filmes ltda;33340.0;23.391.665/0001-79;2023;4;13
2023-04-13;o pastor e o guerrilheiro;B2300121300000;ficção;brasil;4679;72237.11;a2 distribuidora de filmes ltda epp;34811.0;18.338.912/0001-33;2023;4;13
2023-04-13;para'í;B1800418500000;ficção;brasil;2088;20415.3;descoloniza filmes e producoes artisticas ltda;43301.0;33.427.044/0001-51;2023;4;13
2023-04-13;suzume;E2300084000000;animação;japão;46168;965579.08;columbia tristar filmes do brasil ltda;84.0;00.979.601/0001-98;2023;4;13
2023-04-06;air;E2300057500000;ficção;estados unidos;184999;5662405.77;warner bros. (south) inc.;265.0;33.015.827/0001-28;2023;4;6
2023-04-06;broker;E2300004000000;ficção;japão;11392;234489.68;diamond films do brasil produção e distribuição audiovisual ltda.;22724.0;17.095.184/0001-13;2023;4;6
2023-04-06;the pope´s exorcist;E2300042900000;ficção;estados unidos;739210;14416780.72;columbia tristar filmes do brasil ltda;84.0;00.979.601/0001-98;2023;4;6
2023-04-06;the super mario bros. movie;E2300052300000;animação;estados unidos;6626435;133580548.6;warner bros. (south) inc.;265.0;33.015.827/0001-28;2023;4;6
2023-03-30;cocaine bear;E2300011300000;ficção;estados unidos;56722;1073703.74;warner bros. (south) inc.;265.0;33.015.827/0001-28;2023;3;30
2023-03-30;demon slayer: to the swordsmith village;E2300055900000;animação;japão;151120;3191235.69;cinecolor do brasil ltda;2631.0;05.332.959/0001-48;2023;3;30
2023-03-30;la niña de la comunión;E2300025100000;ficção;espanha;29030;553042.56;sm distribuidora de filmes ltda;11922.0;08.257.054/0001-49;2023;3;30
2023-03-30;marlowe;E2200498600000;ficção;estados unidos;6123;135188.86;diamond films do brasil produção e distribuição audiovisual ltda.;22724.0;17.095.184/0001-13;2023;3;30
2023-03-30;memória sufocada;B2300028000000;documentário;brasil;1598;20419.46;embauba filmes ltda;23638.0;15.144.532/0001-70;2023;3;30
2023-03-30;noites alienígenas;B2200250200000;ficção;brasil;6963;105120.87;vitrine filmes ltda;16713.0;11.620.976/0001-83;2023;3;30
2023-03-30;o circo voltou;B2300065800000;documentário;brasil;182;2280.49;lira filmes produções ltda me;28406.0;21.054.261/0001-64;2023;3;30
2023-03-30;tchaikovsky's wife;E2200441600000;ficção;frança;14373;288723.94;tag cultural distribuidora de filmes ltda;173.0;03.599.148/0001-82;2023;3;30
2023-03-30;the five devils;E2300065300000;ficção;frança;1440;19408.3;o2 produções artísticas e cinematográficas ltda.;63.0;67.431.718/0001-03;2023;3;30
2023-03-30;um samurai em são paulo;B2200210800000;documentário;brasil;517;8542.67;elo audiovisual serviços ltda;5672.0;07.700.630/0001-18;2023;3;30
2023-03-30;une jeune fille qui va bien;E2300025500000;ficção;frança;6962;114322.01;providence distribuidora de filmes ltda;12443.0;08.656.129/0001-64;2023;3;30
2023-03-23;além de nós;B2200146300000;ficção;brasil;403;6250.24;panda filmes ltda;941.0;04.980.287/0001-14;2023;3;23
2023-03-23;john wick: chapter 4;E2200418700000;ficção;estados unidos;2413353;50775671.03;sm distribuidora de filmes ltda;11922.0;08.257.054/0001-49;2023;3;23
2023-03-23;la situación;B2300037500000;ficção;brasil;9653;176711.61;the walt disney company (brasil) ltda.;18398.0;73.042.962/0001-87;2023;3;23
2023-03-23;o rio do desejo;B2000251400000;ficção;brasil;7777;113732.24;gullane entretenimento s.a.;848.0;01.378.559/0001-12;2023;3;23
2023-03-23;rama pankararu;B2300022300000;ficção;brasil;521;5385.9;copa filmes e produções artisticas ltda.;16573.0;01.386.569/0001-08;2023;3;23
2023-03-23;raquel 1:1;B2200215900000;ficção;brasil;1223;16200.34;o2 produções artísticas e cinematográficas ltda.;63.0;67.431.718/0001-03;2023;3;23
2023-03-23;skinamarink;E2300066800000;ficção;canadá;1798;32270.89;a2 distribuidora de filmes ltda epp;34811.0;18.338.912/0001-33;2023;3;23
2023-03-23;the son;E2200448900000;ficção;frança;14788;357902.19;diamond films do brasil produção e distribuição audiovisual ltda.;22724.0;17.095.184/0001-13;2023;3;23
2023-03-16;biocêntricos;B2200244600000;documentário;brasil;3408;65521.36;aiuê produtora e editora ltda - me;18678.0;09.225.539/0001-13;2023;3;16
2023-03-16;en roue libre;E2300066300000;ficção;frança;2171;37277.69;tag cultural distribuidora de filmes ltda;173.0;03.599.148/0001-82;2023;3;16
2023-03-16;medusa;B2200442800000;ficção;brasil;2329;21923.67;vitrine filmes ltda;16713.0;11.620.976/0001-83;2023;3;16
2023-03-16;segundo tempo;B1900417800000;ficção;brasil;860;14080.47;providence distribuidora de filmes ltda;12443.0;08.656.129/0001-64;2023;3;16
2023-03-16;shazam! fury of the gods;E2200308700000;ficção;estados unidos;959700;18075291.05;warner bros. (south) inc.;265.0;33.015.827/0001-28;2023;3;16
2023-03-16;vai corinthians!;B2300008500000;documentário;brasil;1849;29508.16;elo audiovisual serviços ltda;5672.0;07.700.630/0001-18;2023;3;16
2023-03-13;monumental super kids;B2300031000000;ficção;brasil;10206;55030.0;luciano da luz moucks;2985.0;02.743.258/0001-03;2023;3;13
2023-03-09;65;E2300025600000;ficção;estados unidos;238812;4690270.17;columbia tristar filmes do brasil ltda;84.0;00.979.601/0001-98;2023;3;9
2023-03-09;a porta ao lado;B2200325000000;ficção;brasil;1017;13575.99;vitrine filmes ltda;16713.0;11.620.976/0001-83;2023;3;9
2023-03-09;belchior - apenas um coração selvagem;B2200344300000;documentário;brasil;2389;34422.44;clario filmes ltda;31586.0;22.889.475/0001-13;2023;3;9
2023-03-09;belchior - apenas um coração selvagem;B2200344300000;documentário;brasil;18;234.0;kompanhia teatro multimídia de são paulo;57643.0;60.740.149/0001-39;2023;3;9
2023-03-09;quando falta o ar;B2200114000000;documentário;brasil;5625;67958.28;paranoid filmes ltda;16180.0;11.140.814/0001-48;2023;3;9
2023-03-09;scream vi;E2300042800000;ficção;estados unidos;1239794;23941788.3;paramount pictures brasil distribuidora de filmes ltda;169.0;27.654.722/0001-16;2023;3;9
2023-03-02;close;E2200464700000;ficção;bélgica;57021;1069781.55;o2 produções artísticas e cinematográficas ltda.;63.0;67.431.718/0001-03;2023;3;2
2023-03-02;corazon de padre;E2200352800000;religiosa;espanha;70085;1194301.62;am de morais producoes e eventos;51361.0;13.489.036/0001-22;2023;3;2
2023-03-02;creed iii;E2200464000000;ficção;estados unidos;854377;17014420.12;warner bros. (south) inc.;265.0;33.015.827/0001-28;2023;3;2
2023-03-02;eneida;B2200402400000;documentário;brasil;690;6603.32;maquina filmes ltda;1191.0;81.183.527/0001-09;2023;3;2
2023-03-02;les promesses;E2200444500000;ficção;frança;3251;55434.27;providence distribuidora de filmes ltda;12443.0;08.656.129/0001-64;2023;3;2
2023-03-02;missing;E2200454500000;ficção;estados unidos;88704;1704554.99;columbia tristar filmes do brasil ltda;84.0;00.979.601/0001-98;2023;3;2
2023-03-02;muribeca;B2200015500000;documentário;brasil;462;4520.62;descoloniza filmes e producoes artisticas ltda;43301.0;33.427.044/0001-51;2023;3;2
2023-03-02;rio, negro;B2300023700000;documentário;brasil;657;12050.54;pipa nativa produção cultural ltda;5467.0;05.933.574/0001-36;2023;3;2
2023-03-02;two witches;E2300036700000;ficção;estados unidos;10503;217189.06;synapse brazil licenciamento de direitos audiovisuais ltda;277.0;02.185.369/0001-41;2023;3;2
2023-03-02;women talking;E2300033800000;ficção;estados unidos;34834;769570.39;warner bros. (south) inc.;265.0;33.015.827/0001-28;2023;3;2
2023-02-25;boy george and culture club “one world, one love”;E2300061100000;vídeomusical;estados unidos;14;440.68;cinecolor do brasil ltda;2631.0;05.332.959/0001-48;2023;2;25
2023-02-23;13 exorcismos;E2200426000000;ficção;espanha;117782;2251037.77;diamond films do brasil produção e distribuição audiovisual ltda.;22724.0;17.095.184/0001-13;2023;2;23
2023-02-23;mato seco em chamas;B2000076800000;ficção;brasil;2270;20869.61;vitrine filmes ltda;16713.0;11.620.976/0001-83;2023;2;23
2023-02-23;maybe i do;E2200493400000;ficção;estados unidos;81198;2062729.74;sm distribuidora de filmes ltda;11922.0;08.257.054/0001-49;2023;2;23
2023-02-23;mummies;E2200464500000;animação;espanha;347362;6629854.58;warner bros. (south) inc.;265.0;33.015.827/0001-28;2023;2;23
2023-02-23;the whale;E2300007400000;ficção;estados unidos;446799;10947565.35;antonio fernandes filmes ltda;532.0;02.668.665/0001-01;2023;2;23
2023-02-16;ant-man and the wasp: quantumania;E2300011200000;ficção;estados unidos;2728811;56207439.45;the walt disney company (brasil) ltda.;18398.0;73.042.962/0001-87;2023;2;16
2023-02-16;matar a pinochet;E2300004400000;ficção;chile;456;6517.2;a2 distribuidora de filmes ltda epp;34811.0;18.338.912/0001-33;2023;2;16
2023-02-16;rock dog 3: battle the beat;E2300004100000;animação;estados unidos;25985;368168.74;playarte pictures entretenimentos ltda.;443.0;00.943.231/0001-39;2023;2;16
2023-02-16;the texas chain saw massacre;E2300007300000;ficção;estados unidos;5563;76914.91;synapse brazil licenciamento de direitos audiovisuais ltda;277.0;02.185.369/0001-41;2023;2;16
2023-02-16;triangle of sadness;E2200390400000;ficção;alemanha;50725;1024589.12;diamond films do brasil produção e distribuição audiovisual ltda.;22724.0;17.095.184/0001-13;2023;2;16
2023-02-09;desapega;B2200504100000;ficção;brasil;153466;1702598.56;wmix distribuidora ltda.;1935.0;03.918.609/0001-32;2023;2;9
2023-02-09;enaldinho e o mistério da lagoa.;B2300014400000;ficção;brasil;47768;767672.4;wmix distribuidora ltda.;1935.0;03.918.609/0001-32;2023;2;9
2023-02-09;my father histories;E2300007200000;ficção;frança;1443;17600.55;providence distribuidora de filmes ltda;12443.0;08.656.129/0001-64;2023;2;9
2023-02-09;pearl;E2200448800000;ficção;estados unidos;114270;1351024.68;cinecolor do brasil ltda;2631.0;05.332.959/0001-48;2023;2;9
2023-02-09;perlimps;B2200508100000;animação;brasil;3217;34864.38;vitrine filmes ltda;16713.0;11.620.976/0001-83;2023;2;9
2023-02-09;poropopó;B2000202100000;ficção;brasil;256;2942.55;livres distribuidora de audivisual ltda me;21870.0;15.263.576/0001-19;2023;2;9
2023-02-09;sinfonia de um homem comum;B2200243000000;documentário;brasil;15;181.95;bretz filmes distribuidora e produtora ltda - epp;19243.0;39.079.678/0001-47;2023;2;9
2023-02-09;the offering;E2300002600000;ficção;estados unidos;331347;3710920.24;sm distribuidora de filmes ltda;11922.0;08.257.054/0001-49;2023;2;9
2023-02-09;the tiger's nest;E2200449000000;ficção;índia;21521;244505.88;diamond films do brasil produção e distribuição audiovisual ltda.;22724.0;17.095.184/0001-13;2023;2;9
2023-02-09;till;E2200377200000;ficção;estados unidos;14222;218603.11;warner bros. (south) inc.;265.0;33.015.827/0001-28;2023;2;9
2023-02-02;andança - os encontros e as memórias de beth carvalho;B2300008100000;documentário;brasil;9752;134832.28;tv zero cinema ltda;4586.0;03.360.320/0001-40;2023;2;2
2023-02-02;hunt;E2200427600000;ficção;coréia do sul;2389;30007.42;synapse brazil licenciamento de direitos audiovisuais ltda;277.0;02.185.369/0001-41;2023;2;2
2023-02-02;knock at the cabin;E2300000600000;ficção;estados unidos;329715;4704060.61;warner bros. (south) inc.;265.0;33.015.827/0001-28;2023;2;2
2023-02-02;project gemini;E2200440800000;ficção;rússia;33468;583559.83;sm distribuidora de filmes ltda;11922.0;08.257.054/0001-49;2023;2;2
2023-02-02;the amazing maurice;E2200418300000;animação;alemanha;92124;1361943.12;wmix distribuidora ltda.;1935.0;03.918.609/0001-32;2023;2;2
2023-02-02;the banshees of inisherin;E2200459600000;ficção;estados unidos;77908;1668325.7;the walt disney company (brasil) ltda.;18398.0;73.042.962/0001-87;2023;2;2
2023-02-01;um jóquei cearense na coreia;B2200496400000;documentário;brasil;342;3305.52;embauba filmes ltda;23638.0;15.144.532/0001-70;2023;2;1
2023-01-26;a man called otto;E2200376900000;ficção;estados unidos;308152;6366281.37;columbia tristar filmes do brasil ltda;84.0;00.979.601/0001-98;2023;1;26
2023-01-26;a última festa;B2200343300000;ficção;portugal;1624;30927.12;h2o distribuidora de filmes ltda;21541.0;15.372.472/0001-42;2023;1;26
2023-01-26;plane;E2200401500000;ficção;estados unidos;286894;4945924.04;sm distribuidora de filmes ltda;11922.0;08.257.054/0001-49;2023;1;26
2023-01-26;the devil conspiracy;E2200460700000;ficção;república tcheca;55540;1006398.05;wmix distribuidora ltda.;1935.0;03.918.609/0001-32;2023;1;26
2023-01-26;tár;E2200400100000;ficção;estados unidos;59935;1328503.67;warner bros. (south) inc.;265.0;33.015.827/0001-28;2023;1;26
2023-01-19;babylon;E2200417600000;ficção;estados unidos;90930;2303683.09;paramount pictures brasil distribuidora de filmes ltda;169.0;27.654.722/0001-16;2023;1;19
2023-01-19;boy from heaven;E2200462600000;ficção;dinamarca;3011;48674.78;providence distribuidora de filmes ltda;12443.0;08.656.129/0001-64;2023;1;19
2023-01-19;chef jack, o cozinheiro aventureiro;B2200143600000;animação;brasil;50761;857481.95;columbia tristar filmes do brasil ltda;84.0;00.979.601/0001-98;2023;1;19
2023-01-19;fervo;B2200412400000;ficção;brasil;11517;213433.0;the walt disney company (brasil) ltda.;18398.0;73.042.962/0001-87;2023;1;19
2023-01-19;holy spider;E2200464800000;ficção;alemanha;5046;77802.89;o2 produções artísticas e cinematográficas ltda.;63.0;67.431.718/0001-03;2023;1;19
2023-01-19;lô borges – toda essa água;B2100464300000;documentário;brasil;49;502.5;ludwig maia arthouse distribuidora de filmes ltda;22808.0;05.249.852/0001-30;2023;1;19
2023-01-19;m3gan;E2200415600000;ficção;estados unidos;1763025;27748317.82;warner bros. (south) inc.;265.0;33.015.827/0001-28;2023;1;19
2023-01-19;regra 34;B2300001100000;ficção;brasil;6104;87157.22;reserva nacional distribuidora de filmes ltda.;11868.0;08.346.733/0001-94;2023;1;19
2023-01-12;corsage;E2200441300000;ficção;áustria;10961;203001.49;tag cultural distribuidora de filmes ltda;173.0;03.599.148/0001-82;2023;1;12
2023-01-12;i wanna dance with somebody;E2200345000000;ficção;estados unidos;258714;5865367.27;columbia tristar filmes do brasil ltda;84.0;00.979.601/0001-98;2023;1;12
2023-01-12;jeepers creepers: reborn;E2200440700000;ficção;estados unidos;67377;1273202.28;playarte pictures entretenimentos ltda.;443.0;00.943.231/0001-39;2023;1;12
2023-01-12;me chama que eu vou;B2200393900000;documentário;brasil;1424;20265.31;vitrine filmes ltda;16713.0;11.620.976/0001-83;2023;1;12
2023-01-12;nas ondas da fé;B2000230700000;ficção;brasil;36824;686276.99;wmix distribuidora ltda.;1935.0;03.918.609/0001-32;2023;1;12
2023-01-12;operation fortune: ruse de guerre;E2200036600000;ficção;china;125407;2411700.82;diamond films do brasil produção e distribuição audiovisual ltda.;22724.0;17.095.184/0001-13;2023;1;12
2023-01-12;the fabelmans;E2200443800000;ficção;estados unidos;120698;2888419.55;warner bros. (south) inc.;265.0;33.015.827/0001-28;2023;1;12
2023-01-05;decision to leave;E2200390600000;ficção;coréia do sul;24257;485638.44;diamond films do brasil produção e distribuição audiovisual ltda.;22724.0;17.095.184/0001-13;2023;1;5
2023-01-05;emily;E2200337900000;ficção;estados unidos;16292;373860.23;wmix distribuidora ltda.;1935.0;03.918.609/0001-32;2023;1;5
2023-01-05;firebird;E2200427500000;ficção;estônia;3105;60854.5;synapse brazil licenciamento de direitos audiovisuais ltda;277.0;02.185.369/0001-41;2023;1;5
2023-01-05;our lady of the nile;E2200359500000;ficção;bélgica;2857;42815.27;providence distribuidora de filmes ltda;12443.0;08.656.129/0001-64;2023;1;5
2023-01-05;puss in boots: the last wish;E2200403600000;animação;estados unidos;5685934;95126640.43;warner bros. (south) inc.;265.0;33.015.827/0001-28;2023;1;5
2022-12-29;how to please a woman;E2200457200000;ficção;austrália;1174;29894.32;a2 distribuidora de filmes ltda epp;34811.0;18.338.912/0001-33;2022;12;29
2022-12-29;la brigade;E2200449900000;ficção;frança;3675;70372.76;tag cultural distribuidora de filmes ltda;173.0;03.599.148/0001-82;2022;12;29
2022-12-29;otto: de trás p/ diante;B2200458200000;documentário;brasil;345;3562.09;cavideo produções comércio e locação de filmes ltda;11893.0;01.666.326/0001-15;2022;12;29
2022-12-29;shortbus;E1600623200000;ficção;estados unidos;2593;20302.0;circuito cinearte ltda;1083.0;01.425.583/0001-65;2022;12;29
2022-12-29;shortbus;E1600623200000;ficção;estados unidos;21930;196107.0;mostra internacional de cinema ltda;1797.0;52.009.305/0001-68;2022;12;29
2022-12-29;shortbus;E1600623200000;ficção;estados unidos;1838;24060.36;tag cultural distribuidora de filmes ltda;173.0;03.599.148/0001-82;2022;12;29
2022-12-29;terrifier 2;E2200413300000;ficção;estados unidos;295197;5247940.08;wmix distribuidora ltda.;1935.0;03.918.609/0001-32;2022;12;29
2022-12-22;alice no mundo da internet;B2200309700000;ficção;brasil;13;179.0;synapse brazil licenciamento de direitos audiovisuais ltda;277.0;02.185.369/0001-41;2022;12;22
2022-12-22;le trésor du petit nicolas;E2200383100000;ficção;bélgica;23138;450503.84;antonio fernandes filmes ltda;532.0;02.668.665/0001-01;2022;12;22
2022-12-22;mascarade;E2200415500000;ficção;frança;6955;157409.17;diamond films do brasil produção e distribuição audiovisual ltda.;22724.0;17.095.184/0001-13;2022;12;22
2022-12-22;o amor dá voltas;B2200421500000;ficção;brasil;11409;189973.7;wmix distribuidora ltda.;1935.0;03.918.609/0001-32;2022;12;22
2022-12-16;quanto basta;B2200080400000;ficção;itália;75;1125.0;gullane entretenimento s.a.;848.0;01.378.559/0001-12;2022;12;16
2022-12-15;a morte habita à noite;B2000096300000;ficção;brasil;900;7404.78;vitrine filmes ltda;16713.0;11.620.976/0001-83;2022;12;15
2022-12-15;avatar: the way of water;E2200431200000;ficção;estados unidos;11708276;241395625.43;the walt disney company (brasil) ltda.;18398.0;73.042.962/0001-87;2022;12;15
2022-12-15;o quarto ao lado;B1900530000000;ficção;brasil;23;412.0;filmes do interior producoes audiovisuais ltda me;36676.0;27.795.226/0001-82;2022;12;15
2022-12-08;clarice lispector - a descoberta do mundo;B1700110100000;documentário;brasil;5757;76256.5;laercio bognar antonio eireli;38807.0;18.949.460/0001-26;2022;12;8
2022-12-08;devotion;E2200353500000;ficção;estados unidos;52600;1084094.5;diamond films do brasil produção e distribuição audiovisual ltda.;22724.0;17.095.184/0001-13;2022;12;8
2022-12-08;muco : contradição da tradição;B2200458100000;documentário;brasil;9124;181067.85;cinelando producoes artisticas ltda;52380.0;39.943.141/0001-83;2022;12;8
2022-12-08;pronto, falei. e a história de como isso aconteceu;B2200361900000;ficção;brasil;22984;413238.67;wmix distribuidora ltda.;1935.0;03.918.609/0001-32;2022;12;8
2022-12-08;rien à foutre;E2200403700000;ficção;bélgica;1755;27313.05;synapse brazil licenciamento de direitos audiovisuais ltda;277.0;02.185.369/0001-41;2022;12;8
2022-12-08;sangre;B2200417400000;ficção;argentina;77;2020.0;cannes produções s/a;2250.0;72.672.017/0001-04;2022;12;8
2022-12-08;she said;E2200319800000;ficção;estados unidos;12465;304971.06;warner bros. (south) inc.;265.0;33.015.827/0001-28;2022;12;8
2022-12-08;sol;B2200065900000;ficção;brasil;765;15575.8;sm distribuidora de filmes ltda;11922.0;08.257.054/0001-49;2022;12;8
2022-12-08;une femme du monde;E2200408200000;ficção;frança;388;3880.77;tag cultural distribuidora de filmes ltda;173.0;03.599.148/0001-82;2022;12;8
2022-12-08;white noise;E2200373100000;ficção;estados unidos;5422;102098.5;o2 produções artísticas e cinematográficas ltda.;63.0;67.431.718/0001-03;2022;12;8
2022-12-01;aftersun;E2200401200000;ficção;estados unidos;75818;1320420.81;o2 produções artísticas e cinematográficas ltda.;63.0;67.431.718/0001-03;2022;12;1
2022-12-01;bones and all;E2200372800000;ficção;estados unidos;29496;628568.78;warner bros. (south) inc.;265.0;33.015.827/0001-28;2022;12;1
2022-12-01;breve história do planeta verde;B1900541900000;ficção;argentina;345;3477.58;embauba filmes ltda;23638.0;15.144.532/0001-70;2022;12;1
2022-12-01;deus tem aids;B2200073000000;documentário;brasil;331;3663.39;vitrine filmes ltda;16713.0;11.620.976/0001-83;2022;12;1
2022-12-01;na rédea curta;B2200386600000;ficção;brasil;10627;159340.71;elo audiovisual serviços ltda;5672.0;07.700.630/0001-18;2022;12;1
2022-12-01;nunca mais serei a mesma;B2200351900000;documentário;brasil;89;1356.56;bretz filmes distribuidora e produtora ltda - epp;19243.0;39.079.678/0001-47;2022;12;1
2022-12-01;pequenos guerreiros;B2000378500000;ficção;brasil;1669;14657.56;sereia distribuição de filmes ltda;13753.0;08.905.114/0001-92;2022;12;1
2022-12-01;plan a;E2200257300000;ficção;alemanha;503;9215.9;a2 distribuidora de filmes ltda epp;34811.0;18.338.912/0001-33;2022;12;1
2022-12-01;porfírio do amaral - a verdade sobre o samba;B1900284200000;ficção;brasil;38;493.26;moro comunicacao ltda;5224.0;03.827.382/0001-10;2022;12;1
2022-12-01;room 203;E2200396200000;ficção;estados unidos;43095;746390.29;playarte pictures entretenimentos ltda.;443.0;00.943.231/0001-39;2022;12;1
2022-12-01;shark bait;E2200373000000;ficção;reino unido;39616;682657.07;sm distribuidora de filmes ltda;11922.0;08.257.054/0001-49;2022;12;1
2022-12-01;the menu;E2200323400000;ficção;estados unidos;122673;2719721.01;the walt disney company (brasil) ltda.;18398.0;73.042.962/0001-87;2022;12;1
2022-12-01;violent night;E2200347600000;ficção;estados unidos;175008;3088506.06;warner bros. (south) inc.;265.0;33.015.827/0001-28;2022;12;1
2022-12-01;êxtase;B1900576700000;documentário;brasil;132;1480.54;descoloniza filmes e producoes artisticas ltda;43301.0;33.427.044/0001-51;2022;12;1
2022-11-25;procura-se;B2200429300000;ficção;brasil;2;39.58;warner bros. (south) inc.;265.0;33.015.827/0001-28;2022;11;25
2022-11-24;alice dos anjos;B2200149500000;ficção;brasil;18;236.76;elo audiovisual serviços ltda;5672.0;07.700.630/0001-18;2022;11;24
2022-11-24;fourmi;E2200353800000;ficção;bélgica;499;9632.98;providence distribuidora de filmes ltda;12443.0;08.656.129/0001-64;2022;11;24
2022-11-24;goliath;E2200175600000;ficção;bélgica;533;8882.05;bonfilm produção e distribuição audiovisual ltda;14462.0;10.383.039/0001-99;2022;11;24
2022-11-24;hard hit;E2200273800000;ficção;coréia do sul;8672;126775.47;diamond films do brasil produção e distribuição audiovisual ltda.;22724.0;17.095.184/0001-13;2022;11;24
2022-11-24;mrs. harris goes to paris;E2200283100000;ficção;reino unido;16924;389859.35;warner bros. (south) inc.;265.0;33.015.827/0001-28;2022;11;24
2022-11-24;pinocchio;E2200401300000;animação;estados unidos;5299;84724.54;o2 produções artísticas e cinematográficas ltda.;63.0;67.431.718/0001-03;2022;11;24
2022-11-24;serial kelly;B1900583000000;ficção;brasil;2476;30152.17;vitrine filmes ltda;16713.0;11.620.976/0001-83;2022;11;24
2022-11-24;strange world;E2200396300000;animação;estados unidos;579471;9953747.26;the walt disney company (brasil) ltda.;18398.0;73.042.962/0001-87;2022;11;24
2022-11-24;the roundup;E2200255500000;ficção;coréia do sul;16954;261784.58;sm distribuidora de filmes ltda;11922.0;08.257.054/0001-49;2022;11;24
2022-11-24;twist à bamako;E2200391000000;ficção;frança;1129;18020.7;tag cultural distribuidora de filmes ltda;173.0;03.599.148/0001-82;2022;11;24
2022-11-21;madre teresa - no greater love;E2200354200000;religiosa;estados unidos;5841;87953.21;am de morais producoes e eventos;51361.0;13.489.036/0001-22;2022;11;21
2022-11-18;critical role: the mighty nein reunited;E2200393800000;variedades;estados unidos;556;16962.5;cinemark brasil s.a;1843.0;00.779.721/0001-41;2022;11;18
2022-11-17;ademã - a vida e as notas de ibrahim sued;B2200398000000;documentário;brasil;51;596.7;beaucastel produçoes artisticas ltda;11790.0;08.542.085/0001-41;2022;11;17
2022-11-17;bardo, false chronicle of a handful of truths;E2200372700000;ficção;méxico;5950;116868.34;o2 produções artísticas e cinematográficas ltda.;63.0;67.431.718/0001-03;2022;11;17
2022-11-17;kobra - auto-retrato;B2200146200000;documentário;brasil;4262;63021.94;reserva nacional distribuidora de filmes ltda.;11868.0;08.346.733/0001-94;2022;11;17
2022-11-17;nada é por acaso;B2000127500000;ficção;brasil;149091;2211378.33;wmix distribuidora ltda.;1935.0;03.918.609/0001-32;2022;11;17
2022-11-17;os bravos nunca se calam;B1900421600000;ficção;brasil;435;5705.22;lanca distribuidora de filmes ltda;25115.0;18.384.267/0001-95;2022;11;17
2022-11-17;the cursed: dead man's prey;E2200303900000;ficção;coréia do sul;19507;350953.13;diamond films do brasil produção e distribuição audiovisual ltda.;22724.0;17.095.184/0001-13;2022;11;17
2022-11-10;a mãe;B2100364800000;ficção;brasil;1951;25929.94;ivan carlos de melo produções culturais;38413.0;08.874.674/0001-27;2022;11;10
2022-11-10;aldeotas;B2200023200000;ficção;brasil;999;9450.59;gullane entretenimento s.a.;848.0;01.378.559/0001-12;2022;11;10
2022-11-10;armageddon time;E2200343400000;ficção;estados unidos;12427;305398.63;warner bros. (south) inc.;265.0;33.015.827/0001-28;2022;11;10
2022-11-10;arthur moreira lima - um piano para todos;B2200117200000;documentário;brasil;33;585.0;a2 distribuidora de filmes ltda epp;34811.0;18.338.912/0001-33;2022;11;10
2022-11-10;black panther: wakanda forever;E2200378300000;ficção;estados unidos;5818100;114069877.8;the walt disney company (brasil) ltda.;18398.0;73.042.962/0001-87;2022;11;10
2022-11-10;eu, um outro;B1800449500000;ficção;brasil;553;8486.03;o2 produções artísticas e cinematográficas ltda.;63.0;67.431.718/0001-03;2022;11;10
2022-11-10;paloma;B2100472800000;ficção;portugal;3458;47179.91;providence distribuidora de filmes ltda;12443.0;08.656.129/0001-64;2022;11;10
2022-11-10;à plein temps;E2200176100000;ficção;frança;1667;29593.78;bonfilm produção e distribuição audiovisual ltda;14462.0;10.383.039/0001-99;2022;11;10
2022-11-05;league of legends world championship final;E2200407500000;manifestações e eventos esportivos;estados unidos;3286;35217.0;cinecolor do brasil ltda;2631.0;05.332.959/0001-48;2022;11;5
2022-11-03;avec amour et acharnement;E2200345800000;ficção;frança;13311;275519.01;synapse brazil licenciamento de direitos audiovisuais ltda;277.0;02.185.369/0001-41;2022;11;3
2022-11-03;carvão;B2200312700000;ficção;argentina;5493;94240.96;providence distribuidora de filmes ltda;12443.0;08.656.129/0001-64;2022;11;3
2022-11-03;en attendant bojangles;E2200363000000;ficção;bélgica;3624;83124.51;antonio fernandes filmes ltda;532.0;02.668.665/0001-01;2022;11;3
2022-11-03;o clube dos anjos;B2000525500000;ficção;portugal;4363;69931.66;vitrine filmes ltda;16713.0;11.620.976/0001-83;2022;11;3
2022-11-03;one piece film: red;E2200354500000;animação;japão;363330;6533669.56;diamond films do brasil produção e distribuição audiovisual ltda.;22724.0;17.095.184/0001-13;2022;11;3
2022-11-03;prey for the devil;E2200195100000;ficção;estados unidos;369160;6835685.71;sm distribuidora de filmes ltda;11922.0;08.257.054/0001-49;2022;11;3
2022-11-03;the conference / die wannseekonferenz;E2200323200000;ficção;alemanha;1177;23792.79;a2 distribuidora de filmes ltda epp;34811.0;18.338.912/0001-33;2022;11;3
2022-11-02;lyle, lyle, crocodile;E2200256400000;ficção;estados unidos;344018;6365004.03;columbia tristar filmes do brasil ltda;84.0;00.979.601/0001-98;2022;11;2
2022-11-01;kevin;B2000177900000;documentário;brasil;552;7348.64;anavilhana filmes ltda - me;5313.0;07.525.577/0001-66;2022;11;1
2022-11-01;kevin;B2000177900000;documentário;brasil;4;61.0;embauba filmes ltda;23638.0;15.144.532/0001-70;2022;11;1
2022-10-28;coldplay music of the spheres live;E2200362900000;vídeomusical;inglaterra;31892;1306849.15;cinecolor do brasil ltda;2631.0;05.332.959/0001-48;2022;10;28
2022-10-27;abestalhados 2;B2200124400000;ficção;brasil;2004;40538.06;the walt disney company (brasil) ltda.;18398.0;73.042.962/0001-87;2022;10;27
2022-10-27;les choses humaines;E2200345100000;ficção;frança;6758;153282.9;tag cultural distribuidora de filmes ltda;173.0;03.599.148/0001-82;2022;10;27
2022-10-27;super who ?;E2200199400000;ficção;frança;9459;177844.57;sm distribuidora de filmes ltda;11922.0;08.257.054/0001-49;2022;10;27
2022-10-27;the invitation (aka bride);E2200250000000;ficção;estados unidos;128810;2272091.15;columbia tristar filmes do brasil ltda;84.0;00.979.601/0001-98;2022;10;27
2022-10-24;czysciec;E2200353200000;documentário;polônia;29210;468082.56;am de morais producoes e eventos;51361.0;13.489.036/0001-22;2022;10;24
2022-10-20;black adam;E2200308100000;ficção;estados unidos;4271092;78615142.59;warner bros. (south) inc.;265.0;33.015.827/0001-28;2022;10;20
2022-10-20;passagers de la nuit, les;E2200395600000;ficção;frança;7930;150949.78;vitrine filmes ltda;16713.0;11.620.976/0001-83;2022;10;20
2022-10-20;peter von kant;E2200194000000;ficção;frança;1858;31097.32;bonfilm produção e distribuição audiovisual ltda;14462.0;10.383.039/0001-99;2022;10;20
2022-10-20;rir pra não chorar;B2000477300000;ficção;brasil;868;14123.53;elo audiovisual serviços ltda;5672.0;07.700.630/0001-18;2022;10;20
2022-10-20;sociedade do medo;B2200356700000;documentário;brasil;493;8243.38;forte filmes produções artísticas ltda;12699.0;08.787.497/0001-41;2022;10;20
2022-10-13;bem-vinda a quixeramobim;B2200285200000;ficção;brasil;73426;1211221.17;freespirit distribuidora de filmes ltda.;4904.0;07.616.202/0001-01;2022;10;13
2022-10-13;chico para sempre;B2200375000000;documentário;brasil;8513;149660.31;film connection distribuidora de filmes ltda;5587.0;07.819.481/0001-00;2022;10;13
2022-10-13;contactado;B2000151700000;ficção;brasil;134;2352.25;providence distribuidora de filmes ltda;12443.0;08.656.129/0001-64;2022;10;13
2022-10-13;fé e fúria;B1900494500000;documentário;brasil;900;11487.3;embauba filmes ltda;23638.0;15.144.532/0001-70;2022;10;13
2022-10-13;halloween ends;E2200283700000;ficção;estados unidos;402457;7262471.84;warner bros. (south) inc.;265.0;33.015.827/0001-28;2022;10;13
2022-10-13;hommes au bord de la crise de nerfs;E2200314300000;ficção;bélgica;3385;62202.83;synapse brazil licenciamento de direitos audiovisuais ltda;277.0;02.185.369/0001-41;2022;10;13
2022-10-13;last seen alive;E2200159000000;ficção;estados unidos;112759;2101832.96;diamond films do brasil produção e distribuição audiovisual ltda.;22724.0;17.095.184/0001-13;2022;10;13
2022-10-06;amsterdam;E2200323000000;ficção;estados unidos;130020;3168215.34;the walt disney company (brasil) ltda.;18398.0;73.042.962/0001-87;2022;10;6
2022-10-06;bodies bodies bodies;E2200286900000;ficção;estados unidos;107446;1860217.92;columbia tristar filmes do brasil ltda;84.0;00.979.601/0001-98;2022;10;6
2022-10-06;bros;E2200284200000;ficção;estados unidos;18213;374744.89;warner bros. (south) inc.;265.0;33.015.827/0001-28;2022;10;6
2022-10-06;claret;E2200243800000;religiosa;espanha;3554;56630.81;am de morais producoes e eventos;51361.0;13.489.036/0001-22;2022;10;6
2022-10-06;enquanto estamos aqui;B1900175200000;documentário;brasil;459;6058.08;pique-bandeira producoes ltda;22312.0;14.210.788/0001-75;2022;10;6
2022-10-06;lavra;B2200297400000;documentário;brasil;598;9216.87;providence distribuidora de filmes ltda;12443.0;08.656.129/0001-64;2022;10;6
2022-10-06;tad the lost explorer and the emerald tablet;E2200343700000;animação;espanha;615271;10447602.65;paramount pictures brasil distribuidora de filmes ltda;169.0;27.654.722/0001-16;2022;10;6
2022-09-29;duetto;B2100271600000;ficção;brasil;2771;53573.06;wmix distribuidora ltda.;1935.0;03.918.609/0001-32;2022;9;29
2022-09-29;ennio;E2200303300000;documentário;bélgica;4490;78016.68;risi film brasil ltda.;51664.0;37.914.915/0001-12;2022;9;29
2022-09-29;kompromat;E2200209500000;ficção;frança;2231;47190.68;cinematográfica polifilmes ltda-me;2550.0;60.469.871/0001-80;2022;9;29
2022-09-29;lima barreto, ao terceiro dia;B1900548300000;ficção;brasil;1233;19261.51;pipa nativa produção cultural ltda;5467.0;05.933.574/0001-36;2022;9;29
2022-09-29;mi iubita, mon amour;E2200291300000;ficção;frança;388;5692.07;zeta filmes ltda;22936.0;02.469.679/0001-98;2022;9;29
2022-09-29;mudança;B1900059200000;ficção;brasil;307;2961.0;elo audiovisual serviços ltda;5672.0;07.700.630/0001-18;2022;9;29
2022-09-29;no outro encontro você;B2200077000000;ficção;brasil;40;730.49;bretz filmes distribuidora e produtora ltda - epp;19243.0;39.079.678/0001-47;2022;9;29
2022-09-29;os escravos de jó;B2000106900000;ficção;brasil;362;3004.0;sereia distribuição de filmes ltda;13753.0;08.905.114/0001-92;2022;9;29
2022-09-29;sistema bruto;B2200323800000;ficção;brasil;3834;67653.1;do 2 distribuidora de filmes e midias eireli;46651.0;37.265.232/0001-81;2022;9;29
2022-09-29;smile;E2200303600000;ficção;estados unidos;1026591;17751824.27;paramount pictures brasil distribuidora de filmes ltda;169.0;27.654.722/0001-16;2022;9;29
2022-09-29;the fall;E2200257200000;ficção;estados unidos;103174;1840433.28;sm distribuidora de filmes ltda;11922.0;08.257.054/0001-49;2022;9;29
2022-09-22;acampamento intergaláctico;B2200251100000;ficção;brasil;29164;530737.67;synapse brazil licenciamento de direitos audiovisuais ltda;277.0;02.185.369/0001-41;2022;9;22
2022-09-22;ballad of a white cow;E2200307800000;ficção;frança;2425;44602.76;tag cultural distribuidora de filmes ltda;173.0;03.599.148/0001-82;2022;9;22
2022-09-22;cidade correria - um bando de artistas;B2100384000000;documentário;brasil;48;192.0;preta portê filmes e produções culturais ltda;16197.0;11.265.176/0001-91;2022;9;22
2022-09-22;cordialmente teus;B2200299300000;ficção;brasil;426;6802.34;providence distribuidora de filmes ltda;12443.0;08.656.129/0001-64;2022;9;22
2022-09-22;desterro;B1900545200000;ficção;brasil;804;7923.35;embauba filmes ltda;23638.0;15.144.532/0001-70;2022;9;22
2022-09-22;don't worry darling;E2200212600000;ficção;estados unidos;176038;3646326.07;warner bros. (south) inc.;265.0;33.015.827/0001-28;2022;9;22
2022-09-22;eike, tudo ou nada;B2200250300000;ficção;brasil;18297;481818.37;sm distribuidora de filmes ltda;11922.0;08.257.054/0001-49;2022;9;22
2022-09-22;madeleine collins;E2200198400000;ficção;bélgica;1751;31236.1;synapse brazil licenciamento de direitos audiovisuais ltda;277.0;02.185.369/0001-41;2022;9;22
2022-09-22;o livro dos prazeres;B2100408100000;ficção;argentina;6966;105540.26;vitrine filmes ltda;16713.0;11.620.976/0001-83;2022;9;22
2022-09-22;os ossos da saudade;B1900623300000;documentário;brasil;75;1178.19;olhar distribuicao de filmes ltda;37242.0;28.083.221/0001-90;2022;9;22
2022-09-22;os suburbanos - o filme;B1900479000000;ficção;brasil;85037;1477074.39;freespirit distribuidora de filmes ltda.;4904.0;07.616.202/0001-01;2022;9;22
2022-09-22;the woman king;E2200226300000;ficção;estados unidos;1223076;23104676.24;columbia tristar filmes do brasil ltda;84.0;00.979.601/0001-98;2022;9;22
2022-09-15;curtas jornadas noite adentro;B1900308000000;ficção;brasil;462;4824.59;livres distribuidora de audivisual ltda me;21870.0;15.263.576/0001-19;2022;9;15
2022-09-15;lisa redler;E2200240000000;ficção;frança;4952;65980.19;providence distribuidora de filmes ltda;12443.0;08.656.129/0001-64;2022;9;15
2022-09-15;moonage daydream;E2200287400000;documentário;reino unido;24150;453330.51;warner bros. (south) inc.;265.0;33.015.827/0001-28;2022;9;15
2022-09-15;orphan: first kill;E2200255200000;ficção;estados unidos;2151675;27753514.32;diamond films do brasil produção e distribuição audiovisual ltda.;22724.0;17.095.184/0001-13;2022;9;15
2022-09-08;5 casas;B2000263300000;documentário;alemanha;918;9867.32;lanca distribuidora de filmes ltda;25115.0;18.384.267/0001-95;2022;9;8
2022-09-08;amira;E2200307400000;ficção;egito;1318;20606.81;tag cultural distribuidora de filmes ltda;173.0;03.599.148/0001-82;2022;9;8
2022-09-08;aquilo que eu nunca perdi;B2100120300000;documentário;brasil;257;3643.57;descoloniza filmes e producoes artisticas ltda;43301.0;33.427.044/0001-51;2022;9;8
2022-09-08;aquilo que eu nunca perdi;B2100120300000;documentário;brasil;6;65.0;kompanhia teatro multimídia de são paulo;57643.0;60.740.149/0001-39;2022;9;8
2022-09-08;en corps;E2200175500000;ficção;bélgica;2420;36875.07;bonfilm produção e distribuição audiovisual ltda;14462.0;10.383.039/0001-99;2022;9;8
2022-09-08;men;E2200257100000;ficção;reino unido;17916;276309.9;sm distribuidora de filmes ltda;11922.0;08.257.054/0001-49;2022;9;8
2022-09-08;minha familia perfeita;B2000277900000;ficção;brasil;29995;440563.12;the walt disney company (brasil) ltda.;18398.0;73.042.962/0001-87;2022;9;8
2022-09-08;o grande irmão - o dia que durou 21 anos 2;B2200070900000;documentário;brasil;163;2649.51;elo audiovisual serviços ltda;5672.0;07.700.630/0001-18;2022;9;8
2022-09-08;the survivor;E2200255600000;ficção;canadá;3723;83760.52;diamond films do brasil produção e distribuição audiovisual ltda.;22724.0;17.095.184/0001-13;2022;9;8
2022-09-08;the territory;E2200291100000;documentário;brasil;1627;24555.88;o2 produções artísticas e cinematográficas ltda.;63.0;67.431.718/0001-03;2022;9;8
2022-09-08;ticket to paradise;E2200283900000;ficção;estados unidos;735157;13072629.11;warner bros. (south) inc.;265.0;33.015.827/0001-28;2022;9;8
2022-09-08;tromba trem - o filme;B2100536000000;animação;brasil;5118;76828.35;vitrine filmes ltda;16713.0;11.620.976/0001-83;2022;9;8
2022-09-07;pinocchio: a true story;E2200303500000;animação;rússia;72799;1094984.1;playarte pictures entretenimentos ltda.;443.0;00.943.231/0001-39;2022;9;7
2022-09-07;spider-man: no way home;E2200303700000;ficção;estados unidos;507081;6920335.13;columbia tristar filmes do brasil ltda;84.0;00.979.601/0001-98;2022;9;7
2022-09-01;a viagem de pedro;B2100263400000;ficção;portugal;11852;191022.77;vitrine filmes ltda;16713.0;11.620.976/0001-83;2022;9;1
2022-09-01;boiling point;E2200205900000;ficção;reino unido;1782;37472.97;synapse brazil licenciamento de direitos audiovisuais ltda;277.0;02.185.369/0001-41;2022;9;1
2022-09-01;la fine fleur;E2200288700000;ficção;frança;2923;67587.01;antonio fernandes filmes ltda;532.0;02.668.665/0001-01;2022;9;1
2022-09-01;maria - ninguém sabe quem sou eu;B2200258900000;documentário;brasil;20464;298224.65;arteplex distribuidora ltda;41991.0;31.694.954/0001-75;2022;9;1
2022-09-01;predestinado: arigó e o espírito do dr. fritz;B2000111800000;ficção;brasil;269362;4537651.95;wmix distribuidora ltda.;1935.0;03.918.609/0001-32;2022;9;1
2022-09-01;segredos do putumayo;B2100339600000;documentário;brasil;1033;14863.17;o2 produções artísticas e cinematográficas ltda.;63.0;67.431.718/0001-03;2022;9;1
2022-09-01;the call;E2200241800000;ficção;estados unidos;101451;1539031.2;cinemark brasil s.a;1843.0;00.779.721/0001-41;2022;9;1
2022-09-01;three thousand years of longing;E2200271500000;ficção;estados unidos;38576;774444.43;sm distribuidora de filmes ltda;11922.0;08.257.054/0001-49;2022;9;1
2022-09-01;where the crawdads sing;E2200057200000;ficção;estados unidos;149781;2659908.3;columbia tristar filmes do brasil ltda;84.0;00.979.601/0001-98;2022;9;1
2022-08-25;after ever happy;E2200149900000;ficção;estados unidos;164755;2774339.24;diamond films do brasil produção e distribuição audiovisual ltda.;22724.0;17.095.184/0001-13;2022;8;25
2022-08-25;algunas bestias;E2200130600000;ficção;chile;1550;27640.61;tag cultural distribuidora de filmes ltda;173.0;03.599.148/0001-82;2022;8;25
2022-08-25;assalto na paulista;B2200223200000;ficção;brasil;1999;34871.49;kinoscópio cinematográfica e comércio ltda - epp;2320.0;02.395.043/0001-49;2022;8;25
2022-08-25;cano serrado;B1800375900000;ficção;brasil;1150;19435.86;h2o distribuidora de filmes ltda;21541.0;15.372.472/0001-42;2022;8;25
2022-08-25;marte um;B2000312900000;ficção;brasil;103961;1742582.97;embauba filmes ltda;23638.0;15.144.532/0001-70;2022;8;25
2022-08-25;nope;E2200239500000;ficção;estados unidos;823541;13627339.09;warner bros. (south) inc.;265.0;33.015.827/0001-28;2022;8;25
2022-08-25;o debate;B2200273500000;ficção;brasil;4415;87815.85;sm distribuidora de filmes ltda;11922.0;08.257.054/0001-49;2022;8;25
2022-08-25;onoda - 10 000 nights in the jungle;E2200280300000;ficção;frança;2300;47138.5;tag cultural distribuidora de filmes ltda;173.0;03.599.148/0001-82;2022;8;25
2022-08-25;paws of fury: the legend of hank;E2200260200000;animação;china;336102;5508700.15;paramount pictures brasil distribuidora de filmes ltda;169.0;27.654.722/0001-16;2022;8;25
2022-08-21;seventeen world tour - be the sun;E2200292100000;vídeomusical;coréia do sul;1968;51289.62;cinecolor do brasil ltda;2631.0;05.332.959/0001-48;2022;8;21
2022-08-18;45 do segundo tempo;B2100362100000;ficção;brasil;27285;552625.82;sm distribuidora de filmes ltda;11922.0;08.257.054/0001-49;2022;8;18
2022-08-18;ce qui nous lie;E1700611600000;ficção;frança;1832;33079.83;bretz filmes distribuidora e produtora ltda - epp;19243.0;39.079.678/0001-47;2022;8;18
2022-08-18;dragon ball super: super hero;E2200253600000;animação;japão;337587;5826186.83;columbia tristar filmes do brasil ltda;84.0;00.979.601/0001-98;2022;8;18
2022-08-18;maior que o mundo;B2100161600000;ficção;brasil;564;13340.41;wmix distribuidora ltda.;1935.0;03.918.609/0001-32;2022;8;18
2022-08-18;meu álbum de amores;B2100262100000;ficção;brasil;887;16612.83;providence distribuidora de filmes ltda;12443.0;08.656.129/0001-64;2022;8;18
2022-08-18;paixões recorrentes;B2000346300000;ficção;brasil;601;9239.42;o2 produções artísticas e cinematográficas ltda.;63.0;67.431.718/0001-03;2022;8;18
2022-08-18;xuan ya zhi shang - cliff walkers;E2200200700000;ficção;china;1284;24101.13;a2 distribuidora de filmes ltda epp;34811.0;18.338.912/0001-33;2022;8;18
2022-08-16;meu tio josé;B2000335200000;animação;brasil;375;5542.8;tucumán distribuidora de filmes ltda;16132.0;10.681.698/0001-01;2022;8;16
2022-08-11;a batalha de shangri-lá;B1900494600000;ficção;brasil;141;2006.07;moro comunicacao ltda;5224.0;03.827.382/0001-10;2022;8;11
2022-08-11;adieu monsieur haffmann;E2200198300000;ficção;frança;5047;103303.22;synapse brazil licenciamento de direitos audiovisuais ltda;277.0;02.185.369/0001-41;2022;8;11
2022-08-11;beast;E2200239400000;ficção;estados unidos;259050;4628297.62;warner bros. (south) inc.;265.0;33.015.827/0001-28;2022;8;11
2022-08-11;clara sola;E2200252500000;ficção;suécia;2242;38812.57;tag cultural distribuidora de filmes ltda;173.0;03.599.148/0001-82;2022;8;11
2022-08-11;il buco;E2200135000000;ficção;alemanha;1691;28273.18;zeta filmes ltda;22936.0;02.469.679/0001-98;2022;8;11
2022-08-11;o reflexo do lago;B2000361300000;documentário;brasil;92;714.0;elo audiovisual serviços ltda;5672.0;07.700.630/0001-18;2022;8;11
2022-08-11;pacified;B2000532000000;ficção;brasil;1074;23562.52;the walt disney company (brasil) ltda.;18398.0;73.042.962/0001-87;2022;8;11
2022-08-11;papai é pop;B2200260700000;ficção;brasil;51330;883700.75;galeria distribuidora audiovisual ltda;42233.0;32.656.607/0001-10;2022;8;11
2022-08-11;the twin;E2200162700000;ficção;finlândia;76774;1354675.4;sm distribuidora de filmes ltda;11922.0;08.257.054/0001-49;2022;8;11
2022-08-11;x;E2200246600000;ficção;estados unidos;50436;911103.17;playarte pictures entretenimentos ltda.;443.0;00.943.231/0001-39;2022;8;11
2022-08-04;além da lenda - filme;B2000141100000;animação;brasil;3761;46915.13;boulevard filmes ltda;17484.0;12.126.484/0001-07;2022;8;4
2022-08-04;bullet train;E2200056900000;ficção;estados unidos;619845;12630978.11;columbia tristar filmes do brasil ltda;84.0;00.979.601/0001-98;2022;8;4
2022-08-04;de repente drag;B2200202000000;ficção;brasil;1108;17605.85;elo audiovisual serviços ltda;5672.0;07.700.630/0001-18;2022;8;4
2022-08-04;hall;E2200151000000;ficção;canadá;105;2234.01;cinecolor do brasil ltda;2631.0;05.332.959/0001-48;2022;8;4
2022-08-04;o palestrante;B2000041300000;ficção;brasil;125868;2412050.01;freespirit distribuidora de filmes ltda.;4904.0;07.616.202/0001-01;2022;8;4
2022-08-04;platamama;B1800353300000;documentário;brasil;52;1163.27;alice fanny riff-producoes audivisuais e culturais-me;25354.0;10.551.469/0001-72;2022;8;4
2022-08-04;quem tem medo?;B2200198800000;documentário;brasil;310;4218.82;embauba filmes ltda;23638.0;15.144.532/0001-70;2022;8;4
2022-08-04;sapato36;B2000315600000;documentário;brasil;351;2666.96;vilabela produções artísticas;25897.0;16.863.370/0001-92;2022;8;4
2022-08-04;tralala;E2200080300000;ficção;frança;233;3514.27;bonfilm produção e distribuição audiovisual ltda;14462.0;10.383.039/0001-99;2022;8;4
2022-08-04;vanishing;E2200201000000;ficção;frança;112;2675.39;a2 distribuidora de filmes ltda epp;34811.0;18.338.912/0001-33;2022;8;4
2022-07-28;aos nossos filhos;B2100115300000;ficção;brasil;6205;111023.32;reserva nacional distribuidora de filmes ltda.;11868.0;08.346.733/0001-94;2022;7;28
2022-07-28;brasil áfrica - um elo natural;B2000110400000;documentário;brasil;24;449.17;bretz filmes distribuidora e produtora ltda - epp;19243.0;39.079.678/0001-47;2022;7;28
2022-07-28;christiane f. - wir kinder vom bahnhof zoo;E2200225000000;ficção;alemanha;2734;48895.17;a2 distribuidora de filmes ltda epp;34811.0;18.338.912/0001-33;2022;7;28
2022-07-28;dc league of superpets;E2200126400000;animação;estados unidos;879067;15620689.49;warner bros. (south) inc.;265.0;33.015.827/0001-28;2022;7;28
2022-07-28;fado tropical;B1900216800000;ficção;brasil;274;2329.29;cavideo produções comércio e locação de filmes ltda;11893.0;01.666.326/0001-15;2022;7;28
2022-07-28;ghahreman;E2200038000000;ficção;frança;6133;124150.5;antonio fernandes filmes ltda;532.0;02.668.665/0001-01;2022;7;28
2022-07-28;good luck to you, leo grande;E2200209000000;ficção;reino unido;45130;1089623.86;sm distribuidora de filmes ltda;11922.0;08.257.054/0001-49;2022;7;28
2022-07-28;poetas do céu;B1900050800000;documentário;brasil;32;475.0;providence distribuidora de filmes ltda;12443.0;08.656.129/0001-64;2022;7;28
2022-07-28;virar mar;B2200073700000;documentário;alemanha;373;2897.89;vitrine filmes ltda;16713.0;11.620.976/0001-83;2022;7;28
2022-07-21;casa de antiguidades;B2000429100000;ficção;brasil;782;10041.12;providence distribuidora de filmes ltda;12443.0;08.656.129/0001-64;2022;7;21
2022-07-21;diários de otsoga;E2200173400000;ficção;frança;293;3732.05;vitrine filmes ltda;16713.0;11.620.976/0001-83;2022;7;21
2022-07-21;ela e eu;B2000081700000;ficção;brasil;2260;45277.17;the walt disney company (brasil) ltda.;18398.0;73.042.962/0001-87;2022;7;21
2022-07-21;les amours d'anaïs;E2200222500000;ficção;frança;2583;43323.84;tag cultural distribuidora de filmes ltda;173.0;03.599.148/0001-82;2022;7;21
2022-07-21;memoria;E2200238500000;ficção;colômbia;6328;99770.48;o2 produções artísticas e cinematográficas ltda.;63.0;67.431.718/0001-03;2022;7;21
2022-07-21;paradise;E2200161900000;ficção;eslovênia;6162;103412.79;arteplex distribuidora ltda;41991.0;31.694.954/0001-75;2022;7;21
2022-07-21;pluft, o fantasminha;B2100282200000;ficção;brasil;127619;2270066.42;freespirit distribuidora de filmes ltda.;4904.0;07.616.202/0001-01;2022;7;21
2022-07-21;the black phone;E2100492800000;ficção;estados unidos;1299382;22738540.56;warner bros. (south) inc.;265.0;33.015.827/0001-28;2022;7;21
2022-07-19;a música natureza de léa freire;B2200453400000;documentário;brasil;324;3313.31;descoloniza filmes e producoes artisticas ltda;43301.0;33.427.044/0001-51;2022;7;19
2022-07-19;a música natureza de léa freire;B2200453400000;documentário;brasil;92;769.7;kompanhia teatro multimídia de são paulo;57643.0;60.740.149/0001-39;2022;7;19
2022-07-14;a queda;B2100349700000;ficção;brasil;354;5932.54;o2 produções artísticas e cinematográficas ltda.;63.0;67.431.718/0001-03;2022;7;14
2022-07-14;crimes of the future;E2200238400000;ficção;canadá;13803;246302.12;o2 produções artísticas e cinematográficas ltda.;63.0;67.431.718/0001-03;2022;7;14
2022-07-14;elvis;E2200126000000;ficção;estados unidos;1109978;26294184.18;warner bros. (south) inc.;265.0;33.015.827/0001-28;2022;7;14
2022-07-14;o rio de janeiro de ho chi minh;B1900121000000;ficção;brasil;236;3080.28;pipa nativa produção cultural ltda;5467.0;05.933.574/0001-36;2022;7;14
2022-07-14;rua guaicurus;B1900424900000;documentário;brasil;1143;18789.44;embauba filmes ltda;23638.0;15.144.532/0001-70;2022;7;14
2022-07-14;stay still;E2100519000000;ficção;alemanha;1216;18742.7;providence distribuidora de filmes ltda;12443.0;08.656.129/0001-64;2022;7;14
2022-07-07;gyuri;B2000352100000;documentário;brasil;1050;12643.48;descoloniza filmes e producoes artisticas ltda;43301.0;33.427.044/0001-51;2022;7;7
2022-07-07;l'événement;E2200068200000;ficção;frança;4162;70519.94;zeta filmes ltda;22936.0;02.469.679/0001-98;2022;7;7
2022-07-07;lola and her brothers;E2200112500000;ficção;frança;4000;74100.47;providence distribuidora de filmes ltda;12443.0;08.656.129/0001-64;2022;7;7
2022-07-07;os primeiros soldados;B2200212700000;ficção;brasil;4454;60622.65;olhar distribuicao de filmes ltda;37242.0;28.083.221/0001-90;2022;7;7
2022-07-07;thor: love and thunder;E2200220300000;ficção;estados unidos;6449884;123867693.27;the walt disney company (brasil) ltda.;18398.0;73.042.962/0001-87;2022;7;7
2022-06-30;a colmeia;B1900117400000;ficção;brasil;781;10571.34;lanca distribuidora de filmes ltda;25115.0;18.384.267/0001-95;2022;6;30
2022-06-30;as verdades;B2100458300000;ficção;brasil;1609;29035.43;gullane entretenimento s.a.;848.0;01.378.559/0001-12;2022;6;30
2022-06-30;carro rei;B2100433800000;ficção;brasil;1181;14750.54;boulevard filmes ltda;17484.0;12.126.484/0001-07;2022;6;30
2022-06-30;minions: the rise of gru;E2200126100000;animação;estados unidos;6981393;122270814.96;warner bros. (south) inc.;265.0;33.015.827/0001-28;2022;6;30
2022-06-30;seguindo todos os protocolos;B2200207600000;ficção;brasil;1656;14300.37;vitrine filmes ltda;16713.0;11.620.976/0001-83;2022;6;30
2022-06-30;sujeito oculto;B2000340700000;ficção;brasil;620;7015.0;frederico da cruz machado - me;11990.0;03.553.092/0001-25;2022;6;30
2022-06-30;três vidas e um sonho;B2100024000000;documentário;brasil;37;616.0;o2 produções artísticas e cinematográficas ltda.;63.0;67.431.718/0001-03;2022;6;30
2022-06-23;a jangada de welles;B1900093000000;documentário;brasil;1019;11426.29;sereia distribuição de filmes ltda;13753.0;08.905.114/0001-92;2022;6;23
2022-06-23;dissonantes;B2200184200000;ficção;brasil;159;2582.56;the walt disney company (brasil) ltda.;18398.0;73.042.962/0001-87;2022;6;23
2022-06-23;eiga odd taxi: in the woods;E2200127100000;animação;japão;561;13899.0;columbia tristar filmes do brasil ltda;84.0;00.979.601/0001-98;2022;6;23
2022-06-23;everything everywhere all at once;E2200152700000;ficção;estados unidos;317309;6304522.47;diamond films do brasil produção e distribuição audiovisual ltda.;22724.0;17.095.184/0001-13;2022;6;23
2022-06-23;feathers;E2200223000000;ficção;frança;727;11055.24;tag cultural distribuidora de filmes ltda;173.0;03.599.148/0001-82;2022;6;23
2022-06-23;see for me;E2200063300000;ficção;canadá;38611;730888.52;sm distribuidora de filmes ltda;11922.0;08.257.054/0001-49;2022;6;23
2022-06-23;um dia qualquer;B1900486900000;ficção;brasil;966;15713.82;pipa nativa produção cultural ltda;5467.0;05.933.574/0001-36;2022;6;23
2022-06-23;uma pitada de sorte;B1800580500000;ficção;brasil;86448;909072.28;freespirit distribuidora de filmes ltda.;4904.0;07.616.202/0001-01;2022;6;23
2022-06-22;la teoria de los vidrios rotos;B2100277700000;ficção;brasil;305;3999.61;okna produções culturais ltda;11871.0;08.267.476/0001-03;2022;6;22
2022-06-16;a suspeita;B2100432000000;ficção;brasil;7518;146432.45;wmix distribuidora ltda.;1935.0;03.918.609/0001-32;2022;6;16
2022-06-16;aline;E2200178000000;ficção;canadá;2365;42758.77;tag cultural distribuidora de filmes ltda;173.0;03.599.148/0001-82;2022;6;16
2022-06-16;amigo secreto;B2200201200000;documentário;alemanha;12155;220947.68;vitrine filmes ltda;16713.0;11.620.976/0001-83;2022;6;16
2022-06-16;blast / déflagrations;E2200100400000;ficção;frança;63;1152.89;a2 distribuidora de filmes ltda epp;34811.0;18.338.912/0001-33;2022;6;16
2022-06-16;de volta ao maracanã;B1800422000000;ficção;brasil;23;148.2;ludwig maia arthouse distribuidora de filmes ltda;22808.0;05.249.852/0001-30;2022;6;16
2022-06-16;lightyear;E2200171200000;animação;estados unidos;1287208;25037916.31;the walt disney company (brasil) ltda.;18398.0;73.042.962/0001-87;2022;6;16
2022-06-16;samadhi road;B2200167500000;documentário;brasil;224;3248.0;moro comunicacao ltda;5224.0;03.827.382/0001-10;2022;6;16
2022-06-16;um broto legal;B2200154200000;ficção;brasil;1773;29120.08;providence distribuidora de filmes ltda;12443.0;08.656.129/0001-64;2022;6;16
2022-06-09;a arte urbana;B1900471700000;documentário;brasil;51;271.7;ludwig maia arthouse distribuidora de filmes ltda;22808.0;05.249.852/0001-30;2022;6;9
2022-06-09;amado;B2200065000000;ficção;brasil;1303;26401.41;freespirit distribuidora de filmes ltda.;4904.0;07.616.202/0001-01;2022;6;9
2022-06-09;brasileiríssima;B2200042500000;documentário;brasil;85;1354.75;bretz filmes distribuidora e produtora ltda - epp;19243.0;39.079.678/0001-47;2022;6;9
2022-06-09;de son vivant;E2200080000000;ficção;bélgica;1415;23616.4;bonfilm produção e distribuição audiovisual ltda;14462.0;10.383.039/0001-99;2022;6;9
2022-06-09;escrita íntima;B2100241700000;documentário;brasil;55;857.56;gullane entretenimento s.a.;848.0;01.378.559/0001-12;2022;6;9
2022-06-09;espero que esta te encontre e que estejas bem;B2000499300000;documentário;brasil;1782;21335.07;embauba filmes ltda;23638.0;15.144.532/0001-70;2022;6;9
2022-06-09;hello again a weeding day;E2200047200000;ficção;alemanha;230;3314.08;a2 distribuidora de filmes ltda epp;34811.0;18.338.912/0001-33;2022;6;9
2022-06-09;illusions perdues;E2200111300000;ficção;bélgica;8014;149797.28;antonio fernandes filmes ltda;532.0;02.668.665/0001-01;2022;6;9
2022-06-09;jesus kid;B2000240300000;ficção;brasil;988;11602.19;olhar distribuicao de filmes ltda;37242.0;28.083.221/0001-90;2022;6;9
2022-06-09;memory;E2200111100000;ficção;estados unidos;79636;1602989.7;diamond films do brasil produção e distribuição audiovisual ltda.;22724.0;17.095.184/0001-13;2022;6;9
2022-06-09;oxigênio;B2200186400000;ficção;brasil;37;370.0;panda filmes ltda;941.0;04.980.287/0001-14;2022;6;9
2022-06-09;redeeming love;E2200155200000;ficção;estados unidos;1584;32650.38;cinecolor do brasil ltda;2631.0;05.332.959/0001-48;2022;6;9
2022-06-09;the desperate hour;E2200087200000;ficção;estados unidos;41166;822730.95;sm distribuidora de filmes ltda;11922.0;08.257.054/0001-49;2022;6;9
2022-06-09;till death;E2200161700000;ficção;estados unidos;26064;501096.96;playarte pictures entretenimentos ltda.;443.0;00.943.231/0001-39;2022;6;9
2022-06-05;toada para josé siqueira;B2200181800000;documentário;brasil;139;825.0;complo producoes e oficinas ltda - me;16669.0;08.035.861/0001-17;2022;6;5
2022-06-02;1982 (nineteen eighty two);E2200109600000;ficção;frança;3505;63770.13;escarlate conteúdo audiovisual e experiencias criativas ltda - me;29173.0;13.029.754/0001-16;2022;6;2
2022-06-02;babardeala cu bucluc sau porno balamuc;E2200173600000;ficção;luxemburgo;9535;167528.19;tag cultural distribuidora de filmes ltda;173.0;03.599.148/0001-82;2022;6;2
2022-06-02;bonne mère;E2200156200000;ficção;frança;598;6686.42;zeta filmes ltda;22936.0;02.469.679/0001-98;2022;6;2
2022-06-02;jurassic world: dominion;E2200126300000;ficção;estados unidos;3958953;77162608.83;warner bros. (south) inc.;265.0;33.015.827/0001-28;2022;6;2
2022-06-02;tout s'est bien passé;E2200156600000;ficção;bélgica;2992;53824.2;antonio fernandes filmes ltda;532.0;02.668.665/0001-01;2022;6;2
2022-05-26;father stu;E2200057000000;ficção;estados unidos;13947;276003.11;columbia tristar filmes do brasil ltda;84.0;00.979.601/0001-98;2022;5;26
2022-05-26;o último país;B1800228100000;documentário;brasil;34;621.0;bureau de comunicação e eventos ltda;14054.0;79.873.451/0001-93;2022;5;26
2022-05-26;o último país;B1800228100000;documentário;brasil;231;2108.0;ivan carlos de melo produções culturais;38413.0;08.874.674/0001-27;2022;5;26
2022-05-26;suzanne daveau;E2200115300000;documentário;portugal;33;455.33;bretz filmes distribuidora e produtora ltda - epp;19243.0;39.079.678/0001-47;2022;5;26
2022-05-26;tantas almas;B2100148000000;ficção;brasil;604;5042.01;vitrine filmes ltda;16713.0;11.620.976/0001-83;2022;5;26
2022-05-26;top gun: maverick;E2200152800000;ficção;china;5065250;110486376.66;paramount pictures brasil distribuidora de filmes ltda;169.0;27.654.722/0001-16;2022;5;26
2022-05-19;a felicidade das coisas;B2200146400000;ficção;brasil;1455;19255.56;embauba filmes ltda;23638.0;15.144.532/0001-70;2022;5;19
2022-05-19;a felicidade das coisas;B2200146400000;ficção;brasil;9;90.0;kompanhia teatro multimídia de são paulo;57643.0;60.740.149/0001-39;2022;5;19
2022-05-19;amigos de risco;B1201566500000;ficção;brasil;1004;8002.25;inquieta cinema, cultura e comunicacao ltda.;29984.0;21.805.885/0001-76;2022;5;19
2022-05-19;dog;E2200109400000;ficção;estados unidos;30100;561583.75;diamond films do brasil produção e distribuição audiovisual ltda.;22724.0;17.095.184/0001-13;2022;5;19
2022-05-19;firestarter;E2200127000000;ficção;estados unidos;31981;571866.63;warner bros. (south) inc.;265.0;33.015.827/0001-28;2022;5;19
2022-05-19;miss;E2200150700000;ficção;bélgica;2151;36983.19;providence distribuidora de filmes ltda;12443.0;08.656.129/0001-64;2022;5;19
2022-05-19;o pai da rita;B2200080600000;ficção;brasil;1210;18530.65;o2 produções artísticas e cinematográficas ltda.;63.0;67.431.718/0001-03;2022;5;19
2022-05-19;presque;E2200134700000;ficção;frança;2552;47985.43;antonio fernandes filmes ltda;532.0;02.668.665/0001-01;2022;5;19
2022-05-19;pureza;B1900572600000;ficção;brasil;16799;280831.94;freespirit distribuidora de filmes ltda.;4904.0;07.616.202/0001-01;2022;5;19
2022-05-19;quatro amigas numa fria;B2100322700000;ficção;brasil;14241;261430.83;the walt disney company (brasil) ltda.;18398.0;73.042.962/0001-87;2022;5;19
2022-05-19;se eu contar, você escuta ?;B2200154700000;documentário;brasil;539;3003.64;t'ai criação e produção ltda;4885.0;07.110.153/0001-30;2022;5;19
2022-05-19;the medium;E2200135400000;ficção;coréia do sul;68303;1313458.3;sm distribuidora de filmes ltda;11922.0;08.257.054/0001-49;2022;5;19
2022-05-12;arthur rambo;E2200161800000;ficção;frança;822;10527.81;vitrine filmes ltda;16713.0;11.620.976/0001-83;2022;5;12
2022-05-12;black water: abyss;E2000553700000;ficção;austrália;12120;224723.45;playarte pictures entretenimentos ltda.;443.0;00.943.231/0001-39;2022;5;12
2022-05-12;meu amigãozão - o filme;B2200050700000;animação;brasil;17057;354629.14;o2 produções artísticas e cinematográficas ltda.;63.0;67.431.718/0001-03;2022;5;12
2022-05-12;o trem da utopia;B2100017600000;documentário;brasil;91;1413.13;e.h. filmes ltda;461.0;00.338.948/0001-51;2022;5;12
2022-05-12;onde dormem os sonhos;B2000003600000;documentário;brasil;56;347.7;ludwig maia arthouse distribuidora de filmes ltda;22808.0;05.249.852/0001-30;2022;5;12
2022-05-12;the northman;E2200083700000;ficção;estados unidos;273198;5855215.32;warner bros. (south) inc.;265.0;33.015.827/0001-28;2022;5;12
2022-05-12;the unbearable weight of massive talent;E2200088600000;ficção;estados unidos;25958;538996.39;sm distribuidora de filmes ltda;11922.0;08.257.054/0001-49;2022;5;12
2022-05-12;águas selvagens;B1900245500000;ficção;argentina;1037;21043.87;wmix distribuidora ltda.;1935.0;03.918.609/0001-32;2022;5;12
2022-05-10;quatro ases o monumental super herói de alvorada;B2200414500000;documentário;brasil;5910;41170.0;luciano da luz moucks;2985.0;02.743.258/0001-03;2022;5;10
2022-05-05;doctor strange in the multiverse of madness;E2200135700000;ficção;estados unidos;8489568;169430379.36;the walt disney company (brasil) ltda.;18398.0;73.042.962/0001-87;2022;5;5
2022-05-05;klondike;E2200131000000;ficção;turquia;1044;18409.83;providence distribuidora de filmes ltda;12443.0;08.656.129/0001-64;2022;5;5
2022-05-05;la fracture;E2200130900000;ficção;frança;4128;73570.63;tag cultural distribuidora de filmes ltda;173.0;03.599.148/0001-82;2022;5;5
2022-05-05;mirador;B2100367600000;ficção;brasil;504;5737.27;olhar distribuicao de filmes ltda;37242.0;28.083.221/0001-90;2022;5;5
2022-05-05;rebento;B1900037400000;ficção;brasil;521;3305.0;luz e misterio producoes artisticas ltda;34166.0;20.929.082/0001-60;2022;5;5
2022-05-05;rogai por nós;B2000365500000;documentário;brasil;11;244.75;film connection distribuidora de filmes ltda;5587.0;07.819.481/0001-00;2022;5;5
2022-04-28;a journal for jordan;E2200056800000;ficção;estados unidos;227;4411.98;columbia tristar filmes do brasil ltda;84.0;00.979.601/0001-98;2022;4;28
2022-04-28;detetives do prédio azul 3 - uma aventura no fim do mundo;B2100018500000;ficção;brasil;430085;8264397.21;sm distribuidora de filmes ltda;11922.0;08.257.054/0001-49;2022;4;28
2022-04-28;diavlo;E2200122000000;ficção;colômbia;3554;65961.32;cinecolor do brasil ltda;2631.0;05.332.959/0001-48;2022;4;28
2022-04-28;downton abbey: a new era;E2200025600000;ficção;estados unidos;18662;453879.29;warner bros. (south) inc.;265.0;33.015.827/0001-28;2022;4;28
2022-04-28;incompatível;B1900571100000;ficção;brasil;1977;41012.67;the walt disney company (brasil) ltda.;18398.0;73.042.962/0001-87;2022;4;28
2022-04-28;jujutsu kaisen 0: the movie;E2200065700000;animação;japão;267629;4942629.55;columbia tristar filmes do brasil ltda;84.0;00.979.601/0001-98;2022;4;28
2022-04-28;les olympiades, paris 13e;E2200131100000;ficção;frança;2256;35453.82;antonio fernandes filmes ltda;532.0;02.668.665/0001-01;2022;4;28
2022-04-28;matar a la bestia;B2100266400000;ficção;argentina;747;5822.95;vitrine filmes ltda;16713.0;11.620.976/0001-83;2022;4;28
2022-04-28;une histoire d’amour et de désir;E2200080200000;ficção;frança;154;3384.58;bonfilm produção e distribuição audiovisual ltda;14462.0;10.383.039/0001-99;2022;4;28
2022-04-21;flee;E2200130800000;animação;dinamarca;4763;81014.53;diamond films do brasil produção e distribuição audiovisual ltda.;22724.0;17.095.184/0001-13;2022;4;21
2022-04-21;nunca fomos tão modernos;B1900026800000;ficção;brasil;294;6617.57;pipa nativa produção cultural ltda;5467.0;05.933.574/0001-36;2022;4;21
2022-04-21;the lost city;E2200099800000;ficção;estados unidos;492000;9706902.94;paramount pictures brasil distribuidora de filmes ltda;169.0;27.654.722/0001-16;2022;4;21
2022-04-21;un triomphe;E2200118300000;ficção;frança;5968;107181.29;tag cultural distribuidora de filmes ltda;173.0;03.599.148/0001-82;2022;4;21
2022-04-14;fantastic beasts: the secrets of dumbledore;E2200083800000;ficção;estados unidos;2499926;48972250.82;warner bros. (south) inc.;265.0;33.015.827/0001-28;2022;4;14
2022-04-14;lola vers la mer;E2200128900000;ficção;bélgica;161;1729.0;csf distribuidora & streaming ltda;50343.0;39.493.419/0001-68;2022;4;14
2022-04-14;medida provisória;B2100259000000;ficção;brasil;471858;8388305.75;elo audiovisual serviços ltda;5672.0;07.700.630/0001-18;2022;4;14
2022-04-14;meu tricolor de aço 2 - um sonho que liberta;B2200123100000;documentário;brasil;976;12263.0;luz produções cinematográficas ltda.;1591.0;00.975.333/0001-36;2022;4;14
2022-04-14;o traidor;B2200089800000;ficção;brasil;3127;55815.7;providence distribuidora de filmes ltda;12443.0;08.656.129/0001-64;2022;4;14
2022-04-14;vitalina varela;E1900563400000;ficção;portugal;879;9728.73;zeta filmes ltda;22936.0;02.469.679/0001-98;2022;4;14
2022-04-07;a mesma parte de um homem;B2000523200000;ficção;brasil;683;8719.86;olhar distribuicao de filmes ltda;37242.0;28.083.221/0001-90;2022;4;7
2022-04-07;boîte noire;E2200079900000;ficção;bélgica;743;13659.33;bonfilm produção e distribuição audiovisual ltda;14462.0;10.383.039/0001-99;2022;4;7
2022-04-07;mar de dentro;B2100445800000;ficção;brasil;768;9179.8;antonio fernandes filmes ltda;532.0;02.668.665/0001-01;2022;4;7
2022-04-07;sonic the hedgehog 2;E2200087300000;ficção;estados unidos;3200371;57492753.66;paramount pictures brasil distribuidora de filmes ltda;169.0;27.654.722/0001-16;2022;4;7
2022-04-07;the pact;E2200055700000;ficção;bélgica;1786;33167.83;a2 distribuidora de filmes ltda epp;34811.0;18.338.912/0001-33;2022;4;7
2022-04-07;tre piani;E2200016700000;ficção;frança;7866;156263.07;tag cultural distribuidora de filmes ltda;173.0;03.599.148/0001-82;2022;4;7
2022-03-31;1999 - a conquista da américa;B2200063900000;documentário;brasil;1122;17189.94;elo audiovisual serviços ltda;5672.0;07.700.630/0001-18;2022;3;31
2022-03-31;alemão 2;B2200048000000;ficção;brasil;39952;764642.91;vitrine filmes ltda;16713.0;11.620.976/0001-83;2022;3;31
2022-03-31;mateína;B2100119800000;ficção;brasil;884;12273.43;lanca distribuidora de filmes ltda;25115.0;18.384.267/0001-95;2022;3;31
2022-03-31;morbius;E2000066700000;ficção;estados unidos;1262917;23488449.08;columbia tristar filmes do brasil ltda;84.0;00.979.601/0001-98;2022;3;31
2022-03-31;o presidente improvável;B2200054000000;documentário;brasil;414;8010.73;bretz filmes distribuidora e produtora ltda - epp;19243.0;39.079.678/0001-47;2022;3;31
2022-03-31;ooops! the adventure continues;E2200021000000;animação;irlanda;29702;567014.27;playarte pictures entretenimentos ltda.;443.0;00.943.231/0001-39;2022;3;31
2022-03-31;pajeú;B2000255000000;documentário;brasil;642;6755.35;embauba filmes ltda;23638.0;15.144.532/0001-70;2022;3;31
2022-03-24;ambulance;E2200025700000;ficção;estados unidos;151129;2836639.16;warner bros. (south) inc.;265.0;33.015.827/0001-28;2022;3;24
2022-03-24;gafas amarillas;B2000297100000;ficção;brasil;30;205.2;ludwig maia arthouse distribuidora de filmes ltda;22808.0;05.249.852/0001-30;2022;3;24
2022-03-24;garçon chiffon;E2200105600000;ficção;frança;1017;16228.19;tag cultural distribuidora de filmes ltda;173.0;03.599.148/0001-82;2022;3;24
2022-03-24;me tira da mira;B2200049700000;ficção;brasil;36375;651415.04;wmix distribuidora ltda.;1935.0;03.918.609/0001-32;2022;3;24
2022-03-24;médicin de nuit;E2200080100000;ficção;frança;1495;24680.76;bonfilm produção e distribuição audiovisual ltda;14462.0;10.383.039/0001-99;2022;3;24
2022-03-24;supai no tsuma;E2100412600000;ficção;japão;1545;25144.45;zeta filmes ltda;22936.0;02.469.679/0001-98;2022;3;24
2022-03-24;the worst person in the world;E2200072200000;ficção;dinamarca;52620;1075925.98;diamond films do brasil produção e distribuição audiovisual ltda.;22724.0;17.095.184/0001-13;2022;3;24
2022-03-23;tambores da diáspora;B2100484900000;documentário;brasil;216;3278.45;kalakuta produções artísticas ltda - epp;41411.0;31.259.097/0001-85;2022;3;23
2022-03-17;a espera de liz;B2000294200000;ficção;brasil;56;640.0;providence distribuidora de filmes ltda;12443.0;08.656.129/0001-64;2022;3;17
2022-03-17;das vorspiel;E2200054900000;ficção;alemanha;538;4095.0;csf distribuidora & streaming ltda;50343.0;39.493.419/0001-68;2022;3;17
2022-03-17;drive my car;E2200082000000;ficção;japão;35963;693822.17;o2 produções artísticas e cinematográficas ltda.;63.0;67.431.718/0001-03;2022;3;17
2022-03-17;filme ensaio;B1800480100000;documentário;brasil;26;216.6;ludwig maia arthouse distribuidora de filmes ltda;22808.0;05.249.852/0001-30;2022;3;17
2022-03-17;ménage;B2000254900000;ficção;brasil;715;11169.04;lira filmes produções ltda me;28406.0;21.054.261/0001-64;2022;3;17
2022-03-17;studio 666;E2200057100000;ficção;estados unidos;1326;31371.6;columbia tristar filmes do brasil ltda;84.0;00.979.601/0001-98;2022;3;17
2022-03-17;swingueira;B2100326700000;documentário;brasil;57;505.0;labav laboratorio audiovisual ltda;36329.0;18.729.607/0001-72;2022;3;17
2022-03-17;tarsilinha;B2000065800000;animação;brasil;7907;143306.19;h2o distribuidora de filmes ltda;21541.0;15.372.472/0001-42;2022;3;17
2022-03-17;the bad guys;E2200025500000;animação;estados unidos;505641;9141991.98;warner bros. (south) inc.;265.0;33.015.827/0001-28;2022;3;17
2022-03-17;the banishing;E2200024400000;ficção;reino unido;82343;1462706.84;playarte pictures entretenimentos ltda.;443.0;00.943.231/0001-39;2022;3;17
2022-03-17;vale night;B2200040500000;ficção;brasil;10844;188089.51;the walt disney company (brasil) ltda.;18398.0;73.042.962/0001-87;2022;3;17
2022-03-12;bts permission to dance on stage - seoul: live viewing;E2200081900000;vídeomusical;coréia do sul;71640;3011330.28;cinecolor do brasil ltda;2631.0;05.332.959/0001-48;2022;3;12
2022-03-10;belfast;E2100524100000;ficção;estados unidos;55714;1327310.46;warner bros. (south) inc.;265.0;33.015.827/0001-28;2022;3;10
2022-03-10;blacklight;E2200016300000;ficção;austrália;79336;1531930.36;antonio fernandes filmes ltda;532.0;02.668.665/0001-01;2022;3;10
2022-03-10;fabian going to the dogs;E2200063500000;ficção;alemanha;537;6423.23;zeta filmes ltda;22936.0;02.469.679/0001-98;2022;3;10
2022-03-10;sword art online: progressive movie - hoshi naki yoru no aria;E2200036300000;animação;japão;7153;146494.44;columbia tristar filmes do brasil ltda;84.0;00.979.601/0001-98;2022;3;10
2022-03-10;visões do império;E2200038800000;documentário;portugal;55;846.87;bretz filmes distribuidora e produtora ltda - epp;19243.0;39.079.678/0001-47;2022;3;10
2022-03-03;jump, darling;E2200047400000;ficção;canadá;545;10155.47;a2 distribuidora de filmes ltda epp;34811.0;18.338.912/0001-33;2022;3;3
2022-03-03;petite maman;E2100458200000;ficção;frança;2172;35682.66;diamond films do brasil produção e distribuição audiovisual ltda.;22724.0;17.095.184/0001-13;2022;3;3
2022-03-03;the batman;E2200036200000;ficção;estados unidos;5902969;114983811.5;warner bros. (south) inc.;265.0;33.015.827/0001-28;2022;3;3
2022-02-24;adieu les cons;E2200065600000;ficção;frança;1630;28250.72;cinematográfica polifilmes ltda-me;2550.0;60.469.871/0001-80;2022;2;24
2022-02-24;bergman island;E2200041200000;ficção;alemanha;4817;66879.75;providence distribuidora de filmes ltda;12443.0;08.656.129/0001-64;2022;2;24
2022-02-24;fireheart;E2100534500000;animação;canadá;215165;4041591.55;sm distribuidora de filmes ltda;11922.0;08.257.054/0001-49;2022;2;24
2022-02-24;transversais;B2100487400000;documentário;brasil;478;6728.17;deberton filmes e producoes ltda;16822.0;07.202.193/0001-02;2022;2;24
2022-02-17;a jaula;B2100498100000;ficção;brasil;22967;394715.6;the walt disney company (brasil) ltda.;18398.0;73.042.962/0001-87;2022;2;17
2022-02-17;fora de cena;B2100154900000;ficção;brasil;146;2334.7;kinopus audiovisual ltda - me;4021.0;06.236.625/0001-33;2022;2;17
2022-02-17;licorice pizza;E2100524300000;ficção;estados unidos;56018;1223146.67;warner bros. (south) inc.;265.0;33.015.827/0001-28;2022;2;17
2022-02-17;primavera;B1700247000000;ficção;brasil;483;7247.21;o2 produções artísticas e cinematográficas ltda.;63.0;67.431.718/0001-03;2022;2;17
2022-02-17;rio de vozes;B1900332300000;documentário;brasil;786;7301.02;providence distribuidora de filmes ltda;12443.0;08.656.129/0001-64;2022;2;17
2022-02-17;uncharted;E2100542400000;ficção;estados unidos;1488866;27300525.74;columbia tristar filmes do brasil ltda;84.0;00.979.601/0001-98;2022;2;17
2022-02-10;c'mon c'mon;E2100407500000;ficção;estados unidos;12862;267117.29;diamond films do brasil produção e distribuição audiovisual ltda.;22724.0;17.095.184/0001-13;2022;2;10
2022-02-10;death on the nile;E2000343400000;ficção;estados unidos;310962;6921294.62;the walt disney company (brasil) ltda.;18398.0;73.042.962/0001-87;2022;2;10
2022-02-10;délicieux;E2200022200000;ficção;bélgica;2083;39777.0;playarte pictures entretenimentos ltda.;443.0;00.943.231/0001-39;2022;2;10
2022-02-10;marry me;E2000411700000;ficção;estados unidos;58035;1077117.79;warner bros. (south) inc.;265.0;33.015.827/0001-28;2022;2;10
2022-02-10;the exorcism of god;E2200016500000;ficção;estados unidos;394981;6896232.78;wmix distribuidora ltda.;1935.0;03.918.609/0001-32;2022;2;10
2022-02-10;the woman who ran;E2100483100000;ficção;coréia do sul;2240;33327.97;providence distribuidora de filmes ltda;12443.0;08.656.129/0001-64;2022;2;10
2022-02-03;gulliver returns;E2100201500000;animação;ucrânia;35655;600272.37;wmix distribuidora ltda.;1935.0;03.918.609/0001-32;2022;2;3
2022-02-03;madres paralelas;E2200016400000;ficção;espanha;26164;502696.65;o2 produções artísticas e cinematográficas ltda.;63.0;67.431.718/0001-03;2022;2;3
2022-02-03;moonfall;E2100554100000;ficção;canadá;482381;8639091.99;diamond films do brasil produção e distribuição audiovisual ltda.;22724.0;17.095.184/0001-13;2022;2;3
2022-02-03;tô ryca! 2;B2200003500000;ficção;brasil;522782;8598477.11;freespirit distribuidora de filmes ltda.;4904.0;07.616.202/0001-01;2022;2;3
2022-01-27;belle: the dragon and the freckled princess;E2100523100000;animação;japão;5031;92809.89;sm distribuidora de filmes ltda;11922.0;08.257.054/0001-49;2022;1;27
2022-01-27;em busca do u-513;B2000065400000;documentário;brasil;14;268.78;schürmann produções cinematográficas ltda;7132.0;00.132.102/0001-60;2022;1;27
2022-01-27;fortaleza hotel;B2100105600000;ficção;brasil;1321;12295.14;vitrine filmes ltda;16713.0;11.620.976/0001-83;2022;1;27
2022-01-27;lunana, a yak in theclassroom;E2200013400000;ficção;butão;20278;338836.84;providence distribuidora de filmes ltda;12443.0;08.656.129/0001-64;2022;1;27
2022-01-27;nightmare alley;E2100518400000;ficção;estados unidos;83746;1927890.8;the walt disney company (brasil) ltda.;18398.0;73.042.962/0001-87;2022;1;27
2022-01-27;passagem secreta;B2000100300000;ficção;brasil;58;1241.16;a2 distribuidora de filmes ltda epp;34811.0;18.338.912/0001-33;2022;1;27
2022-01-27;spencer;E2100412100000;ficção;alemanha;108904;2573729.06;diamond films do brasil produção e distribuição audiovisual ltda.;22724.0;17.095.184/0001-13;2022;1;27
2022-01-27;summer of soul (...or, when the revolution could not be televised);E2100468400000;documentário;estados unidos;6100;86657.81;the walt disney company (brasil) ltda.;18398.0;73.042.962/0001-87;2022;1;27
2022-01-20;i never cry;E2100468300000;ficção;irlanda;2370;39180.33;arteplex distribuidora ltda;41991.0;31.694.954/0001-75;2022;1;20
2022-01-20;the 355;E2100409400000;ficção;china;70567;1289172.3;diamond films do brasil produção e distribuição audiovisual ltda.;22724.0;17.095.184/0001-13;2022;1;20
2022-01-13;benedetta;E2100515700000;ficção;frança;16884;298082.72;tag cultural distribuidora de filmes ltda;173.0;03.599.148/0001-82;2022;1;13
2022-01-13;juntos e enrolados;B2100532300000;ficção;brasil;250131;4308595.98;wmix distribuidora ltda.;1935.0;03.918.609/0001-32;2022;1;13
2022-01-13;scream;E2100516900000;ficção;estados unidos;913362;15854700.1;paramount pictures brasil distribuidora de filmes ltda;169.0;27.654.722/0001-16;2022;1;13
2022-01-06;my hero academia: world heroes' mission;E2100529300000;animação;japão;29932;555226.68;columbia tristar filmes do brasil ltda;84.0;00.979.601/0001-98;2022;1;6
2022-01-06;rifkin´s festival;E2100287700000;ficção;espanha;28260;683094.48;wmix distribuidora ltda.;1935.0;03.918.609/0001-32;2022;1;6
2022-01-06;sing 2;E2100492600000;animação;estados unidos;1617616;26646129.3;warner bros. (south) inc.;265.0;33.015.827/0001-28;2022;1;6
2022-01-06;the king's man;E2000326000000;ficção;estados unidos;196058;3932655.75;the walt disney company (brasil) ltda.;18398.0;73.042.962/0001-87;2022;1;6
2022-01-06;wheel of fortune and fantasy;E2100519100000;ficção;japão;5589;90877.68;providence distribuidora de filmes ltda;12443.0;08.656.129/0001-64;2022;1;6
2022-01-01;eduardo e mônica;B2000096200000;ficção;brasil;406064;7601477.22;freespirit distribuidora de filmes ltda.;4904.0;07.616.202/0001-01;2022;1;1
2022-01-01;pixinguinha, um homem carinhoso;B1900508000000;ficção;brasil;5995;111465.87;freespirit distribuidora de filmes ltda.;4904.0;07.616.202/0001-01;2022;1;1
2021-12-30;turma da mônica: lições;B2100496300000;ficção;brasil;822864;13525818.08;sm distribuidora de filmes ltda;11922.0;08.257.054/0001-49;2021;12;30
2021-12-23;annette;E2100486300000;ficção;estados unidos;1155;21720.11;o2 produções artísticas e cinematográficas ltda.;63.0;67.431.718/0001-03;2021;12;23
2021-12-23;cora;B1900148000000;ficção;brasil;61;1085.0;providence distribuidora de filmes ltda;12443.0;08.656.129/0001-64;2021;12;23
2021-12-23;i'm your man;E2100486900000;ficção;alemanha;3402;67179.73;diamond films do brasil produção e distribuição audiovisual ltda.;22724.0;17.095.184/0001-13;2021;12;23
2021-12-23;silent night;E2100492500000;ficção;inglaterra;932;18168.86;sm distribuidora de filmes ltda;11922.0;08.257.054/0001-49;2021;12;23
2021-12-23;undine;E2100494100000;ficção;alemanha;2496;38122.66;tag cultural distribuidora de filmes ltda;173.0;03.599.148/0001-82;2021;12;23
2021-12-22;the matrix resurrections;E2100503500000;ficção;estados unidos;1043019;19616169.3;warner bros. (south) inc.;265.0;33.015.827/0001-28;2021;12;22
2021-12-21;todas por uma;B2200305500000;documentário;brasil;2;20.0;kompanhia teatro multimídia de são paulo;57643.0;60.740.149/0001-39;2021;12;21
2021-12-16;amor fati;E2100506200000;documentário;frança;22;277.01;bretz filmes distribuidora e produtora ltda - epp;19243.0;39.079.678/0001-47;2021;12;16
2021-12-16;azor;E2100412500000;ficção;argentina;2076;31789.28;vitrine filmes ltda;16713.0;11.620.976/0001-83;2021;12;16
2021-12-16;futur drei;E2100420300000;ficção;alemanha;155;2839.91;olhar distribuicao de filmes ltda;37242.0;28.083.221/0001-90;2021;12;16
2021-12-16;spider-man: no way home;E2100453300000;ficção;estados unidos;17382043;317432866.99;columbia tristar filmes do brasil ltda;84.0;00.979.601/0001-98;2021;12;16
2021-12-16;two of us;E2100486000000;ficção;frança;2026;32191.98;tag cultural distribuidora de filmes ltda;173.0;03.599.148/0001-82;2021;12;16
2021-12-09;cocoon;E2100420200000;ficção;alemanha;320;4688.91;olhar distribuicao de filmes ltda;37242.0;28.083.221/0001-90;2021;12;9
2021-12-09;don’t look up;E2100491900000;ficção;estados unidos;5899;107867.81;o2 produções artísticas e cinematográficas ltda.;63.0;67.431.718/0001-03;2021;12;9
2021-12-09;hermanoteu na terra de godah;B2100497800000;ficção;brasil;8;173.16;warner bros. (south) inc.;265.0;33.015.827/0001-28;2021;12;9
2021-12-09;madalena;B2100218200000;ficção;brasil;292;2293.56;vitrine filmes ltda;16713.0;11.620.976/0001-83;2021;12;9
2021-12-09;monster family 2;E2100424300000;animação;alemanha;19933;323049.35;sm distribuidora de filmes ltda;11922.0;08.257.054/0001-49;2021;12;9
2021-12-09;nine days;E2100497700000;ficção;estados unidos;1452;29675.85;columbia tristar filmes do brasil ltda;84.0;00.979.601/0001-98;2021;12;9
2021-12-09;the ice road;E2100275800000;ficção;estados unidos;88078;1463277.51;wmix distribuidora ltda.;1935.0;03.918.609/0001-32;2021;12;9
2021-12-09;west side story;E2100515600000;ficção;estados unidos;34499;717779.39;the walt disney company (brasil) ltda.;18398.0;73.042.962/0001-87;2021;12;9
2021-12-09;when mom is away… with the family /10 giorni con babbo natale;E2100476300000;ficção;itália;70;1242.36;a2 distribuidora de filmes ltda epp;34811.0;18.338.912/0001-33;2021;12;9
2021-12-09;yaga. koshmar tyomnogo lesa;E2100430900000;ficção;rússia;26602;424980.92;playarte pictures entretenimentos ltda.;443.0;00.943.231/0001-39;2021;12;9
2021-12-09;yalda a night for forgiveness;E2100449100000;ficção;alemanha;1337;22079.45;tag cultural distribuidora de filmes ltda;173.0;03.599.148/0001-82;2021;12;9
2021-12-02;clifford the big red dog;E2100448400000;ficção;canadá;191419;3048298.13;paramount pictures brasil distribuidora de filmes ltda;169.0;27.654.722/0001-16;2021;12;2
2021-12-02;falling;E2100490100000;ficção;canadá;369;7419.15;antonio fernandes filmes ltda;532.0;02.668.665/0001-01;2021;12;2
2021-12-02;king richard;E2100465400000;ficção;estados unidos;56232;1294932.04;warner bros. (south) inc.;265.0;33.015.827/0001-28;2021;12;2
2021-12-02;lara;E2100475700000;ficção;alemanha;1140;19115.8;tag cultural distribuidora de filmes ltda;173.0;03.599.148/0001-82;2021;12;2
2021-12-02;nheengatu;B2000319500000;documentário;brasil;38;554.0;providence distribuidora de filmes ltda;12443.0;08.656.129/0001-64;2021;12;2
2021-12-02;qu'est-ce qu'on a encore fait au bon dieu?;E2000199300000;ficção;frança;701;11829.55;a2 distribuidora de filmes ltda epp;34811.0;18.338.912/0001-33;2021;12;2
2021-12-02;resident evil: welcome to raccoon city;E2100453100000;ficção;estados unidos;283587;4601321.2;columbia tristar filmes do brasil ltda;84.0;00.979.601/0001-98;2021;12;2
2021-12-02;selvagem;B2000097600000;ficção;brasil;1076;5360.04;pietà filmes e produções ltda epp;20926.0;14.341.183/0001-13;2021;12;2
2021-12-02;show me the father;E2100432600000;documentário;estados unidos;14093;212192.19;360 entretenimento e distribuição de filmes ltda;31182.0;22.208.152/0001-17;2021;12;2
2021-12-02;the comeback trail;E2100474400000;ficção;estados unidos;10465;190502.98;sm distribuidora de filmes ltda;11922.0;08.257.054/0001-49;2021;12;2
2021-12-02;the hand of god;E2100476500000;ficção;itália;1944;31520.06;o2 produções artísticas e cinematográficas ltda.;63.0;67.431.718/0001-03;2021;12;2
2021-12-02;wild - rede selvagem;B2000059800000;documentário;brasil;16;276.32;bretz filmes distribuidora e produtora ltda - epp;19243.0;39.079.678/0001-47;2021;12;2
2021-11-25;a sogra perfeita;B2000484000000;ficção;brasil;66466;841066.57;sm distribuidora de filmes ltda;11922.0;08.257.054/0001-49;2021;11;25
2021-11-25;cravos;B1900005600000;documentário;brasil;66;920.28;elo audiovisual serviços ltda;5672.0;07.700.630/0001-18;2021;11;25
2021-11-25;deserto particular;B2100408300000;ficção;brasil;9141;145378.13;providence distribuidora de filmes ltda;12443.0;08.656.129/0001-64;2021;11;25
2021-11-25;encanto;E2100480200000;animação;estados unidos;1372764;21000944.98;the walt disney company (brasil) ltda.;18398.0;73.042.962/0001-87;2021;11;25
2021-11-25;house of gucci;E2100465100000;ficção;estados unidos;444590;9688895.47;warner bros. (south) inc.;265.0;33.015.827/0001-28;2021;11;25
2021-11-25;madre;E2100461000000;ficção;espanha;546;7687.61;tag cultural distribuidora de filmes ltda;173.0;03.599.148/0001-82;2021;11;25
2021-11-25;meu querido supermercado;B2000227100000;documentário;brasil;22;433.0;elo audiovisual serviços ltda;5672.0;07.700.630/0001-18;2021;11;25
2021-11-25;o novelo;B2000484500000;ficção;brasil;282;2803.0;o2 produções artísticas e cinematográficas ltda.;63.0;67.431.718/0001-03;2021;11;25
2021-11-25;the unforgivable;E2100476700000;ficção;alemanha;1607;29146.39;wmix distribuidora ltda.;1935.0;03.918.609/0001-32;2021;11;25
2021-11-18;chernobyl: abyss;E2100461100000;ficção;rússia;14910;251841.02;sm distribuidora de filmes ltda;11922.0;08.257.054/0001-49;2021;11;18
2021-11-18;galeria futuro;B2100363400000;ficção;brasil;554;7487.93;h2o distribuidora de filmes ltda;21541.0;15.372.472/0001-42;2021;11;18
2021-11-18;ghostbusters: afterlife;E2100408600000;ficção;canadá;503233;7773856.63;columbia tristar filmes do brasil ltda;84.0;00.979.601/0001-98;2021;11;18
2021-11-18;hope gap;E1900268300000;ficção;reino unido;616;13020.63;antonio fernandes filmes ltda;532.0;02.668.665/0001-01;2021;11;18
2021-11-18;last night in soho;E2100412300000;ficção;estados unidos;47133;771404.52;warner bros. (south) inc.;265.0;33.015.827/0001-28;2021;11;18
2021-11-18;nina;B2100452100000;ficção;brasil;86;1617.21;cannes produções s/a;2250.0;72.672.017/0001-04;2021;11;18
2021-11-18;noite de fogo;B2100427500000;ficção;alemanha;948;7324.75;vitrine filmes ltda;16713.0;11.620.976/0001-83;2021;11;18
2021-11-18;the french dispatch;E2100432700000;ficção;estados unidos;30750;698898.97;the walt disney company (brasil) ltda.;18398.0;73.042.962/0001-87;2021;11;18
2021-11-18;the power of the dog;E2100476600000;ficção;estados unidos;2376;35332.88;o2 produções artísticas e cinematográficas ltda.;63.0;67.431.718/0001-03;2021;11;18
2021-11-11;bob cuspe - nós não gostamos de gente;B2100017700000;animação;brasil;1565;25929.49;vitrine filmes ltda;16713.0;11.620.976/0001-83;2021;11;11
2021-11-11;curral;B2100324700000;ficção;brasil;926;14509.62;providence distribuidora de filmes ltda;12443.0;08.656.129/0001-64;2021;11;11
2021-11-11;dear evan hansen;E2100412200000;ficção;estados unidos;11692;265086.98;warner bros. (south) inc.;265.0;33.015.827/0001-28;2021;11;11
2021-11-11;god's not dead: we the people;E2100436900000;ficção;estados unidos;89035;1338883.43;antonio fernandes filmes ltda;532.0;02.668.665/0001-01;2021;11;11
2021-11-11;honey cigar;E2100423900000;ficção;frança;1983;33056.25;tag cultural distribuidora de filmes ltda;173.0;03.599.148/0001-82;2021;11;11
2021-11-11;lutar, lutar, lutar;B2100424200000;documentário;brasil;9586;190935.83;embauba filmes ltda;23638.0;15.144.532/0001-70;2021;11;11
2021-11-11;the protege;E2100371700000;ficção;estados unidos;41221;727869.91;wmix distribuidora ltda.;1935.0;03.918.609/0001-32;2021;11;11
2021-11-11;tick, tick...boom!;E2100451600000;ficção;estados unidos;374;7716.6;o2 produções artísticas e cinematográficas ltda.;63.0;67.431.718/0001-03;2021;11;11
2021-11-04;7 prisioneiros;B2100436200000;ficção;brasil;729;12620.21;o2 produções artísticas e cinematográficas ltda.;63.0;67.431.718/0001-03;2021;11;4
2021-11-04;amigo arrigo;B2000163700000;documentário;brasil;21;144.0;elo audiovisual serviços ltda;5672.0;07.700.630/0001-18;2021;11;4
2021-11-04;eternals;E2100371000000;ficção;estados unidos;4155043;71212502.44;the walt disney company (brasil) ltda.;18398.0;73.042.962/0001-87;2021;11;4
2021-11-04;here we are;E2100390600000;ficção;israel;793;14246.09;tag cultural distribuidora de filmes ltda;173.0;03.599.148/0001-82;2021;11;4
2021-11-04;marighella;B2000006700000;ficção;brasil;327976;6215045.45;sm distribuidora de filmes ltda;11922.0;08.257.054/0001-49;2021;11;4
2021-11-04;red notice;E2100448800000;ficção;estados unidos;27629;424853.35;wmix distribuidora ltda.;1935.0;03.918.609/0001-32;2021;11;4
2021-10-28;antlers;E2000099100000;ficção;canadá;95093;1532063.47;the walt disney company (brasil) ltda.;18398.0;73.042.962/0001-87;2021;10;28
2021-10-28;curupira o demônio da floresta;B2100367400000;ficção;brasil;705;10335.67;o2 produções artísticas e cinematográficas ltda.;63.0;67.431.718/0001-03;2021;10;28
2021-10-28;family romance;E2100404700000;ficção;estados unidos;4818;85857.7;arteplex distribuidora ltda;41991.0;31.694.954/0001-75;2021;10;28
2021-10-28;júpiter;B2000047900000;ficção;brasil;15;50.4;encripta s/a;22364.0;15.182.829/0001-20;2021;10;28
2021-10-28;lamaçal;B2100075500000;ficção;argentina;89;1288.1;elo audiovisual serviços ltda;5672.0;07.700.630/0001-18;2021;10;28
2021-10-28;les traducteurs;E2000497300000;ficção;frança;5353;125865.9;tag cultural distribuidora de filmes ltda;173.0;03.599.148/0001-82;2021;10;28
2021-10-28;made in italy;E2100227600000;ficção;itália;4469;117587.89;antonio fernandes filmes ltda;532.0;02.668.665/0001-01;2021;10;28
2021-10-28;os caminhos do meu pai;B2100242000000;ficção;brasil;217;3068.23;ivan carlos de melo produções culturais;38413.0;08.874.674/0001-27;2021;10;28
2021-10-28;the addams family 2;E2100404800000;animação;estados unidos;703649;11318872.41;warner bros. (south) inc.;265.0;33.015.827/0001-28;2021;10;28
2021-10-28;the courier;E2000489400000;ficção;inglaterra;7619;145016.07;playarte pictures entretenimentos ltda.;443.0;00.943.231/0001-39;2021;10;28
2021-10-28;the nest (il nido);E2100422000000;ficção;itália;108;2169.85;a2 distribuidora de filmes ltda epp;34811.0;18.338.912/0001-33;2021;10;28
2021-10-21;cabeça de nêgo;B2000386800000;ficção;brasil;2203;26849.5;corte seco filmes ltda;12897.0;04.761.874/0001-12;2021;10;21
2021-10-21;dune;E2100356100000;ficção;canadá;843407;16662840.87;warner bros. (south) inc.;265.0;33.015.827/0001-28;2021;10;21
2021-10-21;ron's gone wrong;E2100371300000;animação;estados unidos;240472;3870189.07;the walt disney company (brasil) ltda.;18398.0;73.042.962/0001-87;2021;10;21
2021-10-21;sanctorum;E2100337900000;ficção;méxico;135;2114.82;zeta filmes ltda;22936.0;02.469.679/0001-98;2021;10;21
2021-10-14;amarração do amor;B2000454300000;ficção;brasil;25802;429867.98;sm distribuidora de filmes ltda;11922.0;08.257.054/0001-49;2021;10;14
2021-10-14;fátima;E2000141500000;ficção;estados unidos;63876;1018139.39;diamond films do brasil produção e distribuição audiovisual ltda.;22724.0;17.095.184/0001-13;2021;10;14
2021-10-14;halloween kills;E2100386500000;ficção;estados unidos;419105;6457388.83;warner bros. (south) inc.;265.0;33.015.827/0001-28;2021;10;14
2021-10-14;sous les étoiles de paris;E2100318300000;ficção;frança;2196;42041.85;a2 distribuidora de filmes ltda epp;34811.0;18.338.912/0001-33;2021;10;14
2021-10-14;tais & taiane;B1800567100000;ficção;brasil;54;808.86;providence distribuidora de filmes ltda;12443.0;08.656.129/0001-64;2021;10;14
2021-10-14;the last duel;E2100371500000;ficção;estados unidos;59342;1257169.02;the walt disney company (brasil) ltda.;18398.0;73.042.962/0001-87;2021;10;14
2021-10-07;a princesa da yakuza;B2100271200000;ficção;brasil;108;2504.0;warner bros. (south) inc.;265.0;33.015.827/0001-28;2021;10;7
2021-10-07;fever dream;E2100405000000;ficção;chile;197;3275.69;o2 produções artísticas e cinematográficas ltda.;63.0;67.431.718/0001-03;2021;10;7
2021-10-07;the man who sold his skin;E2100324900000;ficção;tunísia;6181;121464.24;providence distribuidora de filmes ltda;12443.0;08.656.129/0001-64;2021;10;7
2021-10-07;venom: let there be carnage;E2100322300000;ficção;estados unidos;4100228;67205235.82;columbia tristar filmes do brasil ltda;84.0;00.979.601/0001-98;2021;10;7
2021-09-30;adn;E2000480200000;ficção;argélia;2131;29486.68;vitrine filmes ltda;16713.0;11.620.976/0001-83;2021;9;30
2021-09-30;ainbo - the spirit of the amazon;E2000550900000;animação;peru;152322;2376029.04;sm distribuidora de filmes ltda;11922.0;08.257.054/0001-49;2021;9;30
2021-09-30;no time to die;E1900438800000;ficção;estados unidos;1091342;22887509.35;warner bros. (south) inc.;265.0;33.015.827/0001-28;2021;9;30
2021-09-30;o jardim secreto de mariana;B2100347700000;ficção;brasil;818;16310.47;h2o distribuidora de filmes ltda;21541.0;15.372.472/0001-42;2021;9;30
2021-09-30;roe v. wade;E2100318100000;ficção;estados unidos;145;2598.82;a2 distribuidora de filmes ltda epp;34811.0;18.338.912/0001-33;2021;9;30
2021-09-30;zimba;B2000042900000;documentário;brasil;57;1037.03;bretz filmes distribuidora e produtora ltda - epp;19243.0;39.079.678/0001-47;2021;9;30
2021-09-28;paulo césar pinheiro - letra e alma;B2100219200000;documentário;brasil;7;70.0;kompanhia teatro multimídia de são paulo;57643.0;60.740.149/0001-39;2021;9;28
2021-09-25;relativity;E2100055900000;ficção;alemanha;5728;93761.5;arteplex distribuidora ltda;41991.0;31.694.954/0001-75;2021;9;25
2021-09-23;araña;B2100294600000;ficção;chile;1422;26411.46;providence distribuidora de filmes ltda;12443.0;08.656.129/0001-64;2021;9;23
2021-09-23;coda;E2100262900000;ficção;estados unidos;38381;791346.32;diamond films do brasil produção e distribuição audiovisual ltda.;22724.0;17.095.184/0001-13;2021;9;23
2021-09-23;dora e gabriel;B2000468500000;ficção;brasil;87;1535.88;o2 produções artísticas e cinematográficas ltda.;63.0;67.431.718/0001-03;2021;9;23
2021-09-23;fluxos;B1900463100000;documentário;brasil;69;704.0;frederico da cruz machado - me;11990.0;03.553.092/0001-25;2021;9;23
2021-09-23;garota da moto;B2000367000000;ficção;brasil;2894;49036.58;sm distribuidora de filmes ltda;11922.0;08.257.054/0001-49;2021;9;23
2021-09-23;la llorona;E2100306500000;ficção;guatemala;4128;26088.06;encripta s/a;22364.0;15.182.829/0001-20;2021;9;23
2021-09-23;maya the bee 3: the golden orb;E2100322800000;animação;alemanha;24921;392449.4;playarte pictures entretenimentos ltda.;443.0;00.943.231/0001-39;2021;9;23
2021-09-23;nem tudo se desfaz;B2100226000000;documentário;brasil;247;5375.0;lavra editora e producoes cinematograficas eireli;41677.0;31.608.781/0001-25;2021;9;23
2021-09-23;o filho único do meu pai;B2100261800000;ficção;brasil;896;11869.19;danilo pontes ferreira de carvalho - me;21535.0;07.847.012/0001-03;2021;9;23
2021-09-23;o sentido da vida;B2000320300000;documentário;portugal;151;2810.28;sm distribuidora de filmes ltda;11922.0;08.257.054/0001-49;2021;9;23
2021-09-23;o silêncio da chuva;B2100070100000;ficção;brasil;1666;29992.16;elo audiovisual serviços ltda;5672.0;07.700.630/0001-18;2021;9;23
2021-09-23;the night house;E2100318500000;ficção;inglaterra;133181;2151307.21;the walt disney company (brasil) ltda.;18398.0;73.042.962/0001-87;2021;9;23
2021-09-23;você não é um soldado;B2100281200000;documentário;brasil;68;897.79;elo audiovisual serviços ltda;5672.0;07.700.630/0001-18;2021;9;23
2021-09-22;amor sem medida;B2100401000000;ficção;brasil;95;1130.0;freespirit distribuidora de filmes ltda.;4904.0;07.616.202/0001-01;2021;9;22
2021-09-16;boss level;E2100116500000;ficção;estados unidos;89771;1552220.03;wmix distribuidora ltda.;1935.0;03.918.609/0001-32;2021;9;16
2021-09-16;cry macho;E2100328400000;ficção;estados unidos;7974;195911.09;warner bros. (south) inc.;265.0;33.015.827/0001-28;2021;9;16
2021-09-16;escape room: tournament of champions;E2100264000000;ficção;estados unidos;186190;3017928.02;columbia tristar filmes do brasil ltda;84.0;00.979.601/0001-98;2021;9;16
2021-09-16;los lobos;E2100163400000;ficção;méxico;802;12702.39;vitrine filmes ltda;16713.0;11.620.976/0001-83;2021;9;16
2021-09-16;ogon;E2100312300000;ficção;rússia;102;1422.0;sm distribuidora de filmes ltda;11922.0;08.257.054/0001-49;2021;9;16
2021-09-16;pesar-madar;E2100365100000;ficção;irã;981;16269.02;tag cultural distribuidora de filmes ltda;173.0;03.599.148/0001-82;2021;9;16
2021-09-16;reação em cadeia;B2100290600000;ficção;brasil;3204;62398.03;sm distribuidora de filmes ltda;11922.0;08.257.054/0001-49;2021;9;16
2021-09-16;virando a mesa;B2100339400000;ficção;brasil;37;542.06;sm distribuidora de filmes ltda;11922.0;08.257.054/0001-49;2021;9;16
2021-09-13;campus santo;B1700578900000;ficção;brasil;48;1080.0;tucumán distribuidora de filmes ltda;16132.0;10.681.698/0001-01;2021;9;13
2021-09-09;a última floresta;B2100065700000;documentário;brasil;2447;38574.3;gullane entretenimento s.a.;848.0;01.378.559/0001-12;2021;9;9
2021-09-09;citoyens du monde;E2100337800000;ficção;itália;3611;72761.66;tag cultural distribuidora de filmes ltda;173.0;03.599.148/0001-82;2021;9;9
2021-09-09;danças negras;B1900072300000;documentário;brasil;330;4650.35;lira filmes produções ltda me;28406.0;21.054.261/0001-64;2021;9;9
2021-09-09;malignant;E2100329900000;ficção;estados unidos;254340;4194731.75;warner bros. (south) inc.;265.0;33.015.827/0001-28;2021;9;9
2021-09-09;parque oeste;B1900350600000;documentário;brasil;66;483.0;descoloniza filmes e producoes artisticas ltda;43301.0;33.427.044/0001-51;2021;9;9
2021-09-09;parque oeste;B1900350600000;documentário;brasil;66;483.0;violeta filmes ltda;31372.0;22.872.637/0001-00;2021;9;9
2021-09-09;paw patrol: the movie;E2100263000000;animação;estados unidos;779839;12696977.51;paramount pictures brasil distribuidora de filmes ltda;169.0;27.654.722/0001-16;2021;9;9
2021-09-09;por que você não chora?;B2100057900000;ficção;brasil;399;6605.63;o2 produções artísticas e cinematográficas ltda.;63.0;67.431.718/0001-03;2021;9;9
2021-09-09;suk suk;E2100164200000;ficção;hong kong;2081;24015.82;vitrine filmes ltda;16713.0;11.620.976/0001-83;2021;9;9
2021-09-09;un bon medecin;E2100264600000;ficção;frança;2000;39935.53;providence distribuidora de filmes ltda;12443.0;08.656.129/0001-64;2021;9;9
2021-09-03;after we fell;E2100295400000;ficção;estados unidos;171160;2927722.6;diamond films do brasil produção e distribuição audiovisual ltda.;22724.0;17.095.184/0001-13;2021;9;3
2021-09-02;adventures of a mathematician;E2100317000000;ficção;alemanha;1978;43098.73;a2 distribuidora de filmes ltda epp;34811.0;18.338.912/0001-33;2021;9;2
2021-09-02;baghdad in my shadow;E2100115200000;ficção;alemanha;5651;100976.72;arteplex distribuidora ltda;41991.0;31.694.954/0001-75;2021;9;2
2021-09-02;coming home again;E2100195500000;ficção;coréia do sul;834;13331.77;zeta filmes ltda;22936.0;02.469.679/0001-98;2021;9;2
2021-09-02;king kong em asunción;B1900593200000;ficção;brasil;1012;10409.5;ludwig maia arthouse distribuidora de filmes ltda;22808.0;05.249.852/0001-30;2021;9;2
2021-09-02;o palhaço, deserto;B2000248700000;ficção;brasil;86;1695.72;bretz filmes distribuidora e produtora ltda - epp;19243.0;39.079.678/0001-47;2021;9;2
2021-09-02;shang-chi and the legend of the ten rings;E2100231800000;ficção;estados unidos;2228102;39529699.04;the walt disney company (brasil) ltda.;18398.0;73.042.962/0001-87;2021;9;2
2021-09-02;the forever purge;E2100145500000;ficção;estados unidos;47605;841006.7;warner bros. (south) inc.;265.0;33.015.827/0001-28;2021;9;2
2021-08-26;a nuvem rosa;B2100113900000;ficção;brasil;389;5215.08;o2 produções artísticas e cinematográficas ltda.;63.0;67.431.718/0001-03;2021;8;26
2021-08-26;candyman;E2000079500000;ficção;canadá;106602;1831000.83;warner bros. (south) inc.;265.0;33.015.827/0001-28;2021;8;26
2021-08-26;currais;B2000077200000;documentário;brasil;118;985.0;o2 produções artísticas e cinematográficas ltda.;63.0;67.431.718/0001-03;2021;8;26
2021-08-26;encarcerados;B2000008400000;documentário;brasil;2797;30513.99;gullane entretenimento s.a.;848.0;01.378.559/0001-12;2021;8;26
2021-08-26;gagarine;E2000480100000;ficção;frança;1582;24927.33;vitrine filmes ltda;16713.0;11.620.976/0001-83;2021;8;26
2021-08-26;homem onça;B2000173600000;ficção;brasil;744;10393.68;providence distribuidora de filmes ltda;12443.0;08.656.129/0001-64;2021;8;26
2021-08-26;intervenção;B1900478400000;ficção;brasil;37;523.5;sm distribuidora de filmes ltda;11922.0;08.257.054/0001-49;2021;8;26
2021-08-26;la daronne;E2100362600000;ficção;bélgica;8046;162325.23;tag cultural distribuidora de filmes ltda;173.0;03.599.148/0001-82;2021;8;26
2021-08-26;lamento;B2000042800000;ficção;brasil;286;4407.58;moro comunicacao ltda;5224.0;03.827.382/0001-10;2021;8;26
2021-08-26;peter rabbit 2: the runaway;E1900550300000;animação;austrália;170342;2728751.38;columbia tristar filmes do brasil ltda;84.0;00.979.601/0001-98;2021;8;26
2021-08-26;the perfect candidate;E2100320300000;ficção;alemanha;1694;29596.62;tag cultural distribuidora de filmes ltda;173.0;03.599.148/0001-82;2021;8;26
2021-08-26;um animal amarelo;B1900623600000;ficção;portugal;193;3043.43;olhar distribuicao de filmes ltda;37242.0;28.083.221/0001-90;2021;8;26
2021-08-26;wrath of man;E2100139100000;ficção;estados unidos;249767;4642298.52;wmix distribuidora ltda.;1935.0;03.918.609/0001-32;2021;8;26
2021-08-19;free guy;E2000343600000;ficção;estados unidos;461603;8100280.59;the walt disney company (brasil) ltda.;18398.0;73.042.962/0001-87;2021;8;19
2021-08-19;limiar;B2100032900000;documentário;brasil;58;1284.63;instituto taturana;45181.0;35.536.160/0001-34;2021;8;19
2021-08-19;never gonna snow again;E2100306600000;ficção;alemanha;1352;25307.96;tag cultural distribuidora de filmes ltda;173.0;03.599.148/0001-82;2021;8;19
2021-08-19;reminiscence;E2100277000000;ficção;estados unidos;30496;663836.37;warner bros. (south) inc.;265.0;33.015.827/0001-28;2021;8;19
2021-08-19;the captain;E2100267600000;ficção;china;5;63.0;sm distribuidora de filmes ltda;11922.0;08.257.054/0001-49;2021;8;19
2021-08-19;valentina;B2000461200000;ficção;brasil;171;3040.66;laercio bognar antonio eireli;38807.0;18.949.460/0001-26;2021;8;19
2021-08-19;wandering heart;B2100259600000;ficção;argentina;19;386.01;elo audiovisual serviços ltda;5672.0;07.700.630/0001-18;2021;8;19
2021-08-19;xiao q;E2100318800000;ficção;china;16;310.85;a2 distribuidora de filmes ltda epp;34811.0;18.338.912/0001-33;2021;8;19
2021-08-12;a outra pele;B2000043400000;ficção;argentina;135;1620.0;realizart produção audiovisual ltda;5736.0;01.282.220/0001-18;2021;8;12
2021-08-12;adults in the room;E2100227300000;ficção;frança;2246;43647.47;antonio fernandes filmes ltda;532.0;02.668.665/0001-01;2021;8;12
2021-08-12;dois mais dois;B2000070300000;ficção;brasil;14442;273392.33;sm distribuidora de filmes ltda;11922.0;08.257.054/0001-49;2021;8;12
2021-08-12;don´t breathe 2;E2100263900000;ficção;estados unidos;224057;3822347.45;columbia tristar filmes do brasil ltda;84.0;00.979.601/0001-98;2021;8;12
2021-08-12;el empleado y el patrón;B2100271900000;ficção;argentina;732;6894.62;vitrine filmes ltda;16713.0;11.620.976/0001-83;2021;8;12
2021-08-12;ema;E2100264500000;ficção;chile;2358;46182.06;tag cultural distribuidora de filmes ltda;173.0;03.599.148/0001-82;2021;8;12
2021-08-12;luana muniz - filha da lua;B1900020400000;documentário;brasil;810;11863.28;lira filmes produções ltda me;28406.0;21.054.261/0001-64;2021;8;12
2021-08-12;l´uomo del labirinto;E2100279500000;ficção;itália;2200;42372.15;providence distribuidora de filmes ltda;12443.0;08.656.129/0001-64;2021;8;12
2021-08-12;shadow;E2100281600000;ficção;china;816;17315.35;playarte pictures entretenimentos ltda.;443.0;00.943.231/0001-39;2021;8;12
2021-08-12;the boss baby: family business;E2000546600000;animação;estados unidos;708821;11225910.06;warner bros. (south) inc.;265.0;33.015.827/0001-28;2021;8;12
2021-08-10;cavalo;B2000130600000;documentário;brasil;1339;16942.04;descoloniza filmes e producoes artisticas ltda;43301.0;33.427.044/0001-51;2021;8;10
2021-08-05;abe;B2000497700000;ficção;brasil;3610;87874.36;sm distribuidora de filmes ltda;11922.0;08.257.054/0001-49;2021;8;5
2021-08-05;doutor gama;B2100299900000;ficção;brasil;5546;111179.65;elo audiovisual serviços ltda;5672.0;07.700.630/0001-18;2021;8;5
2021-08-05;mangueira em 2 tempos;B2000375600000;documentário;brasil;2102;17665.84;arteplex distribuidora ltda;41991.0;31.694.954/0001-75;2021;8;5
2021-08-05;o diabo branco;B1900453800000;ficção;argentina;113;2396.75;providence distribuidora de filmes ltda;12443.0;08.656.129/0001-64;2021;8;5
2021-08-05;piedade;B1900347800000;ficção;brasil;7427;90437.74;ludwig maia arthouse distribuidora de filmes ltda;22808.0;05.249.852/0001-30;2021;8;5
2021-08-05;the suicide squad;E2100229700000;ficção;estados unidos;1393404;23953615.1;warner bros. (south) inc.;265.0;33.015.827/0001-28;2021;8;5
2021-08-05;vento seco;B2000473600000;ficção;brasil;739;12051.43;olhar distribuicao de filmes ltda;37242.0;28.083.221/0001-90;2021;8;5
2021-07-29;ana. sem titulo;B2000319700000;ficção;argentina;389;6436.77;reserva nacional distribuidora de filmes ltda.;11868.0;08.346.733/0001-94;2021;7;29
2021-07-29;jungle cruise;E2100231700000;ficção;estados unidos;288442;4941377.88;the walt disney company (brasil) ltda.;18398.0;73.042.962/0001-87;2021;7;29
2021-07-29;o buscador;B2000155000000;ficção;brasil;139;2610.53;o2 produções artísticas e cinematográficas ltda.;63.0;67.431.718/0001-03;2021;7;29
2021-07-29;old;E2100229300000;ficção;estados unidos;175091;3357232.3;warner bros. (south) inc.;265.0;33.015.827/0001-28;2021;7;29
2021-07-29;rodantes;B1900425300000;ficção;brasil;378;6164.54;zeta filmes ltda;22936.0;02.469.679/0001-98;2021;7;29
2021-07-29;the hitman’s wife’s bodyguard;E2100215100000;ficção;estados unidos;58597;1027013.44;sm distribuidora de filmes ltda;11922.0;08.257.054/0001-49;2021;7;29
2021-07-22;diários de intercâmbio;B2100260000000;ficção;brasil;34;227.0;sm distribuidora de filmes ltda;11922.0;08.257.054/0001-49;2021;7;22
2021-07-22;l.o.c.a.;B2100113200000;ficção;brasil;10;163.8;wmix distribuidora ltda.;1935.0;03.918.609/0001-32;2021;7;22
2021-07-22;lethal weapon;E1600054900000;ficção;estados unidos;3;44.0;warner bros. (south) inc.;265.0;33.015.827/0001-28;2021;7;22
2021-07-22;padrenostro;E2000530300000;ficção;itália;1872;30820.68;providence distribuidora de filmes ltda;12443.0;08.656.129/0001-64;2021;7;22
2021-07-22;slalom;E2000480900000;ficção;frança;502;9176.4;vitrine filmes ltda;16713.0;11.620.976/0001-83;2021;7;22
2021-07-22;superman ii;E1500399100000;ficção;estados unidos;4;55.0;warner bros. (south) inc.;265.0;33.015.827/0001-28;2021;7;22
2021-07-22;the lost boys;E1402804900000;ficção;estados unidos;80;1138.92;warner bros. (south) inc.;265.0;33.015.827/0001-28;2021;7;22
2021-07-22;um dia com jerusa;B2000402100000;ficção;brasil;27;587.33;odun produção de bens culturais ltda;15871.0;10.473.332/0001-47;2021;7;22
2021-07-18;demon slayer: mugen train;E2100140400000;animação;japão;81607;1373896.21;cinecolor do brasil ltda;2631.0;05.332.959/0001-48;2021;7;18
2021-07-15;prazer, camaradas!;E2100077200000;ficção;portugal;116;1672.24;bretz filmes distribuidora e produtora ltda - epp;19243.0;39.079.678/0001-47;2021;7;15
2021-07-15;sibyl;E2000072600000;ficção;bélgica;2628;49217.94;tag cultural distribuidora de filmes ltda;173.0;03.599.148/0001-82;2021;7;15
2021-07-15;space jam: a new legacy;E2100229400000;animação;estados unidos;903332;14692587.14;warner bros. (south) inc.;265.0;33.015.827/0001-28;2021;7;15
2021-07-08;black widow;E2000343300000;ficção;estados unidos;2008254;34505583.69;the walt disney company (brasil) ltda.;18398.0;73.042.962/0001-87;2021;7;8
2021-07-08;chico ventana também queria ter um submarino;B2000433100000;ficção;argentina;349;2963.47;vitrine filmes ltda;16713.0;11.620.976/0001-83;2021;7;8
2021-07-08;hava, maryam, ayesha;E2100234300000;ficção;afeganistão;1389;19037.34;tag cultural distribuidora de filmes ltda;173.0;03.599.148/0001-82;2021;7;8
2021-07-08;knives and skin;E2100057600000;ficção;estados unidos;175;3152.59;zeta filmes ltda;22936.0;02.469.679/0001-98;2021;7;8
2021-07-08;migliaccio, o brasileiro em cena;B2100113300000;documentário;brasil;88;1413.23;bretz filmes distribuidora e produtora ltda - epp;19243.0;39.079.678/0001-47;2021;7;8
2021-07-08;pedro e inês;B2100120000000;ficção;brasil;340;5593.1;providence distribuidora de filmes ltda;12443.0;08.656.129/0001-64;2021;7;8
2021-07-01;american history x;E1500814400000;ficção;estados unidos;28;363.0;warner bros. (south) inc.;265.0;33.015.827/0001-28;2021;7;1
2021-07-01;run hide fight;E2100215400000;ficção;estados unidos;58;602.82;sm distribuidora de filmes ltda;11922.0;08.257.054/0001-49;2021;7;1
2021-07-01;the croods: a new age;E2000334800000;animação;estados unidos;862591;13212422.7;warner bros. (south) inc.;265.0;33.015.827/0001-28;2021;7;1
2021-06-24;anna;B1900240000000;ficção;brasil;663;11628.7;reserva nacional distribuidora de filmes ltda.;11868.0;08.346.733/0001-94;2021;6;24
2021-06-24;astronaut;E2100215000000;ficção;estados unidos;17;264.85;sm distribuidora de filmes ltda;11922.0;08.257.054/0001-49;2021;6;24
2021-06-24;correndo por um sonho;B2000102800000;ficção;brasil;5346;78672.15;reserva nacional distribuidora de filmes ltda.;11868.0;08.346.733/0001-94;2021;6;24
2021-06-24;fast & furious 9;E2000080200000;ficção;estados unidos;4234919;71128577.54;warner bros. (south) inc.;265.0;33.015.827/0001-28;2021;6;24
2021-06-24;mara;E2100215300000;ficção;rússia;42;617.32;sm distribuidora de filmes ltda;11922.0;08.257.054/0001-49;2021;6;24
2021-06-24;noites de alface;B1900572800000;ficção;brasil;207;3589.5;pipa nativa produção cultural ltda;5467.0;05.933.574/0001-36;2021;6;24
2021-06-24;rumo;B1900061900000;documentário;brasil;138;2523.64;kinoscópio cinematográfica e comércio ltda - epp;2320.0;02.395.043/0001-49;2021;6;24
2021-06-17;helen;B1900206200000;ficção;brasil;171;3824.96;elo audiovisual serviços ltda;5672.0;07.700.630/0001-18;2021;6;17
2021-06-17;how to a good wife;E2000543100000;ficção;frança;2730;53010.14;antonio fernandes filmes ltda;532.0;02.668.665/0001-01;2021;6;17
2021-06-17;in the heights;E2100079700000;ficção;estados unidos;10539;220368.79;warner bros. (south) inc.;265.0;33.015.827/0001-28;2021;6;17
2021-06-17;nowhere special;E2100216600000;ficção;rússia;326;6453.13;a2 distribuidora de filmes ltda epp;34811.0;18.338.912/0001-33;2021;6;17
2021-06-17;spiral - from the book of saw;E2000045200000;ficção;estados unidos;119070;2032886.3;sm distribuidora de filmes ltda;11922.0;08.257.054/0001-49;2021;6;17
2021-06-17;veneza;B1900454200000;ficção;brasil;7478;144622.02;wmix distribuidora ltda.;1935.0;03.918.609/0001-32;2021;6;17
2021-06-17;wild mountain thyme;E2100005100000;ficção;estados unidos;42;792.6;sm distribuidora de filmes ltda;11922.0;08.257.054/0001-49;2021;6;17
2021-06-10;acqua movie;B2000096500000;ficção;brasil;1209;13281.93;reserva nacional distribuidora de filmes ltda.;11868.0;08.346.733/0001-94;2021;6;10
2021-06-10;first cow;E2100163600000;ficção;estados unidos;1088;14367.84;vitrine filmes ltda;16713.0;11.620.976/0001-83;2021;6;10
2021-06-10;ich war zuhause, aber;E2100073000000;ficção;alemanha;223;4033.75;zeta filmes ltda;22936.0;02.469.679/0001-98;2021;6;10
2021-06-10;missão cupido;B1900189100000;ficção;brasil;1183;20073.68;h2o distribuidora de filmes ltda;21541.0;15.372.472/0001-42;2021;6;10
2021-06-10;quem vai ficar com mário;B2000502900000;ficção;brasil;13822;254767.06;sm distribuidora de filmes ltda;11922.0;08.257.054/0001-49;2021;6;10
2021-06-10;spirit untamed;E2100145300000;animação;estados unidos;110491;1729411.06;warner bros. (south) inc.;265.0;33.015.827/0001-28;2021;6;10
2021-06-03;a quem interessa a ignorância?;B1900597000000;documentário;brasil;45;881.55;o2 produções artísticas e cinematográficas ltda.;63.0;67.431.718/0001-03;2021;6;3
2021-06-03;cine marrocos;B1800607100000;documentário;brasil;323;5412.66;bretz filmes distribuidora e produtora ltda - epp;19243.0;39.079.678/0001-47;2021;6;3
2021-06-03;come away;E2000503200000;ficção;estados unidos;27629;468448.87;wmix distribuidora ltda.;1935.0;03.918.609/0001-32;2021;6;3
2021-06-03;the conjuring: the devil made me do it;E2100196000000;ficção;estados unidos;1841214;31111479.04;warner bros. (south) inc.;265.0;33.015.827/0001-28;2021;6;3
2021-06-03;été 85;E2000543200000;ficção;bélgica;1453;27431.92;antonio fernandes filmes ltda;532.0;02.668.665/0001-01;2021;6;3
2021-05-27;alice et le maire;E2100068100000;ficção;frança;1625;27380.24;tag cultural distribuidora de filmes ltda;173.0;03.599.148/0001-82;2021;5;27
2021-05-27;alvorada;B2100156800000;documentário;brasil;1189;21256.4;vitrine filmes ltda;16713.0;11.620.976/0001-83;2021;5;27
2021-05-27;cruella;E2100154000000;ficção;estados unidos;606752;10802794.74;the walt disney company (brasil) ltda.;18398.0;73.042.962/0001-87;2021;5;27
2021-05-27;those who wish me dead;E2100145600000;ficção;estados unidos;26536;491276.7;warner bros. (south) inc.;265.0;33.015.827/0001-28;2021;5;27
2021-05-20;loop;B2100010700000;ficção;brasil;24;367.6;elo audiovisual serviços ltda;5672.0;07.700.630/0001-18;2021;5;20
2021-05-20;love, weddings & other disasters;E2100171500000;ficção;estados unidos;2977;84385.7;antonio fernandes filmes ltda;532.0;02.668.665/0001-01;2021;5;20
2021-05-20;mortal kombat;E2100066600000;ficção;estados unidos;253495;4140662.15;warner bros. (south) inc.;265.0;33.015.827/0001-28;2021;5;20
2021-05-20;the war with grandpa;E2000513500000;ficção;estados unidos;54942;908681.71;diamond films do brasil produção e distribuição audiovisual ltda.;22724.0;17.095.184/0001-13;2021;5;20
2021-05-19;o último jogo;B1800612900000;ficção;argentina;81;2132.67;providence distribuidora de filmes ltda;12443.0;08.656.129/0001-64;2021;5;19
2021-05-13;boa noite;B1900376800000;documentário;brasil;23;461.17;bretz filmes distribuidora e produtora ltda - epp;19243.0;39.079.678/0001-47;2021;5;13
2021-05-13;chaos walking;E2000552900000;ficção;estados unidos;61170;1020274.27;sm distribuidora de filmes ltda;11922.0;08.257.054/0001-49;2021;5;13
2021-05-13;libelu - abaixo a ditadura;B2100072000000;documentário;brasil;209;4207.3;boulevard filmes ltda;17484.0;12.126.484/0001-07;2021;5;13
2021-05-13;promising young woman;E2000546500000;ficção;estados unidos;21851;478344.45;warner bros. (south) inc.;265.0;33.015.827/0001-28;2021;5;13
2021-05-13;true mothers;E2000431500000;ficção;japão;244;4460.04;antonio fernandes filmes ltda;532.0;02.668.665/0001-01;2021;5;13
2021-05-13;un divan à tunis;E2100011800000;ficção;frança;2119;36372.57;tag cultural distribuidora de filmes ltda;173.0;03.599.148/0001-82;2021;5;13
2021-05-06;fate stay night heavens feel: iii - spring song;E2100105900000;animação;japão;324;5933.22;cinecolor do brasil ltda;2631.0;05.332.959/0001-48;2021;5;6
2021-05-06;godzilla vs. kong;E2100040700000;ficção;estados unidos;799393;12938640.03;warner bros. (south) inc.;265.0;33.015.827/0001-28;2021;5;6
2021-05-06;my donkey, my lover and i;E2100080700000;ficção;frança;176;3492.72;antonio fernandes filmes ltda;532.0;02.668.665/0001-01;2021;5;6
2021-05-06;raia 4;B1900299800000;ficção;brasil;135;1514.97;boulevard filmes ltda;17484.0;12.126.484/0001-07;2021;5;6
2021-05-06;siron. tempo sobre tela;B1900039300000;documentário;brasil;21;409.59;providence distribuidora de filmes ltda;12443.0;08.656.129/0001-64;2021;5;6
2021-05-06;the unholy;E2100118600000;ficção;estados unidos;295714;4845005.5;columbia tristar filmes do brasil ltda;84.0;00.979.601/0001-98;2021;5;6
2021-05-05;music a film by sia;E2100057100000;ficção;estados unidos;51;1288.0;cinecolor do brasil ltda;2631.0;05.332.959/0001-48;2021;5;5
2021-04-29;ariano apresenta: o auto da boa mentira;B2000112600000;ficção;brasil;11735;194602.14;wmix distribuidora ltda.;1935.0;03.918.609/0001-32;2021;4;29
2021-04-29;chão;B1900203000000;documentário;brasil;37;253.59;vitrine filmes ltda;16713.0;11.620.976/0001-83;2021;4;29
2021-04-29;desvio;B2000230900000;ficção;brasil;80;650.07;vitrine filmes ltda;16713.0;11.620.976/0001-83;2021;4;29
2021-04-29;entre nós, um segredo;B2000436900000;documentário;brasil;32;233.28;vitrine filmes ltda;16713.0;11.620.976/0001-83;2021;4;29
2021-04-29;nazinha, olhai por nós;B2000339200000;documentário;brasil;21;294.39;boulevard filmes ltda;17484.0;12.126.484/0001-07;2021;4;29
2021-04-29;nomadland;E2100044800000;ficção;estados unidos;33585;741791.27;the walt disney company (brasil) ltda.;18398.0;73.042.962/0001-87;2021;4;29
2021-04-29;o cemitério das almas perdidas;B2000364100000;ficção;brasil;62;1366.98;elo audiovisual serviços ltda;5672.0;07.700.630/0001-18;2021;4;29
2021-04-22;minari;E2100028400000;ficção;estados unidos;6007;129459.05;diamond films do brasil produção e distribuição audiovisual ltda.;22724.0;17.095.184/0001-13;2021;4;22
2021-04-22;the little things;E2000554000000;ficção;estados unidos;16946;363231.33;warner bros. (south) inc.;265.0;33.015.827/0001-28;2021;4;22
2021-04-15;proibido nascer no paraíso;B1900490500000;documentário;brasil;1602;11739.25;boulevard filmes ltda;17484.0;12.126.484/0001-07;2021;4;15
2021-04-09;a mulher da luz própria;B1900320300000;documentário;brasil;13;190.0;mercurio producoes ltda;1436.0;04.760.800/0001-61;2021;4;9
2021-04-08;charlatan;E2000530700000;variedades;república tcheca;2036;40642.7;a2 distribuidora de filmes ltda epp;34811.0;18.338.912/0001-33;2021;4;8
2021-04-08;the father;E1900616300000;ficção;inglaterra;22301;408934.96;antonio fernandes filmes ltda;532.0;02.668.665/0001-01;2021;4;8
2021-03-25;chorão: marginal alado;B2000158900000;documentário;brasil;636;11184.12;o2 produções artísticas e cinematográficas ltda.;63.0;67.431.718/0001-03;2021;3;25
2021-03-25;druk;E2100078400000;ficção;dinamarca;5442;77437.19;vitrine filmes ltda;16713.0;11.620.976/0001-83;2021;3;25
2021-03-25;the auschwitz report;E2000528700000;ficção;eslováquia;343;5909.31;a2 distribuidora de filmes ltda epp;34811.0;18.338.912/0001-33;2021;3;25
2021-03-18;amigas de sorte;B1900594800000;ficção;brasil;415;4150.0;freespirit distribuidora de filmes ltda.;4904.0;07.616.202/0001-01;2021;3;18
2021-03-18;lucicreide vai pra marte;B1900421800000;ficção;brasil;14826;199928.12;freespirit distribuidora de filmes ltda.;4904.0;07.616.202/0001-01;2021;3;18
2021-03-04;pantanal, a boa inocência de nossas origens;B1800036200000;documentário;brasil;3;56.37;elo audiovisual serviços ltda;5672.0;07.700.630/0001-18;2021;3;4
2021-03-04;raya and the last dragon;E2100035300000;animação;estados unidos;88686;1160532.18;the walt disney company (brasil) ltda.;18398.0;73.042.962/0001-87;2021;3;4
2021-03-04;the widow;E2100005000000;ficção;rússia;90010;1307357.67;sm distribuidora de filmes ltda;11922.0;08.257.054/0001-49;2021;3;4
2021-02-25;a dog called money;E2100057300000;documentário;inglaterra;43;897.97;zeta filmes ltda;22936.0;02.469.679/0001-98;2021;2;25
2021-02-25;christabel;B1800174900000;ficção;brasil;107;1766.98;pipa nativa produção cultural ltda;5467.0;05.933.574/0001-36;2021;2;25
2021-02-25;depois a louca sou eu;B2000078000000;ficção;brasil;13111;240239.76;sm distribuidora de filmes ltda;11922.0;08.257.054/0001-49;2021;2;25
2021-02-25;gloria mundi;E2000479600000;ficção;frança;403;6836.25;tag cultural distribuidora de filmes ltda;173.0;03.599.148/0001-82;2021;2;25
2021-02-25;hors normes;E2000313400000;ficção;bélgica;529;10450.66;antonio fernandes filmes ltda;532.0;02.668.665/0001-01;2021;2;25
2021-02-25;judas and the black messiah;E2100040400000;ficção;estados unidos;9965;214466.02;warner bros. (south) inc.;265.0;33.015.827/0001-28;2021;2;25
2021-02-25;minha fortaleza - os filhos de fulano;B1900493300000;documentário;brasil;18;307.13;parlatório produções ltda me;38699.0;08.203.131/0001-88;2021;2;25
2021-02-25;monster hunter;E2000403800000;ficção;estados unidos;191984;2909893.86;columbia tristar filmes do brasil ltda;84.0;00.979.601/0001-98;2021;2;25
2021-02-25;the wolf of the east;E1800139600000;ficção;brasil;90;1626.31;bretz filmes distribuidora e produtora ltda - epp;19243.0;39.079.678/0001-47;2021;2;25
2021-02-18;berlin alexanderplatz;E2000531100000;ficção;alemanha;845;17515.63;a2 distribuidora de filmes ltda epp;34811.0;18.338.912/0001-33;2021;2;18
2021-02-18;nona - si me mojan yo los quemo;B1900203600000;ficção;brasil;360;7358.87;vitrine filmes ltda;16713.0;11.620.976/0001-83;2021;2;18
2021-02-18;tom & jerry;E2000553800000;animação;estados unidos;503439;7196343.61;warner bros. (south) inc.;265.0;33.015.827/0001-28;2021;2;18
2021-02-11;follow me;E2100006300000;ficção;estados unidos;81411;1138171.59;playarte pictures entretenimentos ltda.;443.0;00.943.231/0001-39;2021;2;11
2021-02-11;le regard de charles;E2000454800000;documentário;frança;595;10738.8;tag cultural distribuidora de filmes ltda;173.0;03.599.148/0001-82;2021;2;11
2021-02-11;notre dame;E1900615900000;ficção;bélgica;1423;26859.09;antonio fernandes filmes ltda;532.0;02.668.665/0001-01;2021;2;11
2021-01-28;a girl missing;E2000548000000;ficção;frança;466;8501.46;zeta filmes ltda;22936.0;02.469.679/0001-98;2021;1;28
2021-01-28;a ponte de bambu;B2000234700000;documentário;brasil;50;879.13;elo audiovisual serviços ltda;5672.0;07.700.630/0001-18;2021;1;28
2021-01-28;chacrinha, eu vim para confundir não para explicar;B2000183900000;documentário;brasil;133;2056.85;bretz filmes distribuidora e produtora ltda - epp;19243.0;39.079.678/0001-47;2021;1;28
2021-01-28;dente por dente;B2000440700000;ficção;brasil;6593;105462.25;vitrine filmes ltda;16713.0;11.620.976/0001-83;2021;1;28
2021-01-28;my little sister;E2000513400000;ficção;alemanha;825;14886.85;a2 distribuidora de filmes ltda epp;34811.0;18.338.912/0001-33;2021;1;28
2021-01-21;callado;B1900390400000;documentário;brasil;116;2002.27;bretz filmes distribuidora e produtora ltda - epp;19243.0;39.079.678/0001-47;2021;1;21
2021-01-21;pinocchio;E2000294800000;ficção;frança;272023;4258378.22;wmix distribuidora ltda.;1935.0;03.918.609/0001-32;2021;1;21
2021-01-21;sputnik;E2000513800000;ficção;rússia;40869;627974.8;playarte pictures entretenimentos ltda.;443.0;00.943.231/0001-39;2021;1;21
2021-01-21;tell it to the bees;E2000418200000;ficção;reino unido;4012;74726.53;arteplex distribuidora ltda;41991.0;31.694.954/0001-75;2021;1;21
2021-01-14;delicadeza é azul;B1800381100000;documentário;brasil;59;1087.39;pipa nativa produção cultural ltda;5467.0;05.933.574/0001-36;2021;1;14
2021-01-14;house of cardin;E2100003200000;documentário;estados unidos;607;11447.7;tag cultural distribuidora de filmes ltda;173.0;03.599.148/0001-82;2021;1;14
2021-01-14;military wives;E1900268400000;ficção;reino unido;292;5692.79;antonio fernandes filmes ltda;532.0;02.668.665/0001-01;2021;1;14
2021-01-14;os salafrários;B1900589200000;ficção;brasil;613;7956.0;freespirit distribuidora de filmes ltda.;4904.0;07.616.202/0001-01;2021;1;14
2021-01-14;the empty man;E2000471300000;ficção;estados unidos;103396;1620688.1;the walt disney company (brasil) ltda.;18398.0;73.042.962/0001-87;2021;1;14
2021-01-14;un crimen común;B2000533500000;ficção;argentina;1156;19049.32;vitrine filmes ltda;16713.0;11.620.976/0001-83;2021;1;14
2021-01-07;honest thief;E2000416200000;ficção;estados unidos;267717;4443417.82;wmix distribuidora ltda.;1935.0;03.918.609/0001-32;2021;1;7
2021-01-07;skin;E2000046600000;ficção;estados unidos;761;16408.34;bretz filmes distribuidora e produtora ltda - epp;19243.0;39.079.678/0001-47;2021;1;7
2021-01-07;um tio quase perfeito 2;B2000513600000;ficção;brasil;77934;1213918.55;h2o distribuidora de filmes ltda;21541.0;15.372.472/0001-42;2021;1;7
2020-12-31;red shoes and the seven dwarf;E2000138100000;animação;coréia do sul;70195;990293.08;sm distribuidora de filmes ltda;11922.0;08.257.054/0001-49;2020;12;31
2020-12-31;tenki no ko;E2000128600000;animação;japão;4420;76200.0;cinecolor do brasil ltda;2631.0;05.332.959/0001-48;2020;12;31
2020-12-28;neojiba - música que transforma;B2000536200000;documentário;brasil;4;52.0;kompanhia teatro multimídia de são paulo;57643.0;60.740.149/0001-39;2020;12;28
2020-12-24;correndo atrás;B1800216200000;ficção;brasil;14;215.27;o2 produções artísticas e cinematográficas ltda.;63.0;67.431.718/0001-03;2020;12;24
2020-12-24;petite fille;E2000518400000;documentário;frança;524;10246.31;tag cultural distribuidora de filmes ltda;173.0;03.599.148/0001-82;2020;12;24
2020-12-17;querência;B1900507200000;ficção;brasil;75;1257.29;vitrine filmes ltda;16713.0;11.620.976/0001-83;2020;12;17
2020-12-17;wonder woman 1984;E2000170200000;ficção;canadá;2208780;35663959.84;warner bros. (south) inc.;265.0;33.015.827/0001-28;2020;12;17
2020-12-16;liberté;E2000050800000;ficção;alemanha;652;10483.77;zeta filmes ltda;22936.0;02.469.679/0001-98;2020;12;16
2020-12-10;10 horas para o natal;B2000488900000;ficção;brasil;31313;486861.66;sm distribuidora de filmes ltda;11922.0;08.257.054/0001-49;2020;12;10
2020-12-10;freaky;E2000371700000;ficção;estados unidos;70617;1093927.63;universal pictures international brazil ltda.;33787.0;24.810.280/0001-61;2020;12;10
2020-12-10;human capital;E2000456600000;ficção;estados unidos;403;13957.84;cinecolor do brasil ltda;2631.0;05.332.959/0001-48;2020;12;10
2020-12-10;les plus belles années d’une vie;E2000095300000;ficção;frança;6282;121186.45;providence distribuidora de filmes ltda;12443.0;08.656.129/0001-64;2020;12;10
2020-12-10;midnight sky;E2000480400000;ficção;estados unidos;1416;30464.89;o2 produções artísticas e cinematográficas ltda.;63.0;67.431.718/0001-03;2020;12;10
2020-12-10;os sonâmbulos;B1900235800000;ficção;brasil;40;683.02;embauba filmes ltda;23638.0;15.144.532/0001-70;2020;12;10
2020-12-10;todos os mortos;B2000436400000;ficção;frança;599;9472.49;vitrine filmes ltda;16713.0;11.620.976/0001-83;2020;12;10
2020-12-10;when hitler stole pink rabbit;E2000476200000;variedades;alemanha;1230;23154.84;a2 distribuidora de filmes ltda epp;34811.0;18.338.912/0001-33;2020;12;10
2020-12-03;cabras da peste;B1900468300000;ficção;brasil;122;1267.0;sm distribuidora de filmes ltda;11922.0;08.257.054/0001-49;2020;12;3
2020-12-03;la belle epoque;E2000068700000;ficção;bélgica;5132;104624.43;diamond films do brasil produção e distribuição audiovisual ltda.;22724.0;17.095.184/0001-13;2020;12;3
2020-12-03;m8;B1900447800000;ficção;brasil;8991;165814.1;sm distribuidora de filmes ltda;11922.0;08.257.054/0001-49;2020;12;3
2020-12-03;mario puzo’s the godfather, coda: the death of michael corleone;E2000468400000;ficção;estados unidos;2648;71827.18;paramount pictures brasil distribuidora de filmes ltda;169.0;27.654.722/0001-16;2020;12;3
2020-12-03;new life s.a.;B1800553200000;ficção;brasil;310;4046.48;providence distribuidora de filmes ltda;12443.0;08.656.129/0001-64;2020;12;3
2020-12-03;niède;B2000185600000;documentário;brasil;141;1946.0;elo audiovisual serviços ltda;5672.0;07.700.630/0001-18;2020;12;3
2020-12-03;sertânia;B1900597200000;ficção;brasil;407;4467.35;bretz filmes distribuidora e produtora ltda - epp;19243.0;39.079.678/0001-47;2020;12;3
2020-12-03;soldado estrangeiro;B1900035900000;documentário;brasil;254;4105.95;bretz filmes distribuidora e produtora ltda - epp;19243.0;39.079.678/0001-47;2020;12;3
2020-12-03;trolls world tour;E1900440100000;animação;estados unidos;402352;5714824.24;universal pictures international brazil ltda.;33787.0;24.810.280/0001-61;2020;12;3
2020-12-03;z;E2000229400000;ficção;canadá;169629;2543895.31;wmix distribuidora ltda.;1935.0;03.918.609/0001-32;2020;12;3
2020-11-26;babenco - alguém tem que ouvir o coração e dizer: parou;B2000006500000;documentário;brasil;4798;78513.23;reserva nacional distribuidora de filmes ltda.;11868.0;08.346.733/0001-94;2020;11;26
2020-11-26;boni bonita;B1900302000000;ficção;argentina;77;1365.5;o2 produções artísticas e cinematográficas ltda.;63.0;67.431.718/0001-03;2020;11;26
2020-11-26;domovoy;E2000041800000;ficção;rússia;730;11906.17;a2 distribuidora de filmes ltda epp;34811.0;18.338.912/0001-33;2020;11;26
2020-11-26;mulher oceano;B1900397300000;ficção;brasil;203;3468.3;elo audiovisual serviços ltda;5672.0;07.700.630/0001-18;2020;11;26
2020-11-26;pacarrete;B1900209700000;ficção;brasil;4511;63538.33;vitrine filmes ltda;16713.0;11.620.976/0001-83;2020;11;26
2020-11-26;train to busan presents: peninsula;E2000138700000;ficção;coréia do sul;96092;1301325.23;sm distribuidora de filmes ltda;11922.0;08.257.054/0001-49;2020;11;26
2020-11-19;cidade pássaro;B1900583200000;ficção;frança;212;3390.33;vitrine filmes ltda;16713.0;11.620.976/0001-83;2020;11;19
2020-11-19;greenland;E2000418100000;ficção;estados unidos;377812;5896417.77;diamond films do brasil produção e distribuição audiovisual ltda.;22724.0;17.095.184/0001-13;2020;11;19
2020-11-19;i still believe;E2000004700000;ficção;estados unidos;80484;1109941.75;sm distribuidora de filmes ltda;11922.0;08.257.054/0001-49;2020;11;19
2020-11-19;mank;E2000458900000;ficção;estados unidos;1101;19565.41;o2 produções artísticas e cinematográficas ltda.;63.0;67.431.718/0001-03;2020;11;19
2020-11-19;maria luiza;B1900112300000;documentário;brasil;177;2470.37;olhar distribuicao de filmes ltda;37242.0;28.083.221/0001-90;2020;11;19
2020-11-19;the collini case;E2000071300000;ficção;alemanha;1435;27505.12;a2 distribuidora de filmes ltda epp;34811.0;18.338.912/0001-33;2020;11;19
2020-11-19;the witches;E2000396100000;ficção;estados unidos;358766;5096570.16;warner bros. (south) inc.;265.0;33.015.827/0001-28;2020;11;19
2020-11-12;a febre;B1900486200000;ficção;alemanha;529;7651.49;vitrine filmes ltda;16713.0;11.620.976/0001-83;2020;11;12
2020-11-12;alice & só;B1800613100000;ficção;brasil;155;2884.15;the walt disney company (brasil) ltda.;18398.0;73.042.962/0001-87;2020;11;12
2020-11-12;chambre 212 (aka) on a magical night;E2000046900000;ficção;bélgica;865;15932.06;tag cultural distribuidora de filmes ltda;173.0;03.599.148/0001-82;2020;11;12
2020-11-12;hillbilly elegy;E2000434000000;ficção;estados unidos;1269;22284.54;o2 produções artísticas e cinematográficas ltda.;63.0;67.431.718/0001-03;2020;11;12
2020-11-12;legado italiano;B2000043200000;documentário;brasil;88;1576.17;lanca distribuidora de filmes ltda;25115.0;18.384.267/0001-95;2020;11;12
2020-11-12;madame;B1900588900000;documentário;brasil;116;1595.0;ludwig maia arthouse distribuidora de filmes ltda;22808.0;05.249.852/0001-30;2020;11;12
2020-11-12;monos;E2000382300000;ficção;alemanha;29;562.0;providence distribuidora de filmes ltda;12443.0;08.656.129/0001-64;2020;11;12
2020-11-05;bill & ted face the music;E2000292800000;ficção;estados unidos;22388;355081.97;wmix distribuidora ltda.;1935.0;03.918.609/0001-32;2020;11;5
2020-11-05;craft, the;E2000403600000;ficção;estados unidos;69933;1029206.06;columbia tristar filmes do brasil ltda;84.0;00.979.601/0001-98;2020;11;5
2020-11-05;fico te devendo uma carta sobre o brasil;B1900577700000;documentário;brasil;156;2834.0;bretz filmes distribuidora e produtora ltda - epp;19243.0;39.079.678/0001-47;2020;11;5
2020-11-05;o barco;B1800440700000;ficção;brasil;1085;13969.3;sereia distribuição de filmes ltda;13753.0;08.905.114/0001-92;2020;11;5
2020-11-05;sem descanso;B1900269000000;documentário;brasil;307;5061.43;livres distribuidora de audivisual ltda me;21870.0;15.263.576/0001-19;2020;11;5
2020-11-05;systemsprenger;E2000095100000;ficção;alemanha;1320;19238.25;tag cultural distribuidora de filmes ltda;173.0;03.599.148/0001-82;2020;11;5
2020-11-05;verlust;B1900468100000;ficção;brasil;191;2682.71;elo audiovisual serviços ltda;5672.0;07.700.630/0001-18;2020;11;5
2020-10-29;2;B1900058700000;ficção;brasil;46;787.54;elo audiovisual serviços ltda;5672.0;07.700.630/0001-18;2020;10;29
2020-10-29;be natural: the untold story of alice guy-blaché;E2000320600000;documentário;estados unidos;1059;16944.17;arteplex distribuidora ltda;41991.0;31.694.954/0001-75;2020;10;29
2020-10-29;cabrito;B1900460400000;ficção;brasil;27;412.03;elo audiovisual serviços ltda;5672.0;07.700.630/0001-18;2020;10;29
2020-10-29;de perto ela não é normal;B2000006000000;ficção;brasil;488;10525.15;h2o distribuidora de filmes ltda;21541.0;15.372.472/0001-42;2020;10;29
2020-10-29;família de axé;B1900487000000;documentário;brasil;97;1690.72;distribuidora de filmes s/a riofilme;105.0;68.610.302/0001-15;2020;10;29
2020-10-29;faz sol lá sim;B1900307900000;documentário;brasil;57;1022.24;lira filmes produções ltda me;28406.0;21.054.261/0001-64;2020;10;29
2020-10-29;tenet;E2000228900000;ficção;estados unidos;334144;5990167.55;warner bros. (south) inc.;265.0;33.015.827/0001-28;2020;10;29
2020-10-22;a verdade da mentira;B2000202000000;documentário;brasil;6;66.0;elo audiovisual serviços ltda;5672.0;07.700.630/0001-18;2020;10;22
2020-10-22;cats and dogs 3: paws unite!;E2000379300000;ficção;estados unidos;28842;416236.73;warner bros. (south) inc.;265.0;33.015.827/0001-28;2020;10;22
2020-10-22;new mutants;E1800010800000;ficção;estados unidos;360159;5527335.04;the walt disney company (brasil) ltda.;18398.0;73.042.962/0001-87;2020;10;22
2020-10-22;se arrependimento matasse;B1900331600000;ficção;brasil;198;2567.0;deberton filmes e producoes ltda;16822.0;07.202.193/0001-02;2020;10;22
2020-10-22;true history of the kelly gang;E2000071500000;ficção;austrália;1404;34637.18;a2 distribuidora de filmes ltda epp;34811.0;18.338.912/0001-33;2020;10;22
2020-10-15;macabro;B1900618000000;ficção;brasil;85;1284.55;providence distribuidora de filmes ltda;12443.0;08.656.129/0001-64;2020;10;15
2020-10-15;proxima;E2000004800000;ficção;alemanha;1684;35421.13;sm distribuidora de filmes ltda;11922.0;08.257.054/0001-49;2020;10;15
2020-10-15;the elfkins - baking a difference;E2000077600000;animação;alemanha;16838;247230.3;playarte pictures entretenimentos ltda.;443.0;00.943.231/0001-39;2020;10;15
2020-10-15;unplanned;E2000080700000;ficção;estados unidos;27925;406090.52;wmix distribuidora ltda.;1935.0;03.918.609/0001-32;2020;10;15
2020-10-08;for sama;E2000299900000;documentário;estados unidos;37;589.23;bretz filmes distribuidora e produtora ltda - epp;19243.0;39.079.678/0001-47;2020;10;8
2020-10-08;guns akimbo;E2000353300000;ficção;alemanha;6406;102518.0;cinecolor do brasil ltda;2631.0;05.332.959/0001-48;2020;10;8
2020-10-08;honeyland;E2000060600000;documentário;macedônia (república yugoslava);198;3129.56;bretz filmes distribuidora e produtora ltda - epp;19243.0;39.079.678/0001-47;2020;10;8
2020-10-08;metamorphosis;E2000068200000;ficção;coréia do sul;29608;449542.3;sm distribuidora de filmes ltda;11922.0;08.257.054/0001-49;2020;10;8
2020-10-08;não vamos pagar nada;B1900513800000;ficção;brasil;675;10563.39;h2o distribuidora de filmes ltda;21541.0;15.372.472/0001-42;2020;10;8
2020-10-08;sem seu sangue;B1900381500000;ficção;brasil;125;1269.15;vitrine filmes ltda;16713.0;11.620.976/0001-83;2020;10;8
2020-10-08;to live to sing;E2000095200000;ficção;canadá;637;10409.26;arteplex distribuidora ltda;41991.0;31.694.954/0001-75;2020;10;8
2020-10-08;zona árida;B2000259000000;documentário;brasil;1;12.0;olhar distribuicao de filmes ltda;37242.0;28.083.221/0001-90;2020;10;8
2020-10-01;guerra de algodão;B1800466200000;ficção;brasil;149;2580.96;vitrine filmes ltda;16713.0;11.620.976/0001-83;2020;10;1
2020-10-01;partida;B1900613700000;documentário;brasil;85;1395.58;providence distribuidora de filmes ltda;12443.0;08.656.129/0001-64;2020;10;1
2020-10-01;porno para principiantes;B1900435600000;ficção;argentina;28;427.16;providence distribuidora de filmes ltda;12443.0;08.656.129/0001-64;2020;10;1
2020-10-01;the secret: dare to dream;E2000080600000;ficção;estados unidos;20098;292826.6;wmix distribuidora ltda.;1935.0;03.918.609/0001-32;2020;10;1
2020-09-24;bento;B1900300800000;ficção;brasil;11;102.0;elo audiovisual serviços ltda;5672.0;07.700.630/0001-18;2020;9;24
2020-09-24;fantasy island;E1900579500000;ficção;estados unidos;149488;2201657.74;columbia tristar filmes do brasil ltda;84.0;00.979.601/0001-98;2020;9;24
2020-09-24;the bridges of madison county;E1500259300000;ficção;estados unidos;76;2001.96;warner bros. (south) inc.;265.0;33.015.827/0001-28;2020;9;24
2020-09-17;aos olhos de ernesto;B1900448200000;ficção;brasil;357;7042.2;elo audiovisual serviços ltda;5672.0;07.700.630/0001-18;2020;9;17
2020-09-17;spycies;E2000250100000;animação;china;6225;87509.0;cinecolor do brasil ltda;2631.0;05.332.959/0001-48;2020;9;17
2020-09-10;scoob!;E2000026400000;animação;estados unidos;334761;4675183.42;warner bros. (south) inc.;265.0;33.015.827/0001-28;2020;9;10
2020-09-10;the gentlemen;E2000005600000;ficção;estados unidos;22423;391728.16;sm distribuidora de filmes ltda;11922.0;08.257.054/0001-49;2020;9;10
2020-09-03;alice júnior;B2000154900000;ficção;brasil;97;763.5;olhar distribuicao de filmes ltda;37242.0;28.083.221/0001-90;2020;9;3
2020-09-03;escape from pretoria;E2000249400000;ficção;áfrica do sul;6556;115668.0;cinecolor do brasil ltda;2631.0;05.332.959/0001-48;2020;9;3
2020-09-03;três verões;B1900410500000;ficção;frança;399;15545.64;vitrine filmes ltda;16713.0;11.620.976/0001-83;2020;9;3
2020-09-01;carlinhos e carlão;B1900409100000;ficção;brasil;97;1225.0;freespirit distribuidora de filmes ltda.;4904.0;07.616.202/0001-01;2020;9;1
2020-08-27;el robo del siglo;E2000030900000;ficção;argentina;14779;330534.27;warner bros. (south) inc.;265.0;33.015.827/0001-28;2020;8;27
2020-08-27;ontem havia coisas estranhas no céu;B1900231600000;ficção;brasil;50;491.0;vitrine filmes ltda;16713.0;11.620.976/0001-83;2020;8;27
2020-08-27;se7en;E1500165800000;ficção;estados unidos;35448;660754.23;warner bros. (south) inc.;265.0;33.015.827/0001-28;2020;8;27
2020-08-20;interview with the vampire;E1402743400000;ficção;estados unidos;14;910.0;warner bros. (south) inc.;265.0;33.015.827/0001-28;2020;8;20
2020-08-20;volume morto;B2000101100000;ficção;brasil;588;13038.16;o2 produções artísticas e cinematográficas ltda.;63.0;67.431.718/0001-03;2020;8;20
2020-08-13;32 malasaña street;E2000045400000;ficção;espanha;205623;2940852.13;sm distribuidora de filmes ltda;11922.0;08.257.054/0001-49;2020;8;13
2020-08-13;beiço de estrada;B1800494000000;ficção;brasil;21;186.0;livres distribuidora de audivisual ltda me;21870.0;15.263.576/0001-19;2020;8;13
2020-08-13;dentro da minha pele;B2000325100000;documentário;brasil;6;81.48;o2 produções artísticas e cinematográficas ltda.;63.0;67.431.718/0001-03;2020;8;13
2020-08-13;música para morrer de amor;B1900341900000;ficção;brasil;70;1461.6;vitrine filmes ltda;16713.0;11.620.976/0001-83;2020;8;13
2020-08-13;os espetaculares;B2000163800000;ficção;brasil;296;5102.32;antonio fernandes filmes ltda;532.0;02.668.665/0001-01;2020;8;13
2020-08-06;the bodyguard;E1402805200000;ficção;estados unidos;55;1200.0;warner bros. (south) inc.;265.0;33.015.827/0001-28;2020;8;6
2020-07-30;batman;E1500453600000;ficção;estados unidos;1193;17515.29;warner bros. (south) inc.;265.0;33.015.827/0001-28;2020;7;30
2020-07-30;beetlejuice;E1500788300000;ficção;estados unidos;8433;166194.97;warner bros. (south) inc.;265.0;33.015.827/0001-28;2020;7;30
2020-07-30;singin' in the rain;E1500332500000;ficção;estados unidos;347;22410.0;warner bros. (south) inc.;265.0;33.015.827/0001-28;2020;7;30
2020-07-30;the goonies;E1402805000000;ficção;estados unidos;843;25526.64;warner bros. (south) inc.;265.0;33.015.827/0001-28;2020;7;30
2020-07-23;natural born killers;E1402796300000;ficção;estados unidos;33;2105.0;warner bros. (south) inc.;265.0;33.015.827/0001-28;2020;7;23
2020-07-09;les hirondelles de kaboul;E1900532600000;animação;frança;188;1858.33;vitrine filmes ltda;16713.0;11.620.976/0001-83;2020;7;9
2020-07-02;lolita;E1500192600000;ficção;estados unidos;132;6344.0;warner bros. (south) inc.;265.0;33.015.827/0001-28;2020;7;2
2020-06-25;eyes wide shut;E1500192500000;ficção;estados unidos;273;1355.0;warner bros. (south) inc.;265.0;33.015.827/0001-28;2020;6;25
2020-04-28;apocalypse now: final cut;E2000169400000;ficção;estados unidos;2535;46493.27;providence distribuidora de filmes ltda;12443.0;08.656.129/0001-64;2020;4;28
2020-04-16;tel aviv on fire;E2000041500000;ficção;bélgica;628;10985.38;providence distribuidora de filmes ltda;12443.0;08.656.129/0001-64;2020;4;16
2020-04-09;no gogó do paulinho;B2000034100000;ficção;brasil;109;1435.0;freespirit distribuidora de filmes ltda.;4904.0;07.616.202/0001-01;2020;4;9
2020-03-26;a quiet place: part ii;E2000011800000;ficção;estados unidos;618577;10794453.29;paramount pictures brasil distribuidora de filmes ltda;169.0;27.654.722/0001-16;2020;3;26
2020-03-13;the assent;E2000049600000;ficção;estados unidos;5054;73400.78;playarte pictures entretenimentos ltda.;443.0;00.943.231/0001-39;2020;3;13
2020-03-12;alva;E2000026100000;ficção;argentina;21;282.32;bretz filmes distribuidora e produtora ltda - epp;19243.0;39.079.678/0001-47;2020;3;12
2020-03-12;an officer and a spy;E1900615500000;ficção;frança;10898;244892.93;antonio fernandes filmes ltda;532.0;02.668.665/0001-01;2020;3;12
2020-03-12;bloodshot;E1900579400000;ficção;estados unidos;191726;2965044.75;columbia tristar filmes do brasil ltda;84.0;00.979.601/0001-98;2020;3;12
2020-03-12;disforia;B1900090000000;ficção;brasil;371;5119.74;lanca distribuidora de filmes ltda;25115.0;18.384.267/0001-95;2020;3;12
2020-03-12;dolce fine giornata;E2000011400000;ficção;polônia;4327;69589.48;arteplex distribuidora ltda;41991.0;31.694.954/0001-75;2020;3;12
2020-03-12;my spy;E1900289600000;ficção;estados unidos;14950;238424.85;diamond films do brasil produção e distribuição audiovisual ltda.;22724.0;17.095.184/0001-13;2020;3;12
2020-03-12;nóis por nóis;B1800428900000;ficção;brasil;155;1336.52;olhar distribuicao de filmes ltda;37242.0;28.083.221/0001-90;2020;3;12
2020-03-12;queen of spades: through the looking glass;E1900574500000;ficção;rússia;125346;1795854.77;sm distribuidora de filmes ltda;11922.0;08.257.054/0001-49;2020;3;12
2020-03-12;skjelvet;E1900615600000;ficção;noruega;32539;520177.74;antonio fernandes filmes ltda;532.0;02.668.665/0001-01;2020;3;12
2020-03-12;solteira quase surtando;B2000040200000;ficção;brasil;20499;332072.82;laercio bognar antonio eireli;38807.0;18.949.460/0001-26;2020;3;12
2020-03-12;technoboss;E1900533200000;ficção;portugal;123;1526.19;vitrine filmes ltda;16713.0;11.620.976/0001-83;2020;3;12
2020-03-12;woman;E2000047400000;documentário;frança;513;7425.27;tag cultural distribuidora de filmes ltda;173.0;03.599.148/0001-82;2020;3;12
2020-03-05;blitz, o filme;B1900595100000;documentário;brasil;402;6077.63;viralata filmes ltda;43170.0;29.575.070/0001-50;2020;3;5
2020-03-05;campo;E2000026200000;documentário;portugal;39;609.12;bretz filmes distribuidora e produtora ltda - epp;19243.0;39.079.678/0001-47;2020;3;5
2020-03-05;cent kilos d´etoiles;E1900595500000;ficção;frança;76;1061.92;circuito cinearte ltda;1083.0;01.425.583/0001-65;2020;3;5
2020-03-05;fim de festa;B2000066500000;ficção;brasil;5770;75690.41;reserva nacional distribuidora de filmes ltda.;11868.0;08.346.733/0001-94;2020;3;5
2020-03-05;fotografação;B1900205100000;documentário;brasil;541;7258.39;providence distribuidora de filmes ltda;12443.0;08.656.129/0001-64;2020;3;5
2020-03-05;jexi;E1900567700000;ficção;estados unidos;6418;108612.7;diamond films do brasil produção e distribuição audiovisual ltda.;22724.0;17.095.184/0001-13;2020;3;5
2020-03-05;meilleur reste à venir, le;E2000004900000;ficção;bélgica;15832;345593.22;sm distribuidora de filmes ltda;11922.0;08.257.054/0001-49;2020;3;5
2020-03-05;meio irmão;B1800097300000;ficção;brasil;1236;14948.1;o2 produções artísticas e cinematográficas ltda.;63.0;67.431.718/0001-03;2020;3;5
2020-03-05;onward;E1900366400000;animação;estados unidos;465964;7699122.4;the walt disney company (brasil) ltda.;18398.0;73.042.962/0001-87;2020;3;5
2020-03-05;seberg;E2000043500000;ficção;estados unidos;6022;124568.06;cinecolor do brasil ltda;2631.0;05.332.959/0001-48;2020;3;5
2020-03-05;vou nadar até você;B1900380000000;ficção;brasil;1076;9206.2;elo audiovisual serviços ltda;5672.0;07.700.630/0001-18;2020;3;5
2020-02-27;a hidden life;E1900586200000;ficção;alemanha;9169;204240.06;the walt disney company (brasil) ltda.;18398.0;73.042.962/0001-87;2020;2;27
2020-02-27;countdown;E1900400200000;ficção;holanda;123246;1862515.66;diamond films do brasil produção e distribuição audiovisual ltda.;22724.0;17.095.184/0001-13;2020;2;27
2020-02-27;jovens polacas;B1800279000000;ficção;brasil;2771;33686.69;pipa nativa produção cultural ltda;5467.0;05.933.574/0001-36;2020;2;27
2020-02-27;sorry we missed you;E1900582600000;ficção;bélgica;38857;666950.98;vitrine filmes ltda;16713.0;11.620.976/0001-83;2020;2;27
2020-02-27;tarde para morir joven;B1900363400000;ficção;brasil;2116;22036.38;providence distribuidora de filmes ltda;12443.0;08.656.129/0001-64;2020;2;27
2020-02-27;the invisible man;E1900438600000;ficção;austrália;610651;10138619.33;universal pictures international brazil ltda.;33787.0;24.810.280/0001-61;2020;2;27
2020-02-20;call of the wild;E2000027000000;ficção;estados unidos;187898;2861429.04;the walt disney company (brasil) ltda.;18398.0;73.042.962/0001-87;2020;2;20
2020-02-20;dolittle;E1900437900000;ficção;estados unidos;860814;13764165.16;universal pictures international brazil ltda.;33787.0;24.810.280/0001-61;2020;2;20
2020-02-20;frankie;E1900499100000;ficção;frança;12098;227775.78;sm distribuidora de filmes ltda;11922.0;08.257.054/0001-49;2020;2;20
2020-02-20;gretel & hansel (2020);E1900467000000;ficção;estados unidos;797053;12026524.16;wmix distribuidora ltda.;1935.0;03.918.609/0001-32;2020;2;20
2020-02-20;just mercy;E1900587300000;ficção;estados unidos;112018;2567348.39;warner bros. (south) inc.;265.0;33.015.827/0001-28;2020;2;20
2020-02-20;le jeune ahmed;E2000013400000;ficção;bélgica;7315;125236.74;tag cultural distribuidora de filmes ltda;173.0;03.599.148/0001-82;2020;2;20
2020-02-20;les invisibles;E2000039400000;ficção;frança;7084;124258.68;omf servicos & consultoria ltda;28508.0;21.437.756/0001-72;2020;2;20
2020-02-20;my name is sara;E1900592400000;variedades;estados unidos;9049;158021.18;a2 distribuidora de filmes ltda epp;34811.0;18.338.912/0001-33;2020;2;20
2020-02-20;o pergaminho vermelho;B1900098100000;animação;brasil;27;513.33;vitrine filmes ltda;16713.0;11.620.976/0001-83;2020;2;20
2020-02-20;os under-undergrounds, o começo;B1900098600000;animação;brasil;92;996.3;vitrine filmes ltda;16713.0;11.620.976/0001-83;2020;2;20
2020-02-20;the bra;E2000026500000;ficção;alemanha;3514;48456.71;providence distribuidora de filmes ltda;12443.0;08.656.129/0001-64;2020;2;20
2020-02-13;dark waters;E2000004500000;ficção;estados unidos;35575;777143.32;sm distribuidora de filmes ltda;11922.0;08.257.054/0001-49;2020;2;13
2020-02-13;dilili à paris;E1900133000000;animação;alemanha;4710;84233.83;tag cultural distribuidora de filmes ltda;173.0;03.599.148/0001-82;2020;2;13
2020-02-13;inaudito;B1900262500000;documentário;brasil;293;2576.5;embauba filmes ltda;23638.0;15.144.532/0001-70;2020;2;13
2020-02-13;modo de produção;B1700441000000;documentário;brasil;35;231.0;inquieta cinema, cultura e comunicacao ltda.;29984.0;21.805.885/0001-76;2020;2;13
2020-02-13;sonic the hedgehog;E2000012200000;ficção;canadá;3004125;44894237.37;paramount pictures brasil distribuidora de filmes ltda;169.0;27.654.722/0001-16;2020;2;13
2020-02-13;stitches;E2000012300000;ficção;sérvia;8616;129052.66;arteplex distribuidora ltda;41991.0;31.694.954/0001-75;2020;2;13
2020-02-13;the grudge;E1900551300000;ficção;canadá;194680;2892360.21;columbia tristar filmes do brasil ltda;84.0;00.979.601/0001-98;2020;2;13
2020-02-07;a divisão - o filme;B1900592900000;ficção;brasil;7472;121299.29;freespirit distribuidora de filmes ltda.;4904.0;07.616.202/0001-01;2020;2;7
2020-02-06;birds of prey (and the fantabulous emancipation of one harley quinn);E1900628800000;ficção;estados unidos;2005068;30954355.96;warner bros. (south) inc.;265.0;33.015.827/0001-28;2020;2;6
2020-02-06;fahim;E1900587200000;ficção;frança;8805;156328.48;tag cultural distribuidora de filmes ltda;173.0;03.599.148/0001-82;2020;2;6
2020-02-06;jojo rabbit;E1900586400000;ficção;estados unidos;271273;5511687.32;the walt disney company (brasil) ltda.;18398.0;73.042.962/0001-87;2020;2;6
2020-02-06;qui m'aime me suive;E1900592500000;ficção;frança;3377;42705.69;a2 distribuidora de filmes ltda epp;34811.0;18.338.912/0001-33;2020;2;6
2020-02-06;vivir allí no es el infierno es el fuego del desierto.la plenitud de la vida quedó ahí como un árbol;B1900322000000;documentário;chile;185;1673.0;frederico da cruz machado - me;11990.0;03.553.092/0001-25;2020;2;6
2020-01-30;açucar;B1800090200000;ficção;brasil;3228;30329.57;boulevard filmes ltda;17484.0;12.126.484/0001-07;2020;1;30
2020-01-30;bad boys for life;E1900525600000;ficção;estados unidos;1392516;22032363.75;columbia tristar filmes do brasil ltda;84.0;00.979.601/0001-98;2020;1;30
2020-01-30;il testimone invisibile;E1900604900000;ficção;itália;1414;26281.81;pagu distribuicao de filmes ltda.;38312.0;29.080.317/0001-67;2020;1;30
2020-01-30;judy;E1900563000000;ficção;reino unido;87303;1826333.74;sm distribuidora de filmes ltda;11922.0;08.257.054/0001-49;2020;1;30
2020-01-30;the turning;E1900570900000;ficção;estados unidos;129541;1975054.25;universal pictures international brazil ltda.;33787.0;24.810.280/0001-61;2020;1;30
2020-01-23;1917;E1900439000000;ficção;estados unidos;1230035;23954997.54;universal pictures international brazil ltda.;33787.0;24.810.280/0001-61;2020;1;23
2020-01-23;a beautiful day in the neighborhood;E1900507300000;ficção;estados unidos;36247;790686.72;columbia tristar filmes do brasil ltda;84.0;00.979.601/0001-98;2020;1;23
2020-01-23;adoniran, meu nome é joão rubinato;B1900262200000;documentário;brasil;4;76.0;kompanhia teatro multimídia de são paulo;57643.0;60.740.149/0001-39;2020;1;23
2020-01-23;adoniran, meu nome é joão rubinato;B1900262200000;documentário;brasil;7389;108620.85;providence distribuidora de filmes ltda;12443.0;08.656.129/0001-64;2020;1;23
2020-01-23;la meglio gioventu;E2000031600000;ficção;itália;3633;61338.73;arteplex distribuidora ltda;41991.0;31.694.954/0001-75;2020;1;23
2020-01-23;mary;E1900534600000;ficção;estados unidos;52061;828030.73;sm distribuidora de filmes ltda;11922.0;08.257.054/0001-49;2020;1;23
2020-01-23;o filme do bruno aleixo;E1900532300000;ficção;portugal;1286;16921.21;vitrine filmes ltda;16713.0;11.620.976/0001-83;2020;1;23
2020-01-23;o melhor verão das nossas vidas;B2000012600000;ficção;brasil;38043;563029.48;galeria distribuidora audiovisual ltda;42233.0;32.656.607/0001-10;2020;1;23
2020-01-23;segundo tempo;B1800438200000;documentário;brasil;275;5600.46;o2 produções artísticas e cinematográficas ltda.;63.0;67.431.718/0001-03;2020;1;23
2020-01-23;spies in disguise;E2000002000000;animação;estados unidos;413964;6417236.28;the walt disney company (brasil) ltda.;18398.0;73.042.962/0001-87;2020;1;23
2020-01-16;bombshell;E1900534700000;ficção;canadá;162185;3711321.84;sm distribuidora de filmes ltda;11922.0;08.257.054/0001-49;2020;1;16
2020-01-16;el despertar de las hormigas;E1900581500000;ficção;costa rica;883;7350.5;klaxon cultura audiovisual ltda-me;14499.0;09.397.798/0001-21;2020;1;16
2020-01-16;instinct;E1900592300000;variedades;holanda;2059;25332.34;a2 distribuidora de filmes ltda epp;34811.0;18.338.912/0001-33;2020;1;16
2020-01-16;jumanji: next level;E1900458100000;ficção;estados unidos;3356211;53883991.26;columbia tristar filmes do brasil ltda;84.0;00.979.601/0001-98;2020;1;16
2020-01-16;la meglio gioventu;E1900443600000;ficção;itália;5229;93239.16;arteplex distribuidora ltda;41991.0;31.694.954/0001-75;2020;1;16
2020-01-16;les misérables;E1900570600000;ficção;frança;24880;450412.07;diamond films do brasil produção e distribuição audiovisual ltda.;22724.0;17.095.184/0001-13;2020;1;16
2020-01-09;kursk;E1900563100000;ficção;bélgica;7792;169095.0;sm distribuidora de filmes ltda;11922.0;08.257.054/0001-49;2020;1;9
2020-01-09;little women;E1900512400000;ficção;estados unidos;351843;6936172.32;columbia tristar filmes do brasil ltda;84.0;00.979.601/0001-98;2020;1;9
2020-01-09;portrait de la jeune fille en feu;E1900608900000;ficção;frança;6729;90381.4;omf servicos & consultoria ltda;28508.0;21.437.756/0001-72;2020;1;9
2020-01-09;underwater;E1900587000000;ficção;estados unidos;147970;2384289.6;the walt disney company (brasil) ltda.;18398.0;73.042.962/0001-87;2020;1;9
2020-01-02;atlantics;E1900622200000;ficção;bélgica;1024;8291.5;o2 produções artísticas e cinematográficas ltda.;63.0;67.431.718/0001-03;2020;1;2
2020-01-02;frozen ii;E1900365900000;animação;estados unidos;7951199;124121627.68;the walt disney company (brasil) ltda.;18398.0;73.042.962/0001-87;2020;1;2
2020-01-02;richard jewell;E1900571900000;ficção;estados unidos;78309;1712386.98;warner bros. (south) inc.;265.0;33.015.827/0001-28;2020;1;2
2020-01-02;the lighthouse;E1900298500000;ficção;canadá;83599;1327281.27;vitrine filmes ltda;16713.0;11.620.976/0001-83;2020;1;2
2019-12-31;super tinga herói de dois continentes;B1900225000000;documentário;brasil;73490;546710.0;luciano da luz moucks;2985.0;02.743.258/0001-03;2019;12;31
2019-12-26;cats;E1900437800000;ficção;estados unidos;68708;1415068.29;universal pictures international brazil ltda.;33787.0;24.810.280/0001-61;2019;12;26
2019-12-26;dernier amour;E1900268100000;ficção;frança;6100;94576.45;antonio fernandes filmes ltda;532.0;02.668.665/0001-01;2019;12;26
2019-12-26;gospod postoi, imeto i' e petrunija;E1900577000000;ficção;bélgica;4584;53482.04;providence distribuidora de filmes ltda;12443.0;08.656.129/0001-64;2019;12;26
2019-12-26;minha mãe é uma peça 3;B1900576900000;ficção;brasil;10938240;169400632.11;freespirit distribuidora de filmes ltda.;4904.0;07.616.202/0001-01;2019;12;26
2019-12-26;tommaso;E1900582800000;ficção;estados unidos;479;6259.72;pagu distribuicao de filmes ltda.;38312.0;29.080.317/0001-67;2019;12;26
2019-12-19;certified mail;E1900546000000;ficção;egito;11;248.02;a2 distribuidora de filmes ltda epp;34811.0;18.338.912/0001-33;2019;12;19
2019-12-19;filhos do pai eterno;B1900612000000;documentário;brasil;16;277.77;wmix distribuidora ltda.;1935.0;03.918.609/0001-32;2019;12;19
2019-12-19;it must be heaven;E1900581900000;ficção;alemanha;31786;549522.26;tag cultural distribuidora de filmes ltda;173.0;03.599.148/0001-82;2019;12;19
2019-12-19;jorge, o padroeiro guerreiro;B1900605200000;documentário;brasil;44;740.78;wmix distribuidora ltda.;1935.0;03.918.609/0001-32;2019;12;19
2019-12-19;playmobil;E1900127400000;animação;alemanha;224003;3350444.18;sm distribuidora de filmes ltda;11922.0;08.257.054/0001-49;2019;12;19
2019-12-19;star wars: the rise of skywalker;E1900358900000;ficção;estados unidos;2834479;54144937.3;the walt disney company (brasil) ltda.;18398.0;73.042.962/0001-87;2019;12;19
2019-12-19;the current war;E1900289700000;ficção;estados unidos;21184;450152.3;diamond films do brasil produção e distribuição audiovisual ltda.;22724.0;17.095.184/0001-13;2019;12;19
2019-12-12;21 bridges;E1900482200000;ficção;estados unidos;266085;3809679.75;galeria distribuidora audiovisual ltda;42233.0;32.656.607/0001-10;2019;12;12
2019-12-12;en liberté!;E1900433300000;ficção;frança;1417;24128.04;antonio fernandes filmes ltda;532.0;02.668.665/0001-01;2019;12;12
2019-12-12;knives out;E1900395500000;ficção;estados unidos;543658;9899493.04;sm distribuidora de filmes ltda;11922.0;08.257.054/0001-49;2019;12;12
2019-12-12;martin eden;E1900594700000;ficção;alemanha;6110;103223.24;pagu distribuicao de filmes ltda.;38312.0;29.080.317/0001-67;2019;12;12
2019-12-12;playing with fire;E1900576100000;ficção;estados unidos;320215;4220626.06;paramount pictures brasil distribuidora de filmes ltda;169.0;27.654.722/0001-16;2019;12;12
2019-12-12;synonymes;E1900525400000;ficção;alemanha;5483;92257.54;p & m distribuidora de filmes ltda;31931.0;22.910.081/0001-08;2019;12;12
2019-12-05;ainda temos a imensidão da noite;B1900027100000;ficção;brasil;925;8959.39;providence distribuidora de filmes ltda;12443.0;08.656.129/0001-64;2019;12;5
2019-12-05;diante dos meus olhos;B1700490400000;documentário;brasil;157;1379.04;pique-bandeira producoes ltda;22312.0;14.210.788/0001-75;2019;12;5
2019-12-05;fête de famille;E1900546200000;ficção;bélgica;10415;184333.73;tag cultural distribuidora de filmes ltda;173.0;03.599.148/0001-82;2019;12;5
2019-12-05;hustlers;E1900418400000;ficção;estados unidos;217430;3370412.99;diamond films do brasil produção e distribuição audiovisual ltda.;22724.0;17.095.184/0001-13;2019;12;5
2019-12-05;motherless brooklyn;E1900346600000;ficção;estados unidos;10526;240316.94;warner bros. (south) inc.;265.0;33.015.827/0001-28;2019;12;5
2019-12-05;ni une ni deux;E1900509700000;ficção;frança;4700;84105.14;pagu distribuicao de filmes ltda.;38312.0;29.080.317/0001-67;2019;12;5
2019-12-05;o juízo;B1800245900000;ficção;brasil;11561;192240.03;sm distribuidora de filmes ltda;11922.0;08.257.054/0001-49;2019;12;5
2019-12-05;two popes;E1900568900000;ficção;argentina;23470;383393.87;o2 produções artísticas e cinematográficas ltda.;63.0;67.431.718/0001-03;2019;12;5
2019-12-05;western stars;E1900478500000;vídeomusical;estados unidos;348;5362.85;warner bros. (south) inc.;265.0;33.015.827/0001-28;2019;12;5
2019-11-28;carcereiros - o filmes;B1900511300000;ficção;brasil;193717;2629225.46;wmix distribuidora ltda.;1935.0;03.918.609/0001-32;2019;11;28
2019-11-28;dwie korony;E1900267600000;documentário;polônia;3304;50096.2;a2 distribuidora de filmes ltda epp;34811.0;18.338.912/0001-33;2019;11;28
2019-11-28;fernando;B1800234700000;documentário;brasil;351;4419.95;olhar distribuicao de filmes ltda;37242.0;28.083.221/0001-90;2019;11;28
2019-11-28;héraðið;E1900510200000;ficção;alemanha;1182;17670.53;tag cultural distribuidora de filmes ltda;173.0;03.599.148/0001-82;2019;11;28
2019-11-28;just a gigolo;E1900431700000;ficção;frança;5167;89978.53;pagu distribuicao de filmes ltda.;38312.0;29.080.317/0001-67;2019;11;28
2019-11-28;last christmas;E1900436800000;ficção;estados unidos;515109;7733075.02;universal pictures international brazil ltda.;33787.0;24.810.280/0001-61;2019;11;28
2019-11-28;liberdade é uma grande palavra;B1900036000000;documentário;brasil;61;586.56;elo audiovisual serviços ltda;5672.0;07.700.630/0001-18;2019;11;28
2019-11-28;novas espécies - a expedição do século;B1900245100000;documentário;brasil;115;2117.74;elo audiovisual serviços ltda;5672.0;07.700.630/0001-18;2019;11;28
2019-11-28;novas espécies - a expedição do século;B1900245100000;documentário;brasil;106;2048.0;filmart produções artisticas ltda;890.0;64.044.886/0001-58;2019;11;28
2019-11-28;os parças 2;B1900487100000;ficção;brasil;1312134;18602352.39;sm distribuidora de filmes ltda;11922.0;08.257.054/0001-49;2019;11;28
2019-11-28;the big shrink;E1900336900000;animação;china;3758;20691.48;lanca distribuidora de filmes ltda;25115.0;18.384.267/0001-95;2019;11;28
2019-11-21;47 meters down: uncaged;E1900302700000;ficção;reino unido;154056;2124005.53;sm distribuidora de filmes ltda;11922.0;08.257.054/0001-49;2019;11;21
2019-11-21;a rainy day in new york;E1900466900000;ficção;estados unidos;147805;3108948.96;wmix distribuidora ltda.;1935.0;03.918.609/0001-32;2019;11;21
2019-11-21;aspirantes;B1500843400000;ficção;brasil;382;5223.19;ciclorama filmes ltda.;17471.0;12.124.611/0001-20;2019;11;21
2019-11-21;bixa travesty;B1800213800000;documentário;brasil;17378;96142.37;cinema arteplex ltda.;1944.0;04.969.463/0001-17;2019;11;21
2019-11-21;kalushi: the story of solomon mahlangu;E1900368700000;ficção;áfrica do sul;120;1224.9;encripta s/a;22364.0;15.182.829/0001-20;2019;11;21
2019-11-21;midway;E1900304100000;ficção;china;136807;2281636.0;diamond films do brasil produção e distribuição audiovisual ltda.;22724.0;17.095.184/0001-13;2019;11;21
2019-11-21;overcomer;E1900276600000;ficção;estados unidos;749627;9680009.6;360 entretenimento e distribuição de filmes ltda;31182.0;22.208.152/0001-17;2019;11;21
2019-11-21;recife assombrado - filme;B1900507000000;ficção;brasil;5812;53173.89;elo audiovisual serviços ltda;5672.0;07.700.630/0001-18;2019;11;21
2019-11-21;the good liar;E1900062800000;ficção;estados unidos;41090;881140.97;warner bros. (south) inc.;265.0;33.015.827/0001-28;2019;11;21
2019-11-21;uma;B1900177100000;documentário;brasil;9114;168870.05;circuito cinearte ltda;1083.0;01.425.583/0001-65;2019;11;21
2019-11-14;a irmandade;B1900148100000;documentário;brasil;684;6611.0;frederico da cruz machado - me;11990.0;03.553.092/0001-25;2019;11;14
2019-11-14;angel has fallen;E1900309700000;ficção;estados unidos;486210;7654839.37;wmix distribuidora ltda.;1935.0;03.918.609/0001-32;2019;11;14
2019-11-14;azougue nazaré;B1800141000000;ficção;brasil;4881;41259.99;inquieta cinema, cultura e comunicacao ltda.;29984.0;21.805.885/0001-76;2019;11;14
2019-11-14;charlie´s angels;E1900271700000;ficção;estados unidos;453406;6866295.14;columbia tristar filmes do brasil ltda;84.0;00.979.601/0001-98;2019;11;14
2019-11-14;diz a ela que me viu chorar;B1900357900000;documentário;brasil;1985;14140.21;vitrine filmes ltda;16713.0;11.620.976/0001-83;2019;11;14
2019-11-14;dora and the lost city of gold;E1900339600000;ficção;austrália;594843;8922075.56;paramount pictures brasil distribuidora de filmes ltda;169.0;27.654.722/0001-16;2019;11;14
2019-11-14;ford v ferrari;E1900252200000;ficção;estados unidos;290610;5880797.66;the walt disney company (brasil) ltda.;18398.0;73.042.962/0001-87;2019;11;14
2019-11-14;nous finirons ensemble;E1900510500000;ficção;bélgica;8545;143164.92;tag cultural distribuidora de filmes ltda;173.0;03.599.148/0001-82;2019;11;14
2019-11-14;the irishman;E1900540900000;ficção;estados unidos;974;10667.8;curitiba arte - instituto curitiba de arte e cultura;41518.0;05.503.775/0001-01;2019;11;14
2019-11-14;the irishman;E1900540900000;ficção;estados unidos;24493;390389.52;o2 produções artísticas e cinematográficas ltda.;63.0;67.431.718/0001-03;2019;11;14
2019-11-14;the snow queen: mirrorlands;E1900483800000;animação;rússia;107228;1346566.81;galeria distribuidora audiovisual ltda;42233.0;32.656.607/0001-10;2019;11;14
2019-11-07;adam;E1900498900000;ficção;bélgica;21056;362598.58;arteplex distribuidora ltda;41991.0;31.694.954/0001-75;2019;11;7
2019-11-07;ballon;E1900477900000;ficção;alemanha;3535;43803.53;a2 distribuidora de filmes ltda epp;34811.0;18.338.912/0001-33;2019;11;7
2019-11-07;cine são paulo;B1700435100000;documentário;brasil;438;3253.09;parlatório produções ltda me;38699.0;08.203.131/0001-88;2019;11;7
2019-11-07;doctor sleep;E1900463600000;ficção;estados unidos;303232;4937396.08;warner bros. (south) inc.;265.0;33.015.827/0001-28;2019;11;7
2019-11-07;mama colonel;E1900447600000;documentário;congo;228;3521.6;vilacine serviços cinematográficos s.a.;18499.0;11.276.047/0001-07;2019;11;7
2019-11-07;meu amigo fela;B1800603500000;documentário;brasil;2860;40761.24;o2 produções artísticas e cinematográficas ltda.;63.0;67.431.718/0001-03;2019;11;7
2019-11-07;missing link;E1900388600000;animação;canadá;19735;276575.43;the walt disney company (brasil) ltda.;18398.0;73.042.962/0001-87;2019;11;7
2019-11-07;parasite;E1900453900000;ficção;coréia do sul;1010797;18878582.1;rj distribuidora de filmes ltda;5963.0;00.146.442/0001-40;2019;11;7
2019-11-07;retablo;E1900499200000;ficção;alemanha;3687;57117.8;arteplex distribuidora ltda;41991.0;31.694.954/0001-75;2019;11;7
2019-11-07;sefarad;E1900440500000;ficção;portugal;1843;29687.8;lira filmes produções ltda me;28406.0;21.054.261/0001-64;2019;11;7
2019-11-07;the report;E1900304200000;ficção;estados unidos;2070;42889.79;diamond films do brasil produção e distribuição audiovisual ltda.;22724.0;17.095.184/0001-13;2019;11;7
2019-11-07;where´d you go, bernadette;E1900361500000;ficção;estados unidos;28968;630824.99;wmix distribuidora ltda.;1935.0;03.918.609/0001-32;2019;11;7
2019-10-31;a cidade dos piratas;B1800516900000;animação;brasil;2384;32188.15;lanca distribuidora de filmes ltda;25115.0;18.384.267/0001-95;2019;10;31
2019-10-31;a vida invisível;B1900366600000;ficção;alemanha;136419;2310810.1;columbia tristar filmes do brasil ltda;84.0;00.979.601/0001-98;2019;10;31
2019-10-31;goal;E1900368800000;ficção;israel;294;4879.8;encripta s/a;22364.0;15.182.829/0001-20;2019;10;31
2019-10-31;intruso;B1600625500000;ficção;brasil;4113;33727.79;pipa nativa produção cultural ltda;5467.0;05.933.574/0001-36;2019;10;31
2019-10-31;la odisea de los giles;E1900471400000;ficção;argentina;127491;2469801.83;warner bros. (south) inc.;265.0;33.015.827/0001-28;2019;10;31
2019-10-31;maria do caritó;B1900075800000;ficção;brasil;40922;639161.21;wmix distribuidora ltda.;1935.0;03.918.609/0001-32;2019;10;31
2019-10-31;official secrets;E1900336200000;ficção;estados unidos;14406;259453.07;diamond films do brasil produção e distribuição audiovisual ltda.;22724.0;17.095.184/0001-13;2019;10;31
2019-10-31;papicha;E1900458900000;ficção;argélia;7370;106427.24;providence distribuidora de filmes ltda;12443.0;08.656.129/0001-64;2019;10;31
2019-10-31;rogéria - senhor astolfo barrozo pinto;B1800517000000;documentário;brasil;1055;15163.13;pagu distribuicao de filmes ltda.;38312.0;29.080.317/0001-67;2019;10;31
2019-10-31;terminator: dark fate;E1900248700000;ficção;china;1024351;16167184.42;the walt disney company (brasil) ltda.;18398.0;73.042.962/0001-87;2019;10;31
2019-10-31;the addams family;E1900349600000;animação;canadá;1627967;24425970.79;universal pictures international brazil ltda.;33787.0;24.810.280/0001-61;2019;10;31
2019-10-29;the shining;E1500192200000;ficção;estados unidos;11037;161678.04;warner bros. (south) inc.;265.0;33.015.827/0001-28;2019;10;29
2019-10-24;alex camera 10;B1700332800000;documentário;brasil;544;7096.02;moro comunicacao ltda;5224.0;03.827.382/0001-10;2019;10;24
2019-10-24;brittany runs a marathon;E1900297700000;ficção;estados unidos;2380;47201.15;diamond films do brasil produção e distribuição audiovisual ltda.;22724.0;17.095.184/0001-13;2019;10;24
2019-10-24;downtown abbey;E1900436700000;ficção;reino unido;107809;2470935.33;universal pictures international brazil ltda.;33787.0;24.810.280/0001-61;2019;10;24
2019-10-24;la lutte des classes;E1900447500000;ficção;frança;1428;20631.54;a2 distribuidora de filmes ltda epp;34811.0;18.338.912/0001-33;2019;10;24
2019-10-24;os principes;B1800321600000;ficção;brasil;133;2320.21;cavideo produções comércio e locação de filmes ltda;11893.0;01.666.326/0001-15;2019;10;24
2019-10-24;three from hell;E1900449400000;ficção;estados unidos;2327;38532.76;sm distribuidora de filmes ltda;11922.0;08.257.054/0001-49;2019;10;24
2019-10-24;zombieland: double tap;E1900367100000;ficção;estados unidos;287152;4185689.52;columbia tristar filmes do brasil ltda;84.0;00.979.601/0001-98;2019;10;24
2019-10-18;humberto mauro;B1800474200000;documentário;brasil;324;3683.37;di mauro cultura e arte produções artísticas ltda;32612.0;00.061.412/0001-31;2019;10;18
2019-10-18;música para quando as luzes se apagam;B1700411300000;documentário;brasil;379;5857.42;ludwig maia arthouse distribuidora de filmes ltda;22808.0;05.249.852/0001-30;2019;10;18
2019-10-17;bajo la rosa;E1900368500000;ficção;espanha;2213;33273.72;encripta s/a;22364.0;15.182.829/0001-20;2019;10;17
2019-10-17;euforia;E1900442200000;ficção;itália;2018;34426.79;circuito cinearte ltda;1083.0;01.425.583/0001-65;2019;10;17
2019-10-17;il campione;E1900383600000;ficção;itália;1965;34224.57;arteplex distribuidora ltda;41991.0;31.694.954/0001-75;2019;10;17
2019-10-17;light of my life;E1900363100000;ficção;estados unidos;7335;154822.94;wmix distribuidora ltda.;1935.0;03.918.609/0001-32;2019;10;17
2019-10-17;maleficent: mistress of evil;E1900358800000;ficção;estados unidos;5798248;91573270.34;the walt disney company (brasil) ltda.;18398.0;73.042.962/0001-87;2019;10;17
2019-10-17;meu nome é daniel;B1800517200000;documentário;brasil;1429;14589.25;olhar distribuicao de filmes ltda;37242.0;28.083.221/0001-90;2019;10;17
2019-10-17;pavarotti;E1900420200000;documentário;estados unidos;1423;25766.8;cinecolor do brasil ltda;2631.0;05.332.959/0001-48;2019;10;17
2019-10-10;a noite amarela;B1900249100000;ficção;brasil;1824;13055.2;vitrine filmes ltda;16713.0;11.620.976/0001-83;2019;10;10
2019-10-10;eu sinto muito;B1900448700000;ficção;brasil;2860;27358.6;elo audiovisual serviços ltda;5672.0;07.700.630/0001-18;2019;10;10
2019-10-10;frans krajcberg: manifesto;B1800335300000;documentário;brasil;1715;17689.5;lauper films ltda me;1002.0;60.636.537/0001-74;2019;10;10
2019-10-10;gemini man;E1900339700000;ficção;china;821760;13513356.65;paramount pictures brasil distribuidora de filmes ltda;169.0;27.654.722/0001-16;2019;10;10
2019-10-10;greta;B1900172900000;ficção;brasil;8709;108699.87;providence distribuidora de filmes ltda;12443.0;08.656.129/0001-64;2019;10;10
2019-10-10;luna;B1800287700000;ficção;brasil;1018;12399.8;cinematográfica distribuidora de filmes ltda;33340.0;23.391.665/0001-79;2019;10;10
2019-10-10;morto não fala;B1800405900000;ficção;brasil;26574;420759.89;pagu distribuicao de filmes ltda.;38312.0;29.080.317/0001-67;2019;10;10
2019-10-10;the goldfinch;E1900235000000;ficção;estados unidos;6618;130833.91;warner bros. (south) inc.;265.0;33.015.827/0001-28;2019;10;10
2019-10-10;uma história de amor assombrado;B1900233200000;ficção;brasil;776;10805.53;film connection distribuidora de filmes ltda;5587.0;07.819.481/0001-00;2019;10;10
2019-10-03;"""el hombre que cuida""";B1800115900000;ficção;brasil;491;6905.83;esfera produções culturais eireli;18039.0;11.579.388/0001-43;2019;10;3
2019-10-03;a fera na selva;B1900415900000;ficção;brasil;3119;41394.23;o2 produções artísticas e cinematográficas ltda.;63.0;67.431.718/0001-03;2019;10;3
2019-10-03;a turma do pererê.doc;B1800547100000;documentário;brasil;473;4352.04;o2 produções artísticas e cinematográficas ltda.;63.0;67.431.718/0001-03;2019;10;3
2019-10-03;de peito aberto;B1900179600000;documentário;brasil;1153;18397.97;pagu distribuicao de filmes ltda.;38312.0;29.080.317/0001-67;2019;10;3
2019-10-03;deux moi;E1900410800000;ficção;frança;25703;446470.17;tag cultural distribuidora de filmes ltda;173.0;03.599.148/0001-82;2019;10;3
2019-10-03;domingo;B1800502000000;ficção;brasil;2684;33607.21;ludwig maia arthouse distribuidora de filmes ltda;22808.0;05.249.852/0001-30;2019;10;3
2019-10-03;ela disse, ele disse;B1900442300000;ficção;brasil;245004;3457852.05;wmix distribuidora ltda.;1935.0;03.918.609/0001-32;2019;10;3
2019-10-03;joker;E1900357300000;ficção;canadá;9761831;157127534.08;warner bros. (south) inc.;265.0;33.015.827/0001-28;2019;10;3
2019-10-03;o clube dos canibais;B1700104400000;ficção;brasil;1970;17547.81;olhar distribuicao de filmes ltda;37242.0;28.083.221/0001-90;2019;10;3
2019-10-03;onde quer que você esteja;B1800235200000;ficção;brasil;514;7185.71;boulevard filmes ltda;17484.0;12.126.484/0001-07;2019;10;3
2019-10-03;terapia do medo;B1900439300000;ficção;brasil;431;3828.0;freespirit distribuidora de filmes ltda.;4904.0;07.616.202/0001-01;2019;10;3
2019-10-03;the angry birds movie 2;E1900271800000;animação;estados unidos;894027;12490510.51;columbia tristar filmes do brasil ltda;84.0;00.979.601/0001-98;2019;10;3
2019-10-03;um dia para susana;B1800552500000;documentário;brasil;204;2096.61;vitrine filmes ltda;16713.0;11.620.976/0001-83;2019;10;3
2019-10-03;wild rose;E1900373400000;ficção;reino unido;1447;22428.45;diamond films do brasil produção e distribuição audiovisual ltda.;22724.0;17.095.184/0001-13;2019;10;3
2019-10-02;pipoca moderna;B2400040800000;documentário;brasil;1;10.0;kompanhia teatro multimídia de são paulo;57643.0;60.740.149/0001-39;2019;10;2
2019-10-01;paulo de tarso e a história do cristianismo primitivo;B1900444100000;documentário;brasil;4254;73525.33;a2 distribuidora de filmes ltda epp;34811.0;18.338.912/0001-33;2019;10;1
2019-09-26;abominable;E1900349400000;animação;china;1028836;15176199.22;universal pictures international brazil ltda.;33787.0;24.810.280/0001-61;2019;9;26
2019-09-26;aconteceu na quarta-feira (doppelganger);B1900198800000;ficção;brasil;211;3773.87;forte filmes produções artísticas ltda;12699.0;08.787.497/0001-41;2019;9;26
2019-09-26;ad astra;E1900252000000;ficção;brasil;360572;6839627.93;the walt disney company (brasil) ltda.;18398.0;73.042.962/0001-87;2019;9;26
2019-09-26;ambiente familiar;B1900347600000;ficção;brasil;728;6111.37;elo audiovisual serviços ltda;5672.0;07.700.630/0001-18;2019;9;26
2019-09-26;caminhos magnéticos;B1900057300000;ficção;portugal;92;1081.51;esfera produções culturais eireli;18039.0;11.579.388/0001-43;2019;9;26
2019-09-26;carta para além dos muros;B1900017500000;documentário;brasil;3898;45935.17;miríade filmes e produções artísticas ltda;15977.0;11.101.993/0001-04;2019;9;26
2019-09-26;crawl;E1900339500000;ficção;estados unidos;230120;3420805.27;paramount pictures brasil distribuidora de filmes ltda;169.0;27.654.722/0001-16;2019;9;26
2019-09-26;der junge muss an die frische luft;E1900377500000;ficção;alemanha;4874;63871.03;providence distribuidora de filmes ltda;12443.0;08.656.129/0001-64;2019;9;26
2019-09-26;filles du soleil, les;E1900122700000;ficção;bélgica;2550;38688.56;antonio fernandes filmes ltda;532.0;02.668.665/0001-01;2019;9;26
2019-09-26;foro íntimo;B1700541700000;ficção;brasil;665;7863.68;embauba filmes ltda;23638.0;15.144.532/0001-70;2019;9;26
2019-09-26;hebe - a estrela do brasil;B1900398400000;ficção;brasil;117058;1986773.99;warner bros. (south) inc.;265.0;33.015.827/0001-28;2019;9;26
2019-09-26;pyewacket;E1900200900000;ficção;canadá;2633;38396.47;cinecolor do brasil ltda;2631.0;05.332.959/0001-48;2019;9;26
2019-09-26;running for grace;E1900340500000;ficção;estados unidos;244;3515.99;encripta s/a;22364.0;15.182.829/0001-20;2019;9;26
2019-09-19;after the wedding;E1900297600000;ficção;estados unidos;36710;829117.1;diamond films do brasil produção e distribuição audiovisual ltda.;22724.0;17.095.184/0001-13;2019;9;19
2019-09-19;blinded by the light;E1900234900000;ficção;reino unido;19853;430291.39;warner bros. (south) inc.;265.0;33.015.827/0001-28;2019;9;19
2019-09-19;dafne;E1900287400000;ficção;itália;3244;48459.35;pagu distribuicao de filmes ltda.;38312.0;29.080.317/0001-67;2019;9;19
2019-09-19;far from the tree;E1900332000000;documentário;estados unidos;4984;48400.11;flow filmes ltda.;40351.0;23.558.535/0001-88;2019;9;19
2019-09-19;meu mundial;B1700479800000;ficção;brasil;415;6387.75;bretz filmes distribuidora e produtora ltda - epp;19243.0;39.079.678/0001-47;2019;9;19
2019-09-19;midsommar;E1900227200000;ficção;estados unidos;66576;1144455.17;sm distribuidora de filmes ltda;11922.0;08.257.054/0001-49;2019;9;19
2019-09-19;os jovens baumann;B1900108800000;ficção;brasil;1783;12026.22;vitrine filmes ltda;16713.0;11.620.976/0001-83;2019;9;19
2019-09-19;rambo: last blood;E1900310000000;ficção;estados unidos;793915;12165237.26;wmix distribuidora ltda.;1935.0;03.918.609/0001-32;2019;9;19
2019-09-19;torre das donzelas;B1800504700000;documentário;brasil;6424;82949.21;elo audiovisual serviços ltda;5672.0;07.700.630/0001-18;2019;9;19
2019-09-19;uruguai - na vanguarda;B1900387800000;documentário;brasil;464;6363.66;urbano produções & eventos ltda;23942.0;17.002.796/0001-14;2019;9;19
2019-09-12;a música do tempo - do sonho do império ao império do sonho;B1800423800000;documentário;brasil;317;5222.06;circuito cinearte ltda;1083.0;01.425.583/0001-65;2019;9;12
2019-09-12;abigail;E1900348700000;ficção;rússia;66775;998014.7;playarte pictures entretenimentos ltda.;443.0;00.943.231/0001-39;2019;9;12
2019-09-12;divaldo – o mensageiro da paz;B1900386800000;ficção;brasil;430704;6807616.79;the walt disney company (brasil) ltda.;18398.0;73.042.962/0001-87;2019;9;12
2019-09-12;dronningen;E1900302600000;ficção;dinamarca;20133;349390.97;arteplex distribuidora ltda;41991.0;31.694.954/0001-75;2019;9;12
2019-09-12;l'adieu à la nuit;E1900376000000;ficção;alemanha;12913;204202.78;providence distribuidora de filmes ltda;12443.0;08.656.129/0001-64;2019;9;12
2019-09-12;legalidade;B1800491800000;ficção;brasil;15993;223306.38;boulevard filmes ltda;17484.0;12.126.484/0001-07;2019;9;12
2019-09-12;marés;B1900363600000;ficção;brasil;660;4631.6;elo audiovisual serviços ltda;5672.0;07.700.630/0001-18;2019;9;12
2019-09-12;peterloo;E1800610800000;ficção;reino unido;1828;34376.81;diamond films do brasil produção e distribuição audiovisual ltda.;22724.0;17.095.184/0001-13;2019;9;12
2019-09-12;tabi no owari, sekai no hajimari;E1900410200000;ficção;japão;2250;32378.1;zeta filmes ltda;22936.0;02.469.679/0001-98;2019;9;12
2019-09-12;tsé;B1800447400000;documentário;brasil;914;15775.44;pagu distribuicao de filmes ltda.;38312.0;29.080.317/0001-67;2019;9;12
2019-09-12;vai que cola 2 - o começo;B1900401700000;ficção;brasil;803483;11894965.62;h2o distribuidora de filmes ltda;21541.0;15.372.472/0001-42;2019;9;12
2019-09-12;who you think i am;E1900123000000;ficção;bélgica;15276;270349.23;antonio fernandes filmes ltda;532.0;02.668.665/0001-01;2019;9;12
2019-09-05;der trafikant;E1900346400000;ficção;alemanha;59146;1024006.54;a2 distribuidora de filmes ltda epp;34811.0;18.338.912/0001-33;2019;9;5
2019-09-05;it: chapter two;E1900346500000;ficção;estados unidos;3157825;47757632.02;warner bros. (south) inc.;265.0;33.015.827/0001-28;2019;9;5
2019-09-05;o corpo é nosso!;B1900042200000;documentário;brasil;1392;14341.92;o2 produções artísticas e cinematográficas ltda.;63.0;67.431.718/0001-03;2019;9;5
2019-09-05;the queen´s corgi;E1900148700000;animação;bélgica;230072;3379915.8;wmix distribuidora ltda.;1935.0;03.918.609/0001-32;2019;9;5
2019-09-05;vision;E1900366500000;ficção;frança;9617;164959.76;tag cultural distribuidora de filmes ltda;173.0;03.599.148/0001-82;2019;9;5
2019-08-29;a mulher do meu marido;B1800089700000;ficção;argentina;3018;50247.55;bretz filmes distribuidora e produtora ltda - epp;19243.0;39.079.678/0001-47;2019;8;29
2019-08-29;bacurau;B1900232600000;ficção;frança;741938;11368558.0;vitrine filmes ltda;16713.0;11.620.976/0001-83;2019;8;29
2019-08-29;lune de miel;E1900346900000;ficção;frança;7597;121935.96;providence distribuidora de filmes ltda;12443.0;08.656.129/0001-64;2019;8;29
2019-08-29;o filho do homem;B1900164800000;ficção;brasil;1335;13807.93;elo audiovisual serviços ltda;5672.0;07.700.630/0001-18;2019;8;29
2019-08-29;summer of 84;E1900065900000;ficção;canadá;9978;151043.97;cinecolor do brasil ltda;2631.0;05.332.959/0001-48;2019;8;29
2019-08-29;yesterday;E1900265700000;ficção;reino unido;626136;12124766.46;universal pictures international brazil ltda.;33787.0;24.810.280/0001-61;2019;8;29
2019-08-22;anna;E1900223800000;ficção;frança;100444;1704282.18;sm distribuidora de filmes ltda;11922.0;08.257.054/0001-49;2019;8;22
2019-08-22;child´s play;E1900148500000;ficção;estados unidos;345987;5038247.98;wmix distribuidora ltda.;1935.0;03.918.609/0001-32;2019;8;22
2019-08-22;o incerto lugar do desejo;B1900210500000;documentário;brasil;1038;18979.0;elo audiovisual serviços ltda;5672.0;07.700.630/0001-18;2019;8;22
2019-08-22;o verde está do outro lado;B1500851700000;documentário;brasil;537;6467.34;lira filmes produções ltda me;28406.0;21.054.261/0001-64;2019;8;22
2019-08-22;pájaros de verano;E1900356000000;ficção;alemanha;7520;126225.32;arteplex distribuidora ltda;41991.0;31.694.954/0001-75;2019;8;22
2019-08-22;ricordi?;E1800490700000;ficção;itália;5697;92074.86;cinematográfica distribuidora de filmes ltda;33340.0;23.391.665/0001-79;2019;8;22
2019-08-22;tea pets;E1900314200000;animação;china;49701;730869.84;playarte pictures entretenimentos ltda.;443.0;00.943.231/0001-39;2019;8;22
2019-08-22;teatros no brasil  claudio santoro - memórias do maestro e do teatro em vida;B1900072800000;documentário;brasil;17;320.43;wmix distribuidora ltda.;1935.0;03.918.609/0001-32;2019;8;22
2019-08-22;teatros no brasil  teatros amazonas - o filho ouro da floresta;B1900074000000;documentário;brasil;33;481.96;wmix distribuidora ltda.;1935.0;03.918.609/0001-32;2019;8;22
2019-08-22;teatros no brasil castro alves - o teatro e o homem;B1900074100000;documentário;brasil;22;373.88;wmix distribuidora ltda.;1935.0;03.918.609/0001-32;2019;8;22
2019-08-22;teatros no brasil sudeste municipal - enredos da jóia carioca;B1900121900000;documentário;brasil;19;331.01;wmix distribuidora ltda.;1935.0;03.918.609/0001-32;2019;8;22
2019-08-22;teatros no brasil theatro são pedro - símbolo de arte e resistência;B1900147000000;documentário;brasil;16;275.64;wmix distribuidora ltda.;1935.0;03.918.609/0001-32;2019;8;22
2019-08-22;uma noite não é nada;B1800206400000;ficção;brasil;1008;13987.77;reserva nacional distribuidora de filmes ltda.;11868.0;08.346.733/0001-94;2019;8;22
2019-08-15;espero tua (re)volta;B1900350700000;documentário;brasil;2834;19738.14;parlatório produções ltda me;38699.0;08.203.131/0001-88;2019;8;15
2019-08-15;eu sou brasileiro;B1900233000000;ficção;brasil;1512;14194.08;elo audiovisual serviços ltda;5672.0;07.700.630/0001-18;2019;8;15
2019-08-15;nada a perder 2;B1900354300000;ficção;brasil;6189465;59750401.6;sm distribuidora de filmes ltda;11922.0;08.257.054/0001-49;2019;8;15
2019-08-15;notti magiche;E1900332200000;ficção;itália;8800;139931.94;tag cultural distribuidora de filmes ltda;173.0;03.599.148/0001-82;2019;8;15
2019-08-15;once upon a time in hollywood;E1900127300000;ficção;estados unidos;743447;14455038.1;columbia tristar filmes do brasil ltda;84.0;00.979.601/0001-98;2019;8;15
2019-08-12;un amour impossible;E1900017800000;ficção;bélgica;13161;230301.83;a2 distribuidora de filmes ltda epp;34811.0;18.338.912/0001-33;2019;8;12
2019-08-08;alma imoral;B1900314100000;documentário;brasil;3143;54482.58;elo audiovisual serviços ltda;5672.0;07.700.630/0001-18;2019;8;8
2019-08-08;fourteen;E1900336700000;ficção;estados unidos;871;12083.22;zeta filmes ltda;22936.0;02.469.679/0001-98;2019;8;8
2019-08-08;leste oeste;B1600677900000;ficção;brasil;366;4729.34;kinopus audiovisual ltda - me;4021.0;06.236.625/0001-33;2019;8;8
2019-08-08;manou the swift;E1900126900000;animação;alemanha;13396;190881.9;sm distribuidora de filmes ltda;11922.0;08.257.054/0001-49;2019;8;8
2019-08-08;o amigo do rei;B1900212400000;documentário;brasil;1654;18888.88;o2 produções artísticas e cinematográficas ltda.;63.0;67.431.718/0001-03;2019;8;8
2019-08-08;photograph;E1900130800000;ficção;alemanha;5841;101070.19;antonio fernandes filmes ltda;532.0;02.668.665/0001-01;2019;8;8
2019-08-08;rafiki;E1900037200000;ficção;frança;6022;59812.35;olhar distribuicao de filmes ltda;37242.0;28.083.221/0001-90;2019;8;8
2019-08-08;rebelles;E1900275200000;ficção;frança;3850;59771.45;tag cultural distribuidora de filmes ltda;173.0;03.599.148/0001-82;2019;8;8
2019-08-08;scary stories to tell in the dark;E1900202300000;ficção;estados unidos;185207;2704838.05;diamond films do brasil produção e distribuição audiovisual ltda.;22724.0;17.095.184/0001-13;2019;8;8
2019-08-08;simonal;B1800098700000;ficção;brasil;65629;1190011.69;freespirit distribuidora de filmes ltda.;4904.0;07.616.202/0001-01;2019;8;8
2019-08-08;the art of racing in the rain;E1900248800000;ficção;estados unidos;198956;3052917.3;the walt disney company (brasil) ltda.;18398.0;73.042.962/0001-87;2019;8;8
2019-08-08;the kitchen;E1900235100000;ficção;estados unidos;28148;598832.01;warner bros. (south) inc.;265.0;33.015.827/0001-28;2019;8;8
2019-08-08;vermelho sol;B1800458600000;ficção;brasil;6381;53498.43;vitrine filmes ltda;16713.0;11.620.976/0001-83;2019;8;8
2019-08-01;abaixo a gravidade;B1700222300000;ficção;brasil;851;11262.8;p & m distribuidora de filmes ltda;31931.0;22.910.081/0001-08;2019;8;1
2019-08-01;deux fils;E1900310600000;ficção;bélgica;3067;51794.56;providence distribuidora de filmes ltda;12443.0;08.656.129/0001-64;2019;8;1
2019-08-01;fast & furious presents: hobbs & shaw;E1900264000000;ficção;estados unidos;2743755;44245595.79;universal pictures international brazil ltda.;33787.0;24.810.280/0001-61;2019;8;1
2019-08-01;galaxias;B1402255700000;documentário;brasil;47;288.0;de felippes filmes e produções ltda;7128.0;08.427.088/0001-34;2019;8;1
2019-08-01;la dernière folie de claire darling;E1900183800000;variedades;frança;23368;400360.43;a2 distribuidora de filmes ltda epp;34811.0;18.338.912/0001-33;2019;8;1
2019-08-01;mon bebé;E1900337700000;ficção;bélgica;1663;24440.45;bonfilm produção e distribuição audiovisual ltda;14462.0;10.383.039/0001-99;2019;8;1
2019-08-01;no coração do mundo;B1900307100000;ficção;brasil;8060;102125.09;embauba filmes ltda;23638.0;15.144.532/0001-70;2019;8;1
2019-08-01;poms;E1900223000000;ficção;estados unidos;13493;245774.43;diamond films do brasil produção e distribuição audiovisual ltda.;22724.0;17.095.184/0001-13;2019;8;1
2019-07-25;a serpente;B1700499100000;ficção;brasil;527;5591.31;william cubits capela;4946.0;05.246.567/0001-66;2019;7;25
2019-07-25;extremely wicked, shockingly, evil and vile;E1900289500000;ficção;estados unidos;95858;1924721.99;sm distribuidora de filmes ltda;11922.0;08.257.054/0001-49;2019;7;25
2019-07-25;kûkai;E1900282600000;ficção;china;7613;138031.03;playarte pictures entretenimentos ltda.;443.0;00.943.231/0001-39;2019;7;25
2019-07-25;the hustle;E1900265600000;ficção;estados unidos;90476;1582070.36;universal pictures international brazil ltda.;33787.0;24.810.280/0001-61;2019;7;25
2019-07-18;isha ovedet;E1900338900000;ficção;israel;13037;214823.53;pagu distribuicao de filmes ltda.;38312.0;29.080.317/0001-67;2019;7;18
2019-07-18;palace ii - 3 quartos com vista para o mar;B1800550200000;documentário;brasil;290;5744.38;pagu distribuicao de filmes ltda.;38312.0;29.080.317/0001-67;2019;7;18
2019-07-18;the lion king;E1900267700000;ficção;estados unidos;16249415;265903973.65;the walt disney company (brasil) ltda.;18398.0;73.042.962/0001-87;2019;7;18
2019-07-18;yao;E1900123100000;ficção;frança;26284;439701.5;antonio fernandes filmes ltda;532.0;02.668.665/0001-01;2019;7;18
2019-07-11;estou me guardando para quando o carnaval chegar;B1900093600000;documentário;brasil;10640;82744.39;vitrine filmes ltda;16713.0;11.620.976/0001-83;2019;7;11
2019-07-11;hotel mumbai;E1900073900000;ficção;austrália;78873;1789610.75;wmix distribuidora ltda.;1935.0;03.918.609/0001-32;2019;7;11
2019-07-11;little miss dolittle;E1800602700000;ficção;alemanha;9298;135532.91;sm distribuidora de filmes ltda;11922.0;08.257.054/0001-49;2019;7;11
2019-07-11;mon inconnue;E1900271500000;ficção;bélgica;18505;286175.39;bonfilm produção e distribuição audiovisual ltda;14462.0;10.383.039/0001-99;2019;7;11
2019-07-11;the golden glove;E1900275300000;ficção;alemanha;9505;153272.35;tag cultural distribuidora de filmes ltda;173.0;03.599.148/0001-82;2019;7;11
2019-07-04;best intentions;E1900253900000;ficção;frança;6491;99949.91;providence distribuidora de filmes ltda;12443.0;08.656.129/0001-64;2019;7;4
2019-07-04;cezane et moi;E1900192700000;ficção;bélgica;19150;337341.44;bretz filmes distribuidora e produtora ltda - epp;19243.0;39.079.678/0001-47;2019;7;4
2019-07-04;l'homme fidèle;E1900046500000;ficção;frança;325;6211.25;omf servicos & consultoria ltda;28508.0;21.437.756/0001-72;2019;7;4
2019-07-04;neville d'almeida - cronista da beleza e do caos;B1700610400000;documentário;brasil;530;6435.58;tucumán distribuidora de filmes ltda;16132.0;10.681.698/0001-01;2019;7;4
2019-07-04;spider-man: far from home;E1900127700000;variedades;estados unidos;6558112;106614870.55;columbia tristar filmes do brasil ltda;84.0;00.979.601/0001-98;2019;7;4
2019-07-04;the wild pear tree;E1900266600000;ficção;alemanha;4705;73824.86;p & m distribuidora de filmes ltda;31931.0;22.910.081/0001-08;2019;7;4
2019-06-27;annabelle comes home;E1900234800000;ficção;estados unidos;1789224;26510333.79;warner bros. (south) inc.;265.0;33.015.827/0001-28;2019;6;27
2019-06-27;divino amor;B1900232700000;ficção;brasil;35781;446201.11;vitrine filmes ltda;16713.0;11.620.976/0001-83;2019;6;27
2019-06-27;o olho e a faca;B1800029600000;ficção;brasil;1516;21077.59;antonio fernandes filmes ltda;532.0;02.668.665/0001-01;2019;6;27
2019-06-27;the secret life of pets 2;E1900162100000;ficção;estados unidos;1927355;27754287.79;universal pictures international brazil ltda.;33787.0;24.810.280/0001-61;2019;6;27
2019-06-27;turma da mônica - laços;B1900235500000;ficção;brasil;2129138;30453059.16;sm distribuidora de filmes ltda;11922.0;08.257.054/0001-49;2019;6;27
2019-06-20;by the grace of god;E1900122800000;ficção;bélgica;7011;119907.38;antonio fernandes filmes ltda;532.0;02.668.665/0001-01;2019;6;20
2019-06-20;depois do fim;B1800135100000;documentário;brasil;789;8688.11;lanca distribuidora de filmes ltda;25115.0;18.384.267/0001-95;2019;6;20
2019-06-20;deslembro;B1800411600000;ficção;brasil;16500;250185.8;reserva nacional distribuidora de filmes ltda.;11868.0;08.346.733/0001-94;2019;6;20
2019-06-20;long shot;E1900126800000;ficção;estados unidos;129743;2427157.21;sm distribuidora de filmes ltda;11922.0;08.257.054/0001-49;2019;6;20
2019-06-20;maya;E1900267000000;ficção;frança;3366;43522.63;zeta filmes ltda;22936.0;02.469.679/0001-98;2019;6;20
2019-06-20;relatos do front;B1900253800000;documentário;brasil;740;10253.33;ludwig maia arthouse distribuidora de filmes ltda;22808.0;05.249.852/0001-30;2019;6;20
2019-06-20;santiago, itália;E1900222300000;documentário;itália;5570;80588.01;providence distribuidora de filmes ltda;12443.0;08.656.129/0001-64;2019;6;20
2019-06-20;teen spirit;E1900202500000;ficção;estados unidos;1284;19321.46;diamond films do brasil produção e distribuição audiovisual ltda.;22724.0;17.095.184/0001-13;2019;6;20
2019-06-20;toy story 4;E1900229100000;animação;estados unidos;7955946;124446756.52;the walt disney company (brasil) ltda.;18398.0;73.042.962/0001-87;2019;6;20
2019-06-13;booksmart;E1900223900000;ficção;estados unidos;9698;141843.47;wmix distribuidora ltda.;1935.0;03.918.609/0001-32;2019;6;13
2019-06-13;dolor y gloria;E1900161900000;ficção;espanha;220527;4167130.28;universal pictures international brazil ltda.;33787.0;24.810.280/0001-61;2019;6;13
2019-06-13;greta;E1900084300000;ficção;estados unidos;40014;677677.61;galeria distribuidora audiovisual ltda;42233.0;32.656.607/0001-10;2019;6;13
2019-06-13;i am not a witch;E1800581700000;ficção;frança;4016;58481.01;tag cultural distribuidora de filmes ltda;173.0;03.599.148/0001-82;2019;6;13
2019-06-13;men in black international;E1900127100000;ficção;estados unidos;982092;16333360.0;columbia tristar filmes do brasil ltda;84.0;00.979.601/0001-98;2019;6;13
2019-06-13;the golem;E1900137000000;ficção;israel;8077;121734.48;playarte pictures entretenimentos ltda.;443.0;00.943.231/0001-39;2019;6;13
2019-06-10;playtime;E1900281400000;ficção;frança;268;2916.0;f. j. cines ltda;310.0;61.574.109/0001-27;2019;6;10
2019-06-06;a dog's journey;E1900161700000;ficção;estados unidos;167263;2450969.66;universal pictures international brazil ltda.;33787.0;24.810.280/0001-61;2019;6;6
2019-06-06;a história de um sonho;B1900139400000;documentário;brasil;4910;35242.2;elo audiovisual serviços ltda;5672.0;07.700.630/0001-18;2019;6;6
2019-06-06;amazônia groove;B1800459400000;documentário;brasil;1483;23661.38;pagu distribuicao de filmes ltda.;38312.0;29.080.317/0001-67;2019;6;6
2019-06-06;beatriz;B1500711400000;ficção;portugal;1217;16102.63;laercio bognar antonio eireli;38807.0;18.949.460/0001-26;2019;6;6
2019-06-06;i believe;E1900148600000;ficção;estados unidos;24912;352041.38;wmix distribuidora ltda.;1935.0;03.918.609/0001-32;2019;6;6
2019-06-06;memoir of pain;E1800492900000;ficção;bélgica;9809;161565.68;tag cultural distribuidora de filmes ltda;173.0;03.599.148/0001-82;2019;6;6
2019-06-06;paw patrol: mightypups;E1900227600000;animação;estados unidos;483759;7120112.94;sm distribuidora de filmes ltda;11922.0;08.257.054/0001-49;2019;6;6
2019-06-06;x-men: dark phoenix;E1900131400000;ficção;estados unidos;3330607;54347797.96;fox film do brasil ltda;256.0;33.110.420/0001-80;2019;6;6
2019-06-05;le mystere henri pick;E1900266100000;ficção;bélgica;12749;191584.19;a2 distribuidora de filmes ltda epp;34811.0;18.338.912/0001-33;2019;6;5
2019-06-05;little tickles;E1900236500000;ficção;frança;7909;101661.15;a2 distribuidora de filmes ltda epp;34811.0;18.338.912/0001-33;2019;6;5
2019-06-03;edmond;E1900233400000;ficção;bélgica;12334;180514.99;a2 distribuidora de filmes ltda epp;34811.0;18.338.912/0001-33;2019;6;3
2019-05-30;cómprame un revolver;E1900165500000;ficção;méxico;2178;33812.9;providence distribuidora de filmes ltda;12443.0;08.656.129/0001-64;2019;5;30
2019-05-30;dias vazios;B1700596400000;ficção;brasil;1456;16510.56;olhar distribuicao de filmes ltda;37242.0;28.083.221/0001-90;2019;5;30
2019-05-30;godzilla - king of the monsters;E1900062600000;ficção;estados unidos;532988;8433838.99;warner bros. (south) inc.;265.0;33.015.827/0001-28;2019;5;30
2019-05-30;ma;E1900162000000;ficção;estados unidos;35384;554368.09;universal pictures international brazil ltda.;33787.0;24.810.280/0001-61;2019;5;30
2019-05-30;mid90's;E1900079700000;ficção;estados unidos;3854;60885.49;diamond films do brasil produção e distribuição audiovisual ltda.;22724.0;17.095.184/0001-13;2019;5;30
2019-05-30;rindo à toa;B1800556200000;documentário;brasil;63;955.83;bretz filmes distribuidora e produtora ltda - epp;19243.0;39.079.678/0001-47;2019;5;30
2019-05-30;rocketman;E1900164300000;ficção;estados unidos;733230;15085447.28;paramount pictures brasil distribuidora de filmes ltda;169.0;27.654.722/0001-16;2019;5;30
2019-05-30;the man who killed don quixote;E1900129500000;ficção;bélgica;4568;80824.88;a2 distribuidora de filmes ltda epp;34811.0;18.338.912/0001-33;2019;5;30
2019-05-30;zaatari, o filme;B1800606700000;documentário;alemanha;208;3894.0;filmart produções artisticas ltda;890.0;64.044.886/0001-58;2019;5;30
2019-05-23;aladdin;E1900188100000;ficção;estados unidos;4792755;80120460.88;the walt disney company (brasil) ltda.;18398.0;73.042.962/0001-87;2019;5;23
2019-05-23;brightburn;E1900119000000;ficção;estados unidos;77584;1162959.0;columbia tristar filmes do brasil ltda;84.0;00.979.601/0001-98;2019;5;23
2019-05-23;hellboy;E1900033700000;ficção;estados unidos;172868;2583621.9;wmix distribuidora ltda.;1935.0;03.918.609/0001-32;2019;5;23
2019-05-23;histórias estranhas;B1800214000000;ficção;brasil;781;7985.34;elo audiovisual serviços ltda;5672.0;07.700.630/0001-18;2019;5;23
2019-05-23;inferninho;B1800168300000;ficção;brasil;3765;40214.82;embauba filmes ltda;23638.0;15.144.532/0001-70;2019;5;23
2019-05-23;rbg;E1900097800000;documentário;estados unidos;6287;78834.62;flow filmes ltda.;40351.0;23.558.535/0001-88;2019;5;23
2019-05-23;sir;E1800495000000;ficção;frança;21464;360397.71;tag cultural distribuidora de filmes ltda;173.0;03.599.148/0001-82;2019;5;23
2019-05-23;the aspern papers;E1900099900000;ficção;alemanha;4075;63960.96;a2 distribuidora de filmes ltda epp;34811.0;18.338.912/0001-33;2019;5;23
2019-05-23;tolkien;E1900131300000;ficção;estados unidos;6703;155820.3;fox film do brasil ltda;256.0;33.110.420/0001-80;2019;5;23
2019-05-23;una storia senza nome;E1900195700000;ficção;frança;12876;204019.75;pagu distribuicao de filmes ltda.;38312.0;29.080.317/0001-67;2019;5;23
2019-05-16;45 dias sem você;B1800586000000;ficção;brasil;3293;31294.99;o2 produções artísticas e cinematográficas ltda.;63.0;67.431.718/0001-03;2019;5;16
2019-05-16;antártica por um ano;B1700602000000;documentário;brasil;472;7823.56;e.h. filmes ltda;461.0;00.338.948/0001-51;2019;5;16
2019-05-16;el cuento de las comadrejas;E1900220700000;ficção;argentina;24992;426095.82;p & m distribuidora de filmes ltda;31931.0;22.910.081/0001-08;2019;5;16
2019-05-16;john wick 3: parabellum;E1900126300000;ficção;estados unidos;1005500;15740734.57;sm distribuidora de filmes ltda;11922.0;08.257.054/0001-49;2019;5;16
2019-05-16;kardec;B1900157600000;ficção;brasil;749256;11849901.0;columbia tristar filmes do brasil ltda;84.0;00.979.601/0001-98;2019;5;16
2019-05-16;red joan;E1900122900000;ficção;inglaterra;35593;676078.76;antonio fernandes filmes ltda;532.0;02.668.665/0001-01;2019;5;16
2019-05-16;the sun is also a star;E1900164200000;ficção;estados unidos;14475;261931.93;warner bros. (south) inc.;265.0;33.015.827/0001-28;2019;5;16
2019-05-16;uglydolls;E1900090400000;ficção;china;98706;1433171.49;diamond films do brasil produção e distribuição audiovisual ltda.;22724.0;17.095.184/0001-13;2019;5;16
2019-05-09;a parte do mundo que me pertence;B1800091200000;documentário;brasil;571;6298.65;olhar distribuicao de filmes ltda;37242.0;28.083.221/0001-90;2019;5;9
2019-05-09;a quarta parede;B1900164100000;ficção;brasil;1455;12326.85;elo audiovisual serviços ltda;5672.0;07.700.630/0001-18;2019;5;9
2019-05-09;amazônia, o despertar da florestania;B1800598100000;documentário;brasil;3843;49989.01;miríade filmes e produções artísticas ltda;15977.0;11.101.993/0001-04;2019;5;9
2019-05-09;b.o.;B1700259900000;ficção;brasil;786;11535.16;raccord produções artísticas e cinematográficas ltda;786.0;72.062.029/0001-09;2019;5;9
2019-05-09;diane;E1900046000000;ficção;estados unidos;73;532.0;omf servicos & consultoria ltda;28508.0;21.437.756/0001-72;2019;5;9
2019-05-09;long day's journey into night;E1800490500000;ficção;china;1947;30226.67;zeta filmes ltda;22936.0;02.469.679/0001-98;2019;5;9
2019-05-09;mademoiselle paradis;E1900017600000;ficção;alemanha;8558;141731.42;a2 distribuidora de filmes ltda epp;34811.0;18.338.912/0001-33;2019;5;9
2019-05-09;mia and the white lion;E1900127200000;ficção;áfrica do sul;34883;572953.35;sm distribuidora de filmes ltda;11922.0;08.257.054/0001-49;2019;5;9
2019-05-09;mormaço;B1800204300000;ficção;brasil;2959;35122.73;vitrine filmes ltda;16713.0;11.620.976/0001-83;2019;5;9
2019-05-09;pet sematary;E1900097700000;ficção;estados unidos;550915;8396150.61;paramount pictures brasil distribuidora de filmes ltda;169.0;27.654.722/0001-16;2019;5;9
2019-05-09;pokemon detective pikachu;E1900062700000;ficção;estados unidos;1137949;17837498.92;warner bros. (south) inc.;265.0;33.015.827/0001-28;2019;5;9
2019-05-09;tunga, o esquecimento das paixões;B1800005800000;documentário;brasil;1772;19224.81;ivan carlos de melo produções culturais;38413.0;08.874.674/0001-27;2019;5;9
2019-05-09;varda by agnès;E1900159600000;ficção;frança;9308;147053.08;tag cultural distribuidora de filmes ltda;173.0;03.599.148/0001-82;2019;5;9
2019-05-02;a sombra do pai;B1700307900000;ficção;brasil;2921;43260.05;providence distribuidora de filmes ltda;12443.0;08.656.129/0001-64;2019;5;2
2019-05-02;amanda;E1800494300000;ficção;frança;13164;214042.67;tag cultural distribuidora de filmes ltda;173.0;03.599.148/0001-82;2019;5;2
2019-05-02;borrasca;B1600569700000;ficção;brasil;309;4358.3;tucumán distribuidora de filmes ltda;16132.0;10.681.698/0001-01;2019;5;2
2019-05-02;napszállta;E1900085700000;ficção;frança;16598;291787.54;antonio fernandes filmes ltda;532.0;02.668.665/0001-01;2019;5;2
2019-05-02;what they had;E1800520700000;ficção;estados unidos;14597;261829.06;diamond films do brasil produção e distribuição audiovisual ltda.;22724.0;17.095.184/0001-13;2019;5;2
2019-04-25;avengers: endgame;E1900107800000;ficção;estados unidos;19656475;338624955.58;the walt disney company (brasil) ltda.;18398.0;73.042.962/0001-87;2019;4;25
2019-04-25;la cama;B1800374500000;ficção;argentina;1872;26954.12;livres distribuidora de audivisual ltda me;21870.0;15.263.576/0001-19;2019;4;25
2019-04-25;organismo;B1700497900000;ficção;brasil;2112;22418.34;inquieta cinema, cultura e comunicacao ltda.;29984.0;21.805.885/0001-76;2019;4;25
2019-04-25;sobibor;E1800608000000;ficção;alemanha;5572;88876.05;a2 distribuidora de filmes ltda epp;34811.0;18.338.912/0001-33;2019;4;25
2019-04-25;tuntematon mestari;E1900099700000;ficção;finlândia;3963;64456.78;cinematográfica distribuidora de filmes ltda;33340.0;23.391.665/0001-79;2019;4;25
2019-04-19;dorival caymmi – um homem de afetos;B2000459900000;documentário;brasil;8505;118083.31;descoloniza filmes e producoes artisticas ltda;43301.0;33.427.044/0001-51;2019;4;19
2019-04-19;dorival caymmi – um homem de afetos;B2000459900000;documentário;brasil;51;510.0;kompanhia teatro multimídia de são paulo;57643.0;60.740.149/0001-39;2019;4;19
2019-04-18;chuva é cantoria na aldeia dos mortos;B1800515000000;ficção;brasil;3815;42916.63;embauba filmes ltda;23638.0;15.144.532/0001-70;2019;4;18
2019-04-18;doubles vies;E1900118800000;ficção;frança;15666;285743.92;antonio fernandes filmes ltda;532.0;02.668.665/0001-01;2019;4;18
2019-04-18;el ángel;E1800504300000;ficção;argentina;31212;562348.95;pagu distribuicao de filmes ltda.;38312.0;29.080.317/0001-67;2019;4;18
2019-04-18;jesus de nazareth - el hijo de dios;E1900117600000;religiosa;espanha;2548;38528.02;unifilmes distribuidora, importadora e exportadora de filmes ltda;17810.0;12.452.477/0001-97;2019;4;18
2019-04-18;jiang hu er nv;E1800494500000;ficção;china;8150;136960.43;tag cultural distribuidora de filmes ltda;173.0;03.599.148/0001-82;2019;4;18
2019-04-18;marcia haydée;B1800505900000;documentário;brasil;1420;23681.11;laercio bognar antonio eireli;38807.0;18.949.460/0001-26;2019;4;18
2019-04-18;replicas;E1900025500000;ficção;estados unidos;35467;598598.08;sm distribuidora de filmes ltda;11922.0;08.257.054/0001-49;2019;4;18
2019-04-18;santos de todos os gols;B1900147200000;documentário;brasil;3519;23578.4;elo audiovisual serviços ltda;5672.0;07.700.630/0001-18;2019;4;18
2019-04-18;the curse of la llorona;E1800606100000;ficção;estados unidos;361841;5631317.94;warner bros. (south) inc.;265.0;33.015.827/0001-28;2019;4;18
2019-04-18;the miseducation of cameron post;E1900115200000;ficção;estados unidos;8815;142508.78;providence distribuidora de filmes ltda;12443.0;08.656.129/0001-64;2019;4;18
2019-04-18;the professor and the madman;E1900033900000;ficção;irlanda;69105;1529289.25;wmix distribuidora ltda.;1935.0;03.918.609/0001-32;2019;4;18
2019-04-11;after;E1900076500000;ficção;estados unidos;263616;3902213.34;diamond films do brasil produção e distribuição audiovisual ltda.;22724.0;17.095.184/0001-13;2019;4;11
2019-04-11;ayka;E1900112500000;ficção;alemanha;1512;18670.39;zeta filmes ltda;22936.0;02.469.679/0001-98;2019;4;11
2019-04-11;border;E1900102100000;ficção;dinamarca;29399;514148.7;arteplex distribuidora ltda;41991.0;31.694.954/0001-75;2019;4;11
2019-04-11;breakthrough;E1900033600000;ficção;estados unidos;1719931;24956917.05;fox film do brasil ltda;256.0;33.110.420/0001-80;2019;4;11
2019-04-11;breakthrough;E1900033600000;ficção;estados unidos;87;1044.0;the walt disney company (brasil) ltda.;18398.0;73.042.962/0001-87;2019;4;11
2019-04-11;de pernas pro ar 3;B1900104200000;ficção;brasil;1749328;27431683.08;freespirit distribuidora de filmes ltda.;4904.0;07.616.202/0001-01;2019;4;11
2019-04-11;de pernas pro ar 3;B1900104200000;ficção;brasil;1838586;28475029.2;sm distribuidora de filmes ltda;11922.0;08.257.054/0001-49;2019;4;11
2019-04-11;horácio;B1800418000000;ficção;brasil;1275;17661.54;o2 produções artísticas e cinematográficas ltda.;63.0;67.431.718/0001-03;2019;4;11
2019-04-11;los silencios;B1800445500000;ficção;brasil;10076;138400.84;vitrine filmes ltda;16713.0;11.620.976/0001-83;2019;4;11
2019-04-11;meditation park;E1900091500000;ficção;canadá;4442;76069.83;lanca distribuidora de filmes ltda;25115.0;18.384.267/0001-95;2019;4;11
2019-04-11;suspiria;E1900089800000;ficção;estados unidos;7965;109834.1;playarte pictures entretenimentos ltda.;443.0;00.943.231/0001-39;2019;4;11
2019-04-11;transit;E1900046900000;ficção;alemanha;774;10801.7;omf servicos & consultoria ltda;28508.0;21.437.756/0001-72;2019;4;11
2019-04-04;a família submersa;B1800358900000;ficção;brasil;2538;38427.17;esfera produções culturais eireli;18039.0;11.579.388/0001-43;2019;4;4
2019-04-04;bio;B1700509000000;ficção;brasil;896;13373.67;bretz filmes distribuidora e produtora ltda - epp;19243.0;39.079.678/0001-47;2019;4;4
2019-04-04;la belle et la belle;E1900053400000;ficção;frança;6041;101739.83;providence distribuidora de filmes ltda;12443.0;08.656.129/0001-64;2019;4;4
2019-04-04;madea family funeral, a;E1900025600000;ficção;estados unidos;2094;36884.77;sm distribuidora de filmes ltda;11922.0;08.257.054/0001-49;2019;4;4
2019-04-04;mary queen of scots;E1800537700000;ficção;reino unido;81608;1781592.25;universal pictures international brazil ltda.;33787.0;24.810.280/0001-61;2019;4;4
2019-04-04;milagre;B1900040000000;documentário;brasil;1189;21474.09;m c ventura produções cinematográficas eireli;37407.0;28.007.626/0001-49;2019;4;4
2019-04-04;mussum, um filme do cacildis;B1900063700000;documentário;brasil;2388;22916.18;elo audiovisual serviços ltda;5672.0;07.700.630/0001-18;2019;4;4
2019-04-04;o chalé é uma ilha batida de vento e chuva;B1800150600000;documentário;brasil;333;2700.86;bretz filmes distribuidora e produtora ltda - epp;19243.0;39.079.678/0001-47;2019;4;4
2019-04-04;se rokh;E1800494900000;ficção;irã;6468;106189.2;tag cultural distribuidora de filmes ltda;173.0;03.599.148/0001-82;2019;4;4
2019-04-04;shazam!;E1900060900000;ficção;estados unidos;2930337;47994574.23;warner bros. (south) inc.;265.0;33.015.827/0001-28;2019;4;4
2019-04-04;un traductor;E1900072400000;ficção;canadá;39659;682494.17;galeria distribuidora audiovisual ltda;42233.0;32.656.607/0001-10;2019;4;4
2019-03-28;antônio um dois três;B1700513900000;ficção;brasil;768;8166.45;olhar distribuicao de filmes ltda;37242.0;28.083.221/0001-90;2019;3;28
2019-03-28;captive state;E1900056700000;ficção;estados unidos;22732;366619.37;diamond films do brasil produção e distribuição audiovisual ltda.;22724.0;17.095.184/0001-13;2019;3;28
2019-03-28;dumbo;E1900056900000;ficção;estados unidos;1849671;29683229.89;the walt disney company (brasil) ltda.;18398.0;73.042.962/0001-87;2019;3;28
2019-03-28;gloria bell;E1900059700000;ficção;estados unidos;30889;569879.0;columbia tristar filmes do brasil ltda;84.0;00.979.601/0001-98;2019;3;28
2019-03-28;inezita;B1800362300000;documentário;brasil;873;14982.46;fund pe anchieta centro paulista radio e tv educativas;1125.0;61.914.891/0001-86;2019;3;28
2019-03-28;mi obra maestra;E1900065700000;ficção;argentina;16890;294889.25;arteplex distribuidora ltda;41991.0;31.694.954/0001-75;2019;3;28
2019-03-28;o amor dá trabalho;B1800029400000;ficção;brasil;58691;912492.46;freespirit distribuidora de filmes ltda.;4904.0;07.616.202/0001-01;2019;3;28
2019-03-28;socorro, virei uma garota!;B1700524600000;ficção;brasil;26212;396911.87;freespirit distribuidora de filmes ltda.;4904.0;07.616.202/0001-01;2019;3;28
2019-03-28;the cleaners;B1800536000000;documentário;alemanha;428;7749.0;filmart produções artisticas ltda;890.0;64.044.886/0001-58;2019;3;28
2019-03-28;uma viagem inesperada;B1800215300000;ficção;argentina;1075;14837.43;boulevard filmes ltda;17484.0;12.126.484/0001-07;2019;3;28
2019-03-21;alaska;B1900034500000;ficção;brasil;2143;17499.7;elo audiovisual serviços ltda;5672.0;07.700.630/0001-18;2019;3;21
2019-03-21;ben is back;E1800523600000;ficção;estados unidos;27322;510505.74;diamond films do brasil produção e distribuição audiovisual ltda.;22724.0;17.095.184/0001-13;2019;3;21
2019-03-21;chorar de rir;B1800556100000;ficção;brasil;82715;1250624.59;warner bros. (south) inc.;265.0;33.015.827/0001-28;2019;3;21
2019-03-21;five feet apart;E1900025700000;ficção;estados unidos;1347574;19379030.43;sm distribuidora de filmes ltda;11922.0;08.257.054/0001-49;2019;3;21
2019-03-21;jorginho guinle - só se vive uma vez;B1900092000000;documentário;brasil;966;17396.79;providence distribuidora de filmes ltda;12443.0;08.656.129/0001-64;2019;3;21
2019-03-21;le grand bain;E1900084600000;ficção;bélgica;30206;532869.36;pagu distribuicao de filmes ltda.;38312.0;29.080.317/0001-67;2019;3;21
2019-03-21;the children act;E1900090300000;ficção;estados unidos;19580;324931.53;a2 distribuidora de filmes ltda epp;34811.0;18.338.912/0001-33;2019;3;21
2019-03-21;us;E1900053200000;ficção;estados unidos;510130;8370683.58;universal pictures international brazil ltda.;33787.0;24.810.280/0001-61;2019;3;21
2019-03-20;os últimos dias de copacabana jack;B1900119100000;ficção;brasil;207;2940.0;k9 agenciamento e produções ltda;15914.0;08.399.786/0001-73;2019;3;20
2019-03-14;cold pursuit (aka hard powder);E1900025800000;ficção;estados unidos;195608;3110143.74;sm distribuidora de filmes ltda;11922.0;08.257.054/0001-49;2019;3;14
2019-03-14;el amor menos pensado;E1800483600000;ficção;argentina;92943;1659102.84;rj distribuidora de filmes ltda;5963.0;00.146.442/0001-40;2019;3;14
2019-03-14;elegia de um crime;B1800421800000;documentário;brasil;876;7342.54;vitrine filmes ltda;16713.0;11.620.976/0001-83;2019;3;14
2019-03-14;eleições;B1800547000000;documentário;brasil;2675;22088.13;olhar distribuicao de filmes ltda;37242.0;28.083.221/0001-90;2019;3;14
2019-03-14;las hijas del fuego;E1900037000000;ficção;argentina;1;1.0;kompanhia teatro multimídia de são paulo;57643.0;60.740.149/0001-39;2019;3;14
2019-03-14;las hijas del fuego;E1900037000000;ficção;argentina;6089;73723.43;vitrine filmes ltda;16713.0;11.620.976/0001-83;2019;3;14
2019-03-14;le livre d'image;E1800494600000;ficção;frança;6944;111367.54;tag cultural distribuidora de filmes ltda;173.0;03.599.148/0001-82;2019;3;14
2019-03-14;mal nosso;B1700170200000;ficção;brasil;2349;40662.25;o2 produções artísticas e cinematográficas ltda.;63.0;67.431.718/0001-03;2019;3;14
2019-03-14;on the basis of sex;E1800532600000;ficção;estados unidos;43895;862502.51;diamond films do brasil produção e distribuição audiovisual ltda.;22724.0;17.095.184/0001-13;2019;3;14
2019-03-14;pastor cláudio;B1700316600000;documentário;brasil;2287;26410.59;ludwig maia arthouse distribuidora de filmes ltda;22808.0;05.249.852/0001-30;2019;3;14
2019-03-14;sobre rodas;B1800514700000;ficção;brasil;3284;33056.93;klaxon cultura audiovisual ltda-me;14499.0;09.397.798/0001-21;2019;3;14
2019-03-14;the prodigy;E1800599600000;ficção;estados unidos;187777;2801442.45;wmix distribuidora ltda.;1935.0;03.918.609/0001-32;2019;3;14
2019-03-14;wonder park;E1900025300000;animação;estados unidos;782111;11960742.88;paramount pictures brasil distribuidora de filmes ltda;169.0;27.654.722/0001-16;2019;3;14
2019-03-07;albatroz;B1900019800000;ficção;brasil;6387;112632.91;sm distribuidora de filmes ltda;11922.0;08.257.054/0001-49;2019;3;7
2019-03-07;captain marvel;E1900011200000;ficção;estados unidos;8993542;146785071.32;the walt disney company (brasil) ltda.;18398.0;73.042.962/0001-87;2019;3;7
2019-03-07;diários de classe;B1800504800000;documentário;brasil;1928;16659.16;elo audiovisual serviços ltda;5672.0;07.700.630/0001-18;2019;3;7
2019-03-07;io sono tempesta;E1900053000000;ficção;itália;9912;166030.45;pagu distribuicao de filmes ltda.;38312.0;29.080.317/0001-67;2019;3;7
2019-03-07;o último trago;B1600714000000;ficção;brasil;496;2828.25;frederico da cruz machado - me;11990.0;03.553.092/0001-25;2019;3;7
2019-03-07;raiva;B1800187200000;ficção;brasil;2675;34433.41;providence distribuidora de filmes ltda;12443.0;08.656.129/0001-64;2019;3;7
2019-03-07;yomeddine;E1800495100000;ficção;áustria;2169;37972.0;tag cultural distribuidora de filmes ltda;173.0;03.599.148/0001-82;2019;3;7
2019-02-28;a dog´s way home;E1800535400000;ficção;estados unidos;652651;9445817.98;columbia tristar filmes do brasil ltda;84.0;00.979.601/0001-98;2019;2;28
2019-02-28;an elephant sitting still;E1800490400000;ficção;china;1305;16662.91;zeta filmes ltda;22936.0;02.469.679/0001-98;2019;2;28
2019-02-28;cinderela pop;B1900048500000;ficção;brasil;476786;6435263.26;vitrine filmes ltda;16713.0;11.620.976/0001-83;2019;2;28
2019-02-28;dark crimes;E1800550300000;ficção;estados unidos;22378;344513.26;cinecolor do brasil ltda;2631.0;05.332.959/0001-48;2019;2;28
2019-02-28;el silencio de otros;E1900046200000;documentário;canadá;5850;91631.45;omf servicos & consultoria ltda;28508.0;21.437.756/0001-72;2019;2;28
2019-02-28;les estivants;E1900054600000;ficção;frança;8101;138857.02;tag cultural distribuidora de filmes ltda;173.0;03.599.148/0001-82;2019;2;28
2019-02-28;look away;E1800601100000;ficção;estados unidos;14523;267356.73;sm distribuidora de filmes ltda;11922.0;08.257.054/0001-49;2019;2;28
2019-02-28;serenity;E1800392200000;ficção;estados unidos;24033;486032.91;diamond films do brasil produção e distribuição audiovisual ltda.;22724.0;17.095.184/0001-13;2019;2;28
2019-02-28;the devil's doorway;E1900033300000;ficção;reino unido;148557;2285834.69;playarte pictures entretenimentos ltda.;443.0;00.943.231/0001-39;2019;2;28
2019-02-28;tá rindo de quê?;B1800540900000;documentário;brasil;1475;23736.0;bretz filmes distribuidora e produtora ltda - epp;19243.0;39.079.678/0001-47;2019;2;28
2019-02-28;vox lux;E1800501000000;ficção;estados unidos;6196;131782.49;sm distribuidora de filmes ltda;11922.0;08.257.054/0001-49;2019;2;28
2019-02-23;normandie nue;E1800607600000;ficção;frança;5244;77956.75;a2 distribuidora de filmes ltda epp;34811.0;18.338.912/0001-33;2019;2;23
2019-02-21;beautiful boy;E1800562000000;ficção;estados unidos;15966;264892.07;diamond films do brasil produção e distribuição audiovisual ltda.;22724.0;17.095.184/0001-13;2019;2;21
2019-02-21;dogman;E1900046100000;ficção;frança;5314;89014.83;arteplex distribuidora ltda;41991.0;31.694.954/0001-75;2019;2;21
2019-02-21;everybody knows;E1800602400000;ficção;espanha;105095;2041508.05;sm distribuidora de filmes ltda;11922.0;08.257.054/0001-49;2019;2;21
2019-02-21;happy death day 2u;E1900046400000;ficção;estados unidos;595674;8507423.33;universal pictures international brazil ltda.;33787.0;24.810.280/0001-61;2019;2;21
2019-02-21;homem livre;B1600660100000;ficção;brasil;1411;14377.72;olhar distribuicao de filmes ltda;37242.0;28.083.221/0001-90;2019;2;21
2019-02-21;lembro mais dos corvos;B1800152800000;documentário;brasil;1996;12121.14;vitrine filmes ltda;16713.0;11.620.976/0001-83;2019;2;21
2019-02-21;made in italy;E1900018200000;ficção;itália;4873;89848.64;circuito cinearte ltda;1083.0;01.425.583/0001-65;2019;2;21
2019-02-21;première année;E1800607700000;ficção;frança;497;6128.16;a2 distribuidora de filmes ltda epp;34811.0;18.338.912/0001-33;2019;2;21
2019-02-21;sai de baixo, o filme;B1900031700000;ficção;brasil;469143;6925410.04;wmix distribuidora ltda.;1935.0;03.918.609/0001-32;2019;2;21
2019-02-14;a pedra da serpente;B1800440300000;ficção;brasil;507;4345.9;elo audiovisual serviços ltda;5672.0;07.700.630/0001-18;2019;2;14
2019-02-14;alita: battle angel;E1800002600000;ficção;argentina;1028151;16823123.16;fox film do brasil ltda;256.0;33.110.420/0001-80;2019;2;14
2019-02-14;can you ever forgive me?;E1800462600000;ficção;estados unidos;9334;151598.75;fox film do brasil ltda;256.0;33.110.420/0001-80;2019;2;14
2019-02-14;las ineses;B1700028400000;ficção;argentina;897;10802.2;okna produções culturais ltda;11871.0;08.267.476/0001-03;2019;2;14
2019-02-14;minha fama de mau;B1700600100000;ficção;brasil;110857;1794357.09;freespirit distribuidora de filmes ltda.;4904.0;07.616.202/0001-01;2019;2;14
2019-02-14;the mule;E1800605900000;ficção;estados unidos;177988;3958364.45;warner bros. (south) inc.;265.0;33.015.827/0001-28;2019;2;14
2019-02-14;tito e os pássaros;B1900029000000;animação;brasil;15276;168529.09;elo audiovisual serviços ltda;5672.0;07.700.630/0001-18;2019;2;14
2019-02-08;jovens infelizes ou um homem que grita não é um urso que dança;B1600116700000;ficção;brasil;238;2343.5;embauba filmes ltda;23638.0;15.144.532/0001-70;2019;2;8
2019-02-07;at eternity's gate;E1800519300000;ficção;estados unidos;64329;1201687.98;diamond films do brasil produção e distribuição audiovisual ltda.;22724.0;17.095.184/0001-13;2019;2;7
2019-02-07;cold war;E1800301900000;ficção;frança;48658;778755.29;antonio fernandes filmes ltda;532.0;02.668.665/0001-01;2019;2;7
2019-02-07;escape room;E1800535500000;ficção;estados unidos;528354;7948397.0;columbia tristar filmes do brasil ltda;84.0;00.979.601/0001-98;2019;2;7
2019-02-07;if beale street could talk;E1800460400000;ficção;estados unidos;18960;285376.0;columbia tristar filmes do brasil ltda;84.0;00.979.601/0001-98;2019;2;7
2019-02-07;o galã;B1900019900000;ficção;brasil;2128;33886.58;h2o distribuidora de filmes ltda;21541.0;15.372.472/0001-42;2019;2;7
2019-02-07;the doctor from india;E1800607400000;documentário;estados unidos;12903;222363.69;circuito cinearte ltda;1083.0;01.425.583/0001-65;2019;2;7
2019-02-07;the lego movie 2: the second part;E1900024100000;animação;austrália;405132;6396722.01;warner bros. (south) inc.;265.0;33.015.827/0001-28;2019;2;7
2019-02-07;vergel;B1700600300000;ficção;argentina;479;5973.87;ludwig maia arthouse distribuidora de filmes ltda;22808.0;05.249.852/0001-30;2019;2;7
2019-01-31;clímax;E1800609200000;ficção;frança;10374;167036.77;tag cultural distribuidora de filmes ltda;173.0;03.599.148/0001-82;2019;1;31
2019-01-31;fevereiros;B1700598000000;documentário;brasil;18198;237905.05;ludwig maia arthouse distribuidora de filmes ltda;22808.0;05.249.852/0001-30;2019;1;31
2019-01-31;rusalka: ozero myortvykh;E1800603000000;ficção;rússia;235011;3304494.41;sm distribuidora de filmes ltda;11922.0;08.257.054/0001-49;2019;1;31
2019-01-31;second act;E1800412700000;ficção;estados unidos;122105;1898091.7;diamond films do brasil produção e distribuição audiovisual ltda.;22724.0;17.095.184/0001-13;2019;1;31
2019-01-31;the kid who would be king;E1800598900000;ficção;estados unidos;230528;3242106.26;fox film do brasil ltda;256.0;33.110.420/0001-80;2019;1;31
2019-01-31;ultraje;B1800262100000;documentário;brasil;674;6025.6;elo audiovisual serviços ltda;5672.0;07.700.630/0001-18;2019;1;31
2019-01-31;vice;E1800602500000;ficção;estados unidos;219486;4751694.77;wmix distribuidora ltda.;1935.0;03.918.609/0001-32;2019;1;31
2019-01-30;ang panahon ng halimaw;E1900021500000;ficção;filipinas;253;2934.45;zeta filmes ltda;22936.0;02.469.679/0001-98;2019;1;30
2019-01-24;creed ii;E1800555200000;ficção;estados unidos;677239;10577656.89;warner bros. (south) inc.;265.0;33.015.827/0001-28;2019;1;24
2019-01-24;eu sou mais eu;B1900019000000;ficção;brasil;126718;1704761.09;wmix distribuidora ltda.;1935.0;03.918.609/0001-32;2019;1;24
2019-01-24;green book;E1800532100000;ficção;estados unidos;621017;12763801.49;diamond films do brasil produção e distribuição audiovisual ltda.;22724.0;17.095.184/0001-13;2019;1;24
2019-01-24;muleque té doido! - mais doido ainda;B1900013000000;ficção;brasil;7821;109021.49;f d da silva - me;34789.0;24.578.765/0001-71;2019;1;24
2019-01-24;sou carnaval de são salvador;B1900032000000;documentário;brasil;3079;43712.56;sm distribuidora de filmes ltda;11922.0;08.257.054/0001-49;2019;1;24
2019-01-24;the favourite;E1800490300000;ficção;estados unidos;254709;4988357.12;fox film do brasil ltda;256.0;33.110.420/0001-80;2019;1;24
2019-01-24;the favourite;E1800490300000;ficção;estados unidos;241;3316.7;the walt disney company (brasil) ltda.;18398.0;73.042.962/0001-87;2019;1;24
2019-01-24;wajib;E1800609300000;ficção;territórios palestinos ocupados;3555;33866.67;ivan carlos de melo produções culturais;38413.0;08.874.674/0001-27;2019;1;24
2019-01-24;zlogonje;E1800490200000;ficção;sérvia;479;6296.32;cinematográfica distribuidora de filmes ltda;33340.0;23.391.665/0001-79;2019;1;24
2019-01-17;capharnaüm;E1800469900000;ficção;líbano;56167;895113.0;columbia tristar filmes do brasil ltda;84.0;00.979.601/0001-98;2019;1;17
2019-01-17;destroyer;E1800531800000;ficção;estados unidos;19621;352160.83;diamond films do brasil produção e distribuição audiovisual ltda.;22724.0;17.095.184/0001-13;2019;1;17
2019-01-17;glass;E1800480600000;ficção;estados unidos;1365681;22391506.89;the walt disney company (brasil) ltda.;18398.0;73.042.962/0001-87;2019;1;17
2019-01-17;how to train your dragon: the hidden world;E1800532200000;animação;estados unidos;3944408;58608230.22;universal pictures international brazil ltda.;33787.0;24.810.280/0001-61;2019;1;17
2019-01-17;place publique;E1800343300000;ficção;frança;3425;55085.02;tag cultural distribuidora de filmes ltda;173.0;03.599.148/0001-82;2019;1;17
2019-01-17;temporada;B1800466100000;ficção;brasil;7508;57234.68;vitrine filmes ltda;16713.0;11.620.976/0001-83;2019;1;17
2019-01-17;the upside;E1800567400000;ficção;estados unidos;19084;439895.95;antonio fernandes filmes ltda;532.0;02.668.665/0001-01;2019;1;17
2019-01-10;ama-san;E1900000900000;documentário;japão;1717;23330.03;bretz filmes distribuidora e produtora ltda - epp;19243.0;39.079.678/0001-47;2019;1;10
2019-01-10;manbiki kazoku;E1800494700000;ficção;japão;60256;971721.6;tag cultural distribuidora de filmes ltda;173.0;03.599.148/0001-82;2019;1;10
2019-01-10;mortal engines;E1800532500000;ficção;estados unidos;331324;5257636.79;universal pictures international brazil ltda.;33787.0;24.810.280/0001-61;2019;1;10
2019-01-10;spider-man: into the spider-verse;E1800533700000;animação;estados unidos;2059689;31274087.67;columbia tristar filmes do brasil ltda;84.0;00.979.601/0001-98;2019;1;10
2019-01-10;the wife;E1800428100000;ficção;estados unidos;170609;3056790.99;rj distribuidora de filmes ltda;5963.0;00.146.442/0001-40;2019;1;10
2019-01-10;yara;E1800586300000;ficção;frança;2327;25701.62;zeta filmes ltda;22936.0;02.469.679/0001-98;2019;1;10
2019-01-03;dragon ball super: broly;E1800463100000;animação;japão;1293065;18119054.55;fox film do brasil ltda;256.0;33.110.420/0001-80;2019;1;3
2019-01-03;heilstatten;E1800475300000;ficção;alemanha;108975;1712518.91;sm distribuidora de filmes ltda;11922.0;08.257.054/0001-49;2019;1;3
2019-01-03;lizzie;E1800466600000;ficção;estados unidos;11001;196794.7;diamond films do brasil produção e distribuição audiovisual ltda.;22724.0;17.095.184/0001-13;2019;1;3
2019-01-03;nos batailles;E1800555600000;ficção;bélgica;10020;155359.69;vitrine filmes ltda;16713.0;11.620.976/0001-83;2019;1;3
2019-01-03;ralph breaks the internet;E1800481100000;animação;estados unidos;4399733;64838206.63;the walt disney company (brasil) ltda.;18398.0;73.042.962/0001-87;2019;1;3
2019-01-03;weldi;E1800547800000;ficção;bélgica;7955;104132.87;providence distribuidora de filmes ltda;12443.0;08.656.129/0001-64;2019;1;3
2018-12-27;den skyldige;E1800413200000;ficção;dinamarca;45592;777797.5;antonio fernandes filmes ltda;532.0;02.668.665/0001-01;2018;12;27
2018-12-27;don't worry, he won't get far on foot;E1800486100000;ficção;estados unidos;21441;397058.68;diamond films do brasil produção e distribuição audiovisual ltda.;22724.0;17.095.184/0001-13;2018;12;27
2018-12-27;once upon a deadpool;E1800537900000;ficção;estados unidos;25286;384909.87;fox film do brasil ltda;256.0;33.110.420/0001-80;2018;12;27
2018-12-27;once upon a deadpool;E1800537900000;ficção;estados unidos;2;31.56;the walt disney company (brasil) ltda.;18398.0;73.042.962/0001-87;2018;12;27
2018-12-27;the cakemaker;E1800553900000;ficção;alemanha;35402;583722.26;tag cultural distribuidora de filmes ltda;173.0;03.599.148/0001-82;2018;12;27
2018-12-25;bumblebee;E1800436900000;ficção;estados unidos;1604485;24518338.06;paramount pictures brasil distribuidora de filmes ltda;169.0;27.654.722/0001-16;2018;12;25
2018-12-22;excelentíssimos;B1800462300000;documentário;brasil;2210;25556.71;vitrine filmes ltda;16713.0;11.620.976/0001-83;2018;12;22
2018-12-22;il colore nascosto delle cose;E1800576300000;ficção;frança;38;570.0;arteplex distribuidora ltda;41991.0;31.694.954/0001-75;2018;12;22
2018-12-22;il colore nascosto delle cose;E1800576300000;ficção;frança;12758;207586.81;circuito cinearte ltda;1083.0;01.425.583/0001-65;2018;12;22
2018-12-20;aprender a ler pra ensinar meus camaradas;B1402180000000;documentário;brasil;37;545.0;griot producoes cinematograficas ltda;22370.0;16.423.018/0001-36;2018;12;20
2018-12-20;asako i & ii;E1800490600000;ficção;frança;3757;52608.54;zeta filmes ltda;22936.0;02.469.679/0001-98;2018;12;20
2018-12-20;detetives do prédio azul 2 - o mistério italiano;B1800561400000;ficção;brasil;1326606;18027026.89;sm distribuidora de filmes ltda;11922.0;08.257.054/0001-49;2018;12;20
2018-12-20;diamantino;B1800445100000;ficção;brasil;3830;53957.87;vitrine filmes ltda;16713.0;11.620.976/0001-83;2018;12;20
2018-12-20;diário da greve;B1800530700000;ficção;brasil;8;95.0;griot producoes cinematograficas ltda;22370.0;16.423.018/0001-36;2018;12;20
2018-12-20;mary poppins returns;E1800431900000;ficção;estados unidos;387232;6640397.32;the walt disney company (brasil) ltda.;18398.0;73.042.962/0001-87;2018;12;20
2018-12-20;o animal sonhado;B1500416000000;ficção;brasil;117;994.0;olhar distribuicao de filmes ltda;37242.0;28.083.221/0001-90;2018;12;20
2018-12-20;plaire, aimer et courir vite;E1800494800000;ficção;frança;10047;155381.27;tag cultural distribuidora de filmes ltda;173.0;03.599.148/0001-82;2018;12;20
2018-12-13;aquaman;E1800433400000;ficção;estados unidos;8498981;139099363.0;warner bros. (south) inc.;265.0;33.015.827/0001-28;2018;12;13
2018-12-13;colette;E1800415000000;ficção;estados unidos;50569;906960.27;diamond films do brasil produção e distribuição audiovisual ltda.;22724.0;17.095.184/0001-13;2018;12;13
2018-12-13;intimidade entre estranhos;B1800449100000;ficção;brasil;4174;64390.01;vitrine filmes ltda;16713.0;11.620.976/0001-83;2018;12;13
2018-12-13;minas do futebol;B1800563600000;documentário;brasil;41;555.89;sm distribuidora de filmes ltda;11922.0;08.257.054/0001-49;2018;12;13
2018-12-13;nothing like a dame;E1800554300000;documentário;reino unido;12433;187809.81;omf servicos & consultoria ltda;28508.0;21.437.756/0001-72;2018;12;13
2018-12-12;o avental rosa;B1800501600000;ficção;brasil;126;800.0;accorde filmes ltda.;1403.0;05.270.790/0001-49;2018;12;12
2018-12-08;nova amsterdam;B1700184000000;ficção;brasil;608;8697.88;edson soares do nascimento me;2935.0;07.077.834/0001-44;2018;12;8
2018-12-06;charming;E1800452800000;animação;canadá;239625;3200379.02;wmix distribuidora ltda.;1935.0;03.918.609/0001-32;2018;12;6
2018-12-06;câmara de espelhos;B1700227000000;documentário;brasil;1394;7152.35;inquieta cinema, cultura e comunicacao ltda.;29984.0;21.805.885/0001-76;2018;12;6
2018-12-06;life itself;E1800434400000;ficção;estados unidos;85548;1697240.71;sm distribuidora de filmes ltda;11922.0;08.257.054/0001-49;2018;12;6
2018-12-06;malicious;E1800392500000;ficção;estados unidos;191076;2643704.44;wmix distribuidora ltda.;1935.0;03.918.609/0001-32;2018;12;6
2018-12-06;maria by callas;E1800492800000;documentário;frança;19126;310036.58;tag cultural distribuidora de filmes ltda;173.0;03.599.148/0001-82;2018;12;6
2018-12-06;mata negra;B1800002100000;ficção;brasil;1072;10033.2;elo audiovisual serviços ltda;5672.0;07.700.630/0001-18;2018;12;6
2018-12-06;meu tricolor de aço;B1800505200000;documentário;brasil;9668;142665.0;luz produções cinematográficas ltda.;1591.0;00.975.333/0001-36;2018;12;6
2018-12-06;o beijo no asfalto;B1700584300000;ficção;brasil;11002;140890.94;ludwig maia arthouse distribuidora de filmes ltda;22808.0;05.249.852/0001-30;2018;12;6
2018-12-06;rasga coração;B1800549200000;ficção;brasil;8250;137142.0;columbia tristar filmes do brasil ltda;84.0;00.979.601/0001-98;2018;12;6
2018-12-06;the hate u give;E1800471300000;ficção;estados unidos;4611;84147.4;fox film do brasil ltda;256.0;33.110.420/0001-80;2018;12;6
2018-12-06;tinta bruta;B1800132900000;ficção;brasil;8290;64352.88;vitrine filmes ltda;16713.0;11.620.976/0001-83;2018;12;6
2018-12-01;henfil;B1700469700000;documentário;brasil;2482;32238.16;o2 produções artísticas e cinematográficas ltda.;63.0;67.431.718/0001-03;2018;12;1
2018-11-30;a última chance;B1700329300000;ficção;brasil;96;1065.99;cannes produções s/a;2250.0;72.672.017/0001-04;2018;11;30
2018-11-29;an ordinary man;E1800435100000;ficção;estados unidos;40454;640052.92;a2 distribuidora de filmes ltda epp;34811.0;18.338.912/0001-33;2018;11;29
2018-11-29;gaspard va au mariage;E1800499300000;ficção;frança;2515;36212.37;bonfilm produção e distribuição audiovisual ltda;14462.0;10.383.039/0001-99;2018;11;29
2018-11-29;instant family;E1800436500000;ficção;estados unidos;328308;4719805.24;paramount pictures brasil distribuidora de filmes ltda;169.0;27.654.722/0001-16;2018;11;29
2018-11-29;os exterminadores do além contra a loira do banheiro;B1800546900000;ficção;brasil;181695;2341604.52;vitrine filmes ltda;16713.0;11.620.976/0001-83;2018;11;29
2018-11-29;robin hood;E1800463800000;ficção;estados unidos;900608;12515589.29;sm distribuidora de filmes ltda;11922.0;08.257.054/0001-49;2018;11;29
2018-11-29;the possession of hannah grace;E1800486200000;ficção;estados unidos;439110;5966917.0;columbia tristar filmes do brasil ltda;84.0;00.979.601/0001-98;2018;11;29
2018-11-29;utøya 22. juli;E1800306200000;ficção;noruega;1768;26750.33;antonio fernandes filmes ltda;532.0;02.668.665/0001-01;2018;11;29
2018-11-29;widows;E1800253300000;ficção;estados unidos;149291;2686726.84;fox film do brasil ltda;256.0;33.110.420/0001-80;2018;11;29
2018-11-28;cine holliúdy 2 - a chibata sideral;B1800441300000;ficção;brasil;169970;2479402.79;freespirit distribuidora de filmes ltda.;4904.0;07.616.202/0001-01;2018;11;28
2018-11-22;a boy called po;E1800498300000;ficção;estados unidos;1533;17762.48;cinematográfica distribuidora de filmes ltda;33340.0;23.391.665/0001-79;2018;11;22
2018-11-22;a voz do silêncio;B1800262800000;ficção;argentina;3195;43698.01;reserva nacional distribuidora de filmes ltda.;11868.0;08.346.733/0001-94;2018;11;22
2018-11-22;blackkklansman;E1800396900000;ficção;estados unidos;205806;3863500.22;universal pictures international brazil ltda.;33787.0;24.810.280/0001-61;2018;11;22
2018-11-22;dê lembranças a todos;B1800202200000;documentário;brasil;829;8767.35;maff distribuicao e comercializacao de filmes e obras culturais ltda;21823.0;04.828.220/0001-69;2018;11;22
2018-11-22;final score;E1800389800000;ficção;estados unidos;50672;699293.31;wmix distribuidora ltda.;1935.0;03.918.609/0001-32;2018;11;22
2018-11-22;hell fest;E1800463600000;ficção;estados unidos;199397;2726803.51;sm distribuidora de filmes ltda;11922.0;08.257.054/0001-49;2018;11;22
2018-11-22;o colar de coralina;B1800323800000;ficção;brasil;2947;33809.33;o2 produções artísticas e cinematográficas ltda.;63.0;67.431.718/0001-03;2018;11;22
2018-11-22;o fantástico patinho feio;B1800446400000;documentário;brasil;596;5714.0;elo audiovisual serviços ltda;5672.0;07.700.630/0001-18;2018;11;22
2018-11-22;o segredo de davi;B1800346100000;ficção;brasil;9104;111883.37;elo audiovisual serviços ltda;5672.0;07.700.630/0001-18;2018;11;22
2018-11-22;sequestro relâmpago;B1800126800000;ficção;brasil;13075;188694.0;pagu distribuicao de filmes ltda.;38312.0;29.080.317/0001-67;2018;11;22
2018-11-22;slam: voz de levante;B1800250800000;documentário;brasil;3;60.0;kompanhia teatro multimídia de são paulo;57643.0;60.740.149/0001-39;2018;11;22
2018-11-22;slam: voz de levante;B1800250800000;documentário;brasil;748;12861.21;pagu distribuicao de filmes ltda.;38312.0;29.080.317/0001-67;2018;11;22
2018-11-21;isto (não) é um assalto;B1800548300000;documentário;brasil;1067;10261.38;kinopus audiovisual ltda - me;4021.0;06.236.625/0001-33;2018;11;21
2018-11-15;an interview with god;E1800390100000;ficção;estados unidos;192745;2828895.52;wmix distribuidora ltda.;1935.0;03.918.609/0001-32;2018;11;15
2018-11-15;burning;E1800480500000;ficção;coréia do sul;14424;216181.6;providence distribuidora de filmes ltda;12443.0;08.656.129/0001-64;2018;11;15
2018-11-15;carvana;B1800264200000;documentário;brasil;711;7590.45;mac comunicação e produção ltda;281.0;40.426.918/0001-11;2018;11;15
2018-11-15;fantastic beasts: the crimes of grindelwald;E1800432900000;ficção;estados unidos;3549158;59286532.02;warner bros. (south) inc.;265.0;33.015.827/0001-28;2018;11;15
2018-11-15;filme paisagem - um olhar sobre roberto burle marx;B1800044200000;documentário;brasil;2182;30832.92;elo audiovisual serviços ltda;5672.0;07.700.630/0001-18;2018;11;15
2018-11-15;lean on pete;E1800455800000;ficção;estados unidos;3715;59679.83;diamond films do brasil produção e distribuição audiovisual ltda.;22724.0;17.095.184/0001-13;2018;11;15
2018-11-15;leto;E1800281700000;ficção;frança;2242;34297.34;tag cultural distribuidora de filmes ltda;173.0;03.599.148/0001-82;2018;11;15
2018-11-15;o grande circo mistico;B1800000800000;ficção;brasil;51480;836874.18;h2o distribuidora de filmes ltda;21541.0;15.372.472/0001-42;2018;11;15
2018-11-15;puzzle;E1800347500000;ficção;estados unidos;9224;159242.0;columbia tristar filmes do brasil ltda;84.0;00.979.601/0001-98;2018;11;15
2018-11-15;sueño florianópolis;B1800307200000;ficção;argentina;4127;31291.94;vitrine filmes ltda;16713.0;11.620.976/0001-83;2018;11;15
2018-11-15;super orquestra arcoverdense de ritmos americanos;B1600532000000;documentário;brasil;341;2628.5;inquieta cinema, cultura e comunicacao ltda.;29984.0;21.805.885/0001-76;2018;11;15
2018-11-15;tudo acaba em festa;B1800410600000;ficção;brasil;30562;462133.23;sm distribuidora de filmes ltda;11922.0;08.257.054/0001-49;2018;11;15
2018-11-13;minha vida em marte;B1800539000000;ficção;brasil;5234820;81112651.4;freespirit distribuidora de filmes ltda.;4904.0;07.616.202/0001-01;2018;11;13
2018-11-08;a misteriosa morte de pérola;B1500169900000;ficção;brasil;157;1156.0;embauba filmes ltda;23638.0;15.144.532/0001-70;2018;11;8
2018-11-08;blitz;B1700402100000;ficção;brasil;264;2502.0;providence distribuidora de filmes ltda;12443.0;08.656.129/0001-64;2018;11;8
2018-11-08;chacrinha, o velho guerreiro;B1800482700000;ficção;brasil;36195;529851.5;sm distribuidora de filmes ltda;11922.0;08.257.054/0001-49;2018;11;8
2018-11-08;happy hour;B1700571300000;ficção;argentina;3200;49750.21;reserva nacional distribuidora de filmes ltda.;11868.0;08.346.733/0001-94;2018;11;8
2018-11-08;la prière;E1800483800000;ficção;frança;4102;61146.01;tag cultural distribuidora de filmes ltda;173.0;03.599.148/0001-82;2018;11;8
2018-11-08;la ragazza nella nebbia;E1800412500000;ficção;itália;4144;54907.21;a2 distribuidora de filmes ltda epp;34811.0;18.338.912/0001-33;2018;11;8
2018-11-08;moacir;B1700465300000;documentário;argentina;375;4298.21;miração filmes ltda;1860.0;06.096.915/0001-29;2018;11;8
2018-11-08;museo;E1800479300000;ficção;méxico;12800;202965.08;omf servicos & consultoria ltda;28508.0;21.437.756/0001-72;2018;11;8
2018-11-08;onde a moeda cai em pé - a história do são paulo futebol clube;B1800509700000;documentário;brasil;3854;34564.23;elo audiovisual serviços ltda;5672.0;07.700.630/0001-18;2018;11;8
2018-11-08;overlord;E1800381200000;ficção;estados unidos;197350;2870282.16;paramount pictures brasil distribuidora de filmes ltda;169.0;27.654.722/0001-16;2018;11;8
2018-11-08;parquelândia;B1800487600000;documentário;brasil;239;1622.0;parlatório produções ltda me;38699.0;08.203.131/0001-88;2018;11;8
2018-11-08;the girl in the spider´s web;E1800184500000;ficção;estados unidos;192596;3272087.0;columbia tristar filmes do brasil ltda;84.0;00.979.601/0001-98;2018;11;8
2018-11-08;the grinch;E1800455900000;animação;estados unidos;1506206;22191722.02;universal pictures international brazil ltda.;33787.0;24.810.280/0001-61;2018;11;8
2018-11-08;todas as canções de amor;B1800387000000;ficção;brasil;27703;390797.21;vitrine filmes ltda;16713.0;11.620.976/0001-83;2018;11;8
2018-11-08;wieza. jasny dzien.;E1800518200000;ficção;polônia;1040;11775.27;zeta filmes ltda;22936.0;02.469.679/0001-98;2018;11;8
2018-11-01;bohemian rhapsody;E1800251900000;ficção;estados unidos;720559;13891395.42;fox film do brasil ltda;256.0;33.110.420/0001-80;2018;11;1
2018-11-01;johnny english strikes again;E1800337100000;ficção;reino unido;122473;1828361.94;universal pictures international brazil ltda.;33787.0;24.810.280/0001-61;2018;11;1
2018-11-01;my name is now, elza soares;B1402254000000;documentário;brasil;2836;43868.34;it filmes, comunicação e entretenimento ltda;15829.0;10.957.732/0001-28;2018;11;1
2018-11-01;the house that jack built;E1800305800000;ficção;alemanha;24826;404907.36;antonio fernandes filmes ltda;532.0;02.668.665/0001-01;2018;11;1
2018-11-01;the nutcracker and the four realms;E1800428500000;ficção;estados unidos;851592;13103757.4;the walt disney company (brasil) ltda.;18398.0;73.042.962/0001-87;2018;11;1
2018-10-25;a cabeça de gumercindo saraiva;B1800469700000;ficção;brasil;5158;55578.87;elo audiovisual serviços ltda;5672.0;07.700.630/0001-18;2018;10;25
2018-10-25;crazy rich asians;E1800303600000;ficção;estados unidos;41569;721588.23;warner bros. (south) inc.;265.0;33.015.827/0001-28;2018;10;25
2018-10-25;gueule d’ange;E1800429300000;ficção;frança;6869;110205.72;tag cultural distribuidora de filmes ltda;173.0;03.599.148/0001-82;2018;10;25
2018-10-25;halloween;E1800335600000;ficção;estados unidos;1120846;15840043.8;universal pictures international brazil ltda.;33787.0;24.810.280/0001-61;2018;10;25
2018-10-25;hunter killer;E1800391000000;ficção;estados unidos;220193;3314750.62;wmix distribuidora ltda.;1935.0;03.918.609/0001-32;2018;10;25
2018-10-25;luis and the aliens;E1800401600000;animação;alemanha;52177;758535.58;playarte pictures entretenimentos ltda.;443.0;00.943.231/0001-39;2018;10;25
2018-10-18;a última abolição;B1800473500000;documentário;brasil;3670;46772.33;pipoca produções e distribuição artísticas ltda me;31411.0;15.390.196/0001-45;2018;10;18
2018-10-18;diane a les epaules;E1800474800000;ficção;frança;1900;27707.32;bonfilm produção e distribuição audiovisual ltda;14462.0;10.383.039/0001-99;2018;10;18
2018-10-18;first man;E1800333300000;ficção;estados unidos;299778;5759072.96;universal pictures international brazil ltda.;33787.0;24.810.280/0001-61;2018;10;18
2018-10-18;incident in a ghostland;E1800415700000;ficção;frança;226346;3155380.62;sm distribuidora de filmes ltda;11922.0;08.257.054/0001-49;2018;10;18
2018-10-18;legalize já - amizade nunca morre;B1800046600000;ficção;brasil;36283;533298.92;wmix distribuidora ltda.;1935.0;03.918.609/0001-32;2018;10;18
2018-10-18;me estás matando susana;E1800412300000;ficção;canadá;9596;150489.34;a2 distribuidora de filmes ltda epp;34811.0;18.338.912/0001-33;2018;10;18
2018-10-18;peppermint;E1800329100000;ficção;estados unidos;87722;1283058.03;diamond films do brasil produção e distribuição audiovisual ltda.;22724.0;17.095.184/0001-13;2018;10;18
2018-10-18;tamara;E1800476100000;ficção;peru;1207;15421.15;lanca distribuidora de filmes ltda;25115.0;18.384.267/0001-95;2018;10;18
2018-10-11;a star is born;E1800303500000;ficção;estados unidos;1440749;26027948.08;warner bros. (south) inc.;265.0;33.015.827/0001-28;2018;10;11
2018-10-11;amanhã chegou;B1800470600000;documentário;brasil;709;6338.5;elo audiovisual serviços ltda;5672.0;07.700.630/0001-18;2018;10;11
2018-10-11;cinderella and the secret prince;E1800390000000;animação;estados unidos;88063;1220312.55;wmix distribuidora ltda.;1935.0;03.918.609/0001-32;2018;10;11
2018-10-11;djon áfrica;B1800422100000;ficção;brasil;3183;21114.92;vitrine filmes ltda;16713.0;11.620.976/0001-83;2018;10;11
2018-10-11;egy nap;E1800447000000;ficção;hungria;6403;90535.09;zeta filmes ltda;22936.0;02.469.679/0001-98;2018;10;11
2018-10-11;filgia mia;E1800341000000;ficção;itália;8557;130882.29;tag cultural distribuidora de filmes ltda;173.0;03.599.148/0001-82;2018;10;11
2018-10-11;goosebumps 2: haunted halloween;E1800184600000;ficção;estados unidos;337975;4724437.0;columbia tristar filmes do brasil ltda;84.0;00.979.601/0001-98;2018;10;11
2018-10-11;tudo por um pop star;B1800285700000;ficção;brasil;1185518;15763318.4;freespirit distribuidora de filmes ltda.;4904.0;07.616.202/0001-01;2018;10;11
2018-10-04;blindspotting;E1800353100000;ficção;estados unidos;3690;58770.52;sm distribuidora de filmes ltda;11922.0;08.257.054/0001-49;2018;10;4
2018-10-04;die unsichtbaren;E1800412400000;ficção;alemanha;7125;110421.48;a2 distribuidora de filmes ltda epp;34811.0;18.338.912/0001-33;2018;10;4
2018-10-04;el futuro que viene;E1800401500000;ficção;argentina;6212;94931.25;omf servicos & consultoria ltda;28508.0;21.437.756/0001-72;2018;10;4
2018-10-04;juliet, naked;E1800346400000;ficção;estados unidos;9619;158660.89;diamond films do brasil produção e distribuição audiovisual ltda.;22724.0;17.095.184/0001-13;2018;10;4
2018-10-04;mare nostrum;B1800092400000;ficção;brasil;1950;25176.87;reserva nacional distribuidora de filmes ltda.;11868.0;08.346.733/0001-94;2018;10;4
2018-10-04;papillon;E1800393100000;ficção;espanha;53155;1042432.01;wmix distribuidora ltda.;1935.0;03.918.609/0001-32;2018;10;4
2018-10-04;venom;E1800179900000;ficção;estados unidos;4599547;72170081.0;columbia tristar filmes do brasil ltda;84.0;00.979.601/0001-98;2018;10;4
2018-09-27;10 segundos para vencer;B1800380700000;ficção;brasil;49147;801025.64;wmix distribuidora ltda.;1935.0;03.918.609/0001-32;2018;9;27
2018-09-27;a fábrica de nada;E1700452900000;ficção;portugal;1738;24112.91;tag cultural distribuidora de filmes ltda;173.0;03.599.148/0001-82;2018;9;27
2018-09-27;a moça do calendário;B1700605000000;ficção;brasil;2716;24711.65;providence distribuidora de filmes ltda;12443.0;08.656.129/0001-64;2018;9;27
2018-09-27;a simple favor;E1800353200000;ficção;estados unidos;140860;2738277.18;sm distribuidora de filmes ltda;11922.0;08.257.054/0001-49;2018;9;27
2018-09-27;la noche de 12 años;E1800361600000;ficção;argentina;79304;1304145.51;vitrine filmes ltda;16713.0;11.620.976/0001-83;2018;9;27
2018-09-27;marcha cega;B1800260300000;documentário;brasil;900;6692.29;elo audiovisual serviços ltda;5672.0;07.700.630/0001-18;2018;9;27
2018-09-27;o homem perfeito;B1800115600000;ficção;brasil;11289;178904.07;freespirit distribuidora de filmes ltda.;4904.0;07.616.202/0001-01;2018;9;27
2018-09-27;samson;E1700623300000;ficção;estados unidos;30269;419872.35;antonio fernandes filmes ltda;532.0;02.668.665/0001-01;2018;9;27
2018-09-27;smallfoot;E1800215200000;animação;estados unidos;1508680;21048244.78;warner bros. (south) inc.;265.0;33.015.827/0001-28;2018;9;27
2018-09-27;the first purge;E1800342600000;ficção;estados unidos;150746;2127142.4;universal pictures international brazil ltda.;33787.0;24.810.280/0001-61;2018;9;27
2018-09-27;the happytime murders;E1800305600000;ficção;estados unidos;738;12323.75;diamond films do brasil produção e distribuição audiovisual ltda.;22724.0;17.095.184/0001-13;2018;9;27
2018-09-27;the healer;E1800136600000;ficção;canadá;343571;4982202.13;laercio bognar antonio eireli;38807.0;18.949.460/0001-26;2018;9;27
2018-09-21;coração de cowboy;B1700529900000;ficção;brasil;31486;425784.47;o2 produções artísticas e cinematográficas ltda.;63.0;67.431.718/0001-03;2018;9;21
2018-09-20;bedoune tarikh, bedoune emza;E1800340800000;ficção;irã;12711;198148.95;tag cultural distribuidora de filmes ltda;173.0;03.599.148/0001-82;2018;9;20
2018-09-20;house with a clock in its walls;E1800334000000;ficção;estados unidos;374926;5307706.86;universal pictures international brazil ltda.;33787.0;24.810.280/0001-61;2018;9;20
2018-09-20;le retour du héros;E1800249500000;ficção;bélgica;18099;271298.38;a2 distribuidora de filmes ltda epp;34811.0;18.338.912/0001-33;2018;9;20
2018-09-20;mile 22;E1800192400000;ficção;estados unidos;129932;2012040.95;diamond films do brasil produção e distribuição audiovisual ltda.;22724.0;17.095.184/0001-13;2018;9;20
2018-09-20;salto no vazio;B1800211500000;ficção;brasil;124;2137.2;cavideo produções comércio e locação de filmes ltda;11893.0;01.666.326/0001-15;2018;9;20
2018-09-20;searching;E1800253000000;ficção;estados unidos;218013;3925711.0;columbia tristar filmes do brasil ltda;84.0;00.979.601/0001-98;2018;9;20
2018-09-20;traffik;E1800396600000;ficção;estados unidos;2404;45836.91;sm distribuidora de filmes ltda;11922.0;08.257.054/0001-49;2018;9;20
2018-09-20;una questione privata;E1800357000000;ficção;itália;11187;168371.87;omf servicos & consultoria ltda;28508.0;21.437.756/0001-72;2018;9;20
2018-09-13;boundaries;E1800341100000;ficção;canadá;12246;221444.0;columbia tristar filmes do brasil ltda;84.0;00.979.601/0001-98;2018;9;13
2018-09-13;camocim;B1700606900000;documentário;brasil;1627;10974.89;vitrine filmes ltda;16713.0;11.620.976/0001-83;2018;9;13
2018-09-13;carnivores;E1800401800000;ficção;bélgica;1692;25824.97;bonfilm produção e distribuição audiovisual ltda;14462.0;10.383.039/0001-99;2018;9;13
2018-09-13;fantastica;E1800301500000;animação;china;51505;489337.6;lanca distribuidora de filmes ltda;25115.0;18.384.267/0001-95;2018;9;13
2018-09-13;hotel artemis;E1800289900000;ficção;estados unidos;23575;448660.08;diamond films do brasil produção e distribuição audiovisual ltda.;22724.0;17.095.184/0001-13;2018;9;13
2018-09-13;o banquete;B1700260300000;ficção;brasil;10057;167597.19;reserva nacional distribuidora de filmes ltda.;11868.0;08.346.733/0001-94;2018;9;13
2018-09-13;o paciente, o caso tancredo neves;B1800324100000;ficção;brasil;40793;818899.17;sm distribuidora de filmes ltda;11922.0;08.257.054/0001-49;2018;9;13
2018-09-13;the predator;E1800253200000;ficção;estados unidos;803188;12618080.34;fox film do brasil ltda;256.0;33.110.420/0001-80;2018;9;13
2018-09-06;alpha;E1800037600000;ficção;estados unidos;507000;7741062.0;columbia tristar filmes do brasil ltda;84.0;00.979.601/0001-98;2018;9;6
2018-09-06;crô em familia;B1800340300000;ficção;brasil;477369;6813803.12;wmix distribuidora ltda.;1935.0;03.918.609/0001-32;2018;9;6
2018-09-06;kin;E1800319800000;ficção;estados unidos;3639;70931.09;sm distribuidora de filmes ltda;11922.0;08.257.054/0001-49;2018;9;6
2018-09-06;la vitta in comune;E1800346800000;ficção;itália;17070;281928.35;pagu distribuicao de filmes ltda.;38312.0;29.080.317/0001-67;2018;9;6
2018-09-06;marvin ou la belle éducation;E1800243700000;ficção;frança;13566;206240.89;a2 distribuidora de filmes ltda epp;34811.0;18.338.912/0001-33;2018;9;6
2018-09-06;the nun;E1800306100000;ficção;estados unidos;5288640;76346873.34;warner bros. (south) inc.;265.0;33.015.827/0001-28;2018;9;6
2018-09-06;vende-se esta moto;B1800163200000;ficção;brasil;310;4922.35;cavideo produções comércio e locação de filmes ltda;11893.0;01.666.326/0001-15;2018;9;6
2018-09-06;wheely;E1800347600000;animação;malásia;13384;196138.18;playarte pictures entretenimentos ltda.;443.0;00.943.231/0001-39;2018;9;6
2018-08-30;a destruição de bernardet;B1600680500000;documentário;brasil;1355;10351.93;paleoteve produção cultural ltda;4958.0;67.619.171/0001-74;2018;8;30
2018-08-30;as herdeiras;B1800293900000;ficção;brasil;22645;359997.14;reserva nacional distribuidora de filmes ltda.;11868.0;08.346.733/0001-94;2018;8;30
2018-08-30;ferrugem;B1800056700000;ficção;brasil;27880;362439.07;olhar distribuicao de filmes ltda;37242.0;28.083.221/0001-90;2018;8;30
2018-08-30;fica mais escuro antes do amanhecer;B1600412300000;ficção;brasil;525;6552.44;o2 produções artísticas e cinematográficas ltda.;63.0;67.431.718/0001-03;2018;8;30
2018-08-30;god's not dead: a light in darkness;E1700623100000;ficção;estados unidos;273013;3745090.95;antonio fernandes filmes ltda;532.0;02.668.665/0001-01;2018;8;30
2018-08-30;meu tio e o joelho de porco;B1700480400000;documentário;brasil;475;4140.2;elo audiovisual serviços ltda;5672.0;07.700.630/0001-18;2018;8;30
2018-08-30;nico, 1988;E1800357100000;ficção;bélgica;3481;50856.69;omf servicos & consultoria ltda;28508.0;21.437.756/0001-72;2018;8;30
2018-08-30;o candidato honesto 2;B1800307900000;ficção;brasil;579765;8354062.3;freespirit distribuidora de filmes ltda.;4904.0;07.616.202/0001-01;2018;8;30
2018-08-30;o renascimento do parto 3;B1800387700000;documentário;brasil;1434;27773.01;circuito cinearte ltda;1083.0;01.425.583/0001-65;2018;8;30
2018-08-30;takara - la nuit où j'ai nagé;E1800356000000;ficção;frança;1687;23279.84;zeta filmes ltda;22936.0;02.469.679/0001-98;2018;8;30
2018-08-30;teen titans go! to the movies;E1800215000000;animação;estados unidos;1013987;13831183.02;warner bros. (south) inc.;265.0;33.015.827/0001-28;2018;8;30
2018-08-30;yonlu;B1700424500000;ficção;brasil;7906;100392.73;lanca distribuidora de filmes ltda;25115.0;18.384.267/0001-95;2018;8;30
2018-08-27;o doutrinador - o filme;B1800397100000;ficção;brasil;276658;3933474.85;freespirit distribuidora de filmes ltda.;4904.0;07.616.202/0001-01;2018;8;27
2018-08-23;benzinho;B1800106900000;ficção;brasil;39639;599493.91;vitrine filmes ltda;16713.0;11.620.976/0001-83;2018;8;23
2018-08-23;gauguin - voyage de tahiti;E1800244000000;ficção;frança;23974;342743.67;a2 distribuidora de filmes ltda epp;34811.0;18.338.912/0001-33;2018;8;23
2018-08-23;histórias que nosso cinema (não) contava;B1700065100000;documentário;brasil;3892;46222.04;boulevard filmes ltda;17484.0;12.126.484/0001-07;2018;8;23
2018-08-23;loving pablo;E1700408900000;ficção;espanha;70879;1706043.28;antonio fernandes filmes ltda;532.0;02.668.665/0001-01;2018;8;23
2018-08-23;missão 115;B1800300700000;documentário;brasil;1467;20519.88;bretz filmes distribuidora e produtora ltda - epp;19243.0;39.079.678/0001-47;2018;8;23
2018-08-23;slender man;E1800037900000;ficção;estados unidos;467230;6525576.0;columbia tristar filmes do brasil ltda;84.0;00.979.601/0001-98;2018;8;23
2018-08-23;tag;E1800215100000;ficção;estados unidos;24602;435963.82;warner bros. (south) inc.;265.0;33.015.827/0001-28;2018;8;23
2018-08-23;the spy who dumped me;E1800318300000;ficção;estados unidos;155502;2283553.22;sm distribuidora de filmes ltda;11922.0;08.257.054/0001-49;2018;8;23
2018-08-23;wo bist du joao gilberto?;E1800335000000;documentário;alemanha;3847;50333.29;tag cultural distribuidora de filmes ltda;173.0;03.599.148/0001-82;2018;8;23
2018-08-16;abrindo o armário;B1700362500000;documentário;brasil;1641;14790.84;elo audiovisual serviços ltda;5672.0;07.700.630/0001-18;2018;8;16
2018-08-16;amoureux de ma femme;E1800332000000;ficção;frança;43634;749039.67;tag cultural distribuidora de filmes ltda;173.0;03.599.148/0001-82;2018;8;16
2018-08-16;bedeviled;E1700506500000;ficção;estados unidos;3421;50563.6;p & m distribuidora de filmes ltda;31931.0;22.910.081/0001-08;2018;8;16
2018-08-16;café com canela;B1700013000000;ficção;brasil;10356;110050.98;labav laboratorio audiovisual ltda;36329.0;18.729.607/0001-72;2018;8;16
2018-08-16;christopher robin;E1800289800000;ficção;estados unidos;292386;4453661.15;the walt disney company (brasil) ltda.;18398.0;73.042.962/0001-87;2018;8;16
2018-08-16;como é  cruel viver assim;B1700468400000;ficção;brasil;5181;75054.72;h2o distribuidora de filmes ltda;21541.0;15.372.472/0001-42;2018;8;16
2018-08-16;l'échange des princesses;E1800291100000;ficção;frança;24656;403649.15;providence distribuidora de filmes ltda;12443.0;08.656.129/0001-64;2018;8;16
2018-08-16;the darkest minds;E1800252900000;ficção;estados unidos;176557;2488302.73;fox film do brasil ltda;256.0;33.110.420/0001-80;2018;8;16
2018-08-16;the equalizer 2;E1500760000000;ficção;estados unidos;842926;13380023.0;columbia tristar filmes do brasil ltda;84.0;00.979.601/0001-98;2018;8;16
2018-08-16;tudo é irrelevante - helio jaguaribe;B1600483500000;documentário;brasil;221;2341.1;ludwig maia arthouse distribuidora de filmes ltda;22808.0;05.249.852/0001-30;2018;8;16
2018-08-16;unicórnio;B1700501700000;ficção;brasil;6798;53690.35;vitrine filmes ltda;16713.0;11.620.976/0001-83;2018;8;16
2018-08-09;acrimony;E1800319500000;ficção;estados unidos;3159;58302.61;sm distribuidora de filmes ltda;11922.0;08.257.054/0001-49;2018;8;9
2018-08-09;adrift;E1800192200000;ficção;estados unidos;222791;3608929.57;diamond films do brasil produção e distribuição audiovisual ltda.;22724.0;17.095.184/0001-13;2018;8;9
2018-08-09;como fotografei os yanomami;B1800311900000;documentário;brasil;345;3675.52;miríade filmes e produções artísticas ltda;15977.0;11.101.993/0001-04;2018;8;9
2018-08-09;estradeiros;B1101515900000;documentário;brasil;183;1275.0;boulevard filmes ltda;17484.0;12.126.484/0001-07;2018;8;9
2018-08-09;fátima, el último misterio;E1800283500000;documentário;espanha;112174;1796450.82;cinemark brasil s.a;1843.0;00.779.721/0001-41;2018;8;9
2018-08-09;l'apparition;E1800243900000;ficção;frança;7259;95618.0;a2 distribuidora de filmes ltda epp;34811.0;18.338.912/0001-33;2018;8;9
2018-08-09;o animal cordial;B1700456600000;ficção;brasil;8547;121895.32;antonio fernandes filmes ltda;532.0;02.668.665/0001-01;2018;8;9
2018-08-09;os incontestáveis;B1500794300000;ficção;brasil;789;7675.75;livres distribuidora de audivisual ltda me;21870.0;15.263.576/0001-19;2018;8;9
2018-08-09;para sempre chape;E1800297600000;documentário;uruguai;1970;28933.05;empresa de cinemas arcoplex s.a;24035.0;17.040.988/0001-15;2018;8;9
2018-08-09;sertão velho cerrado;B1800287300000;documentário;brasil;2011;24240.7;o2 produções artísticas e cinematográficas ltda.;63.0;67.431.718/0001-03;2018;8;9
2018-08-09;tesnota;E1800282000000;ficção;rússia;2746;38155.6;zeta filmes ltda;22936.0;02.469.679/0001-98;2018;8;9
2018-08-09;the meg;E1800214800000;ficção;estados unidos;1879369;29341590.75;warner bros. (south) inc.;265.0;33.015.827/0001-28;2018;8;9
2018-08-09;virgin cheerleaders in chains;E1700464000000;ficção;brasil;1223;13515.44;moro comunicacao ltda;5224.0;03.827.382/0001-10;2018;8;9
2018-08-09;you were never really here;E1800342100000;ficção;frança;28375;492751.71;omf servicos & consultoria ltda;28508.0;21.437.756/0001-72;2018;8;9
2018-08-02;ana e vitória;B1800330200000;ficção;brasil;72919;992170.9;vitrine filmes ltda;16713.0;11.620.976/0001-83;2018;8;2
2018-08-02;caffe;E1800094600000;ficção;china;1051;17560.27;antonio fernandes filmes ltda;532.0;02.668.665/0001-01;2018;8;2
2018-08-02;hilda hilst pede contato;B1800290300000;documentário;brasil;3936;53085.96;reserva nacional distribuidora de filmes ltda.;11868.0;08.346.733/0001-94;2018;8;2
2018-08-02;mamma mia! here we go again;E1800169700000;ficção;estados unidos;801045;14038436.19;universal pictures international brazil ltda.;33787.0;24.810.280/0001-61;2018;8;2
2018-08-02;o nome da morte;B1700513700000;ficção;brasil;45766;711964.45;wmix distribuidora ltda.;1935.0;03.918.609/0001-32;2018;8;2
2018-08-02;outra história do mundo;B1700431000000;ficção;argentina;5526;86118.67;tucumán distribuidora de filmes ltda;16132.0;10.681.698/0001-01;2018;8;2
2018-08-02;querido embaixador;B1700409900000;documentário;brasil;2297;26425.23;elo audiovisual serviços ltda;5672.0;07.700.630/0001-18;2018;8;2
2018-08-02;tout le monde debout;E1800300300000;ficção;frança;7206;104748.28;antonio fernandes filmes ltda;532.0;02.668.665/0001-01;2018;8;2
2018-07-26;alguma coisa assim;B1700548300000;ficção;alemanha;5852;74640.45;vitrine filmes ltda;16713.0;11.620.976/0001-83;2018;7;26
2018-07-26;every day;E1800136300000;ficção;estados unidos;114908;1783138.64;sm distribuidora de filmes ltda;11922.0;08.257.054/0001-49;2018;7;26
2018-07-26;la promesse de l’aube;E1800216600000;ficção;frança;11499;169581.87;bonfilm produção e distribuição audiovisual ltda;14462.0;10.383.039/0001-99;2018;7;26
2018-07-26;mission: impossible - fallout;E1800243500000;ficção;estados unidos;2548997;44624407.4;paramount pictures brasil distribuidora de filmes ltda;169.0;27.654.722/0001-16;2018;7;26
2018-07-26;ramen teh;E1800316800000;ficção;cingapura;15085;249755.82;tag cultural distribuidora de filmes ltda;173.0;03.599.148/0001-82;2018;7;26
2018-07-26;the party;E1800243800000;ficção;reino unido;47225;819539.86;a2 distribuidora de filmes ltda epp;34811.0;18.338.912/0001-33;2018;7;26
2018-07-26;vinte anos;B1600725300000;documentário;brasil;1257;14361.12;ludwig maia arthouse distribuidora de filmes ltda;22808.0;05.249.852/0001-30;2018;7;26
2018-07-19;bergman – a year in a life;E1800271100000;documentário;suécia;11263;171944.59;tag cultural distribuidora de filmes ltda;173.0;03.599.148/0001-82;2018;7;19
2018-07-19;egon schiele - tod und mädchen;E1800236200000;ficção;áustria;8292;131649.25;cinematográfica distribuidora de filmes ltda;33340.0;23.391.665/0001-79;2018;7;19
2018-07-19;höstsonaten;E1402582900000;ficção;alemanha;458;6114.7;f. j. cines ltda;310.0;61.574.109/0001-27;2018;7;19
2018-07-19;isle of dogs;E1800252300000;animação;alemanha;23592;431794.85;fox film do brasil ltda;256.0;33.110.420/0001-80;2018;7;19
2018-07-19;le brio;E1800279800000;ficção;bélgica;49505;828311.43;providence distribuidora de filmes ltda;12443.0;08.656.129/0001-64;2018;7;19
2018-07-19;persona;E1800230700000;ficção;suécia;790;8648.72;f. j. cines ltda;310.0;61.574.109/0001-27;2018;7;19
2018-07-19;uma quase dupla;B1800235900000;ficção;brasil;644126;9156569.63;sm distribuidora de filmes ltda;11922.0;08.257.054/0001-49;2018;7;19
2018-07-19;uncle drew;E1800211700000;ficção;estados unidos;4187;75632.53;sm distribuidora de filmes ltda;11922.0;08.257.054/0001-49;2018;7;19
2018-07-12;hannah;E1800260700000;ficção;bélgica;12101;177231.81;zeta filmes ltda;22936.0;02.469.679/0001-98;2018;7;12
2018-07-12;hotel transylvania 3: summer vacation;E1800038100000;animação;estados unidos;5372430;74730625.54;columbia tristar filmes do brasil ltda;84.0;00.979.601/0001-98;2018;7;12
2018-07-12;la villa;E1700458600000;ficção;frança;41907;683179.74;tag cultural distribuidora de filmes ltda;173.0;03.599.148/0001-82;2018;7;12
2018-07-12;razzia;E1800300200000;ficção;frança;8208;119165.37;antonio fernandes filmes ltda;532.0;02.668.665/0001-01;2018;7;12
2018-07-12;skyscraper;E1800176100000;ficção;estados unidos;946895;14504397.31;universal pictures international brazil ltda.;33787.0;24.810.280/0001-61;2018;7;12
2018-07-12;verão em rildas;B1800091800000;ficção;brasil;228;2804.25;dm filmes e produções artísticas ltda;5816.0;01.125.538/0001-95;2018;7;12
2018-07-05;ant-man and the wasp;E1800255300000;ficção;estados unidos;3253858;50010436.79;the walt disney company (brasil) ltda.;18398.0;73.042.962/0001-87;2018;7;5
2018-07-05;au revoir là-haut;E1800262300000;ficção;frança;9297;138378.4;providence distribuidora de filmes ltda;12443.0;08.656.129/0001-64;2018;7;5
2018-07-05;estrada de sonhos;B1700544600000;documentário;brasil;332;4991.09;com domínio produções ltda;16431.0;09.324.313/0001-70;2018;7;5
2018-07-05;jusqu'à la garde;E1800243600000;ficção;frança;19985;324572.27;omf servicos & consultoria ltda;28508.0;21.437.756/0001-72;2018;7;5
2018-07-05;los perros;E1800224400000;ficção;chile;5107;79120.31;tag cultural distribuidora de filmes ltda;173.0;03.599.148/0001-82;2018;7;5
2018-07-05;mulheres alteradas;B1800269200000;ficção;brasil;92611;1440498.83;sm distribuidora de filmes ltda;11922.0;08.257.054/0001-49;2018;7;5
2018-07-05;the night eats the world;E1800160300000;ficção;frança;1415;25858.4;antonio fernandes filmes ltda;532.0;02.668.665/0001-01;2018;7;5
2018-06-29;o desmonte do monte;B1700615400000;documentário;brasil;5154;69773.28;mercurio producoes ltda;1436.0;04.760.800/0001-61;2018;6;29
2018-06-28;além do homem;B1800166700000;ficção;brasil;2841;47539.01;wmix distribuidora ltda.;1935.0;03.918.609/0001-32;2018;6;28
2018-06-28;auto de resistência;B1800228200000;documentário;brasil;2940;39834.55;ludwig maia arthouse distribuidora de filmes ltda;22808.0;05.249.852/0001-30;2018;6;28
2018-06-28;berenice procura;B1700353800000;ficção;brasil;6138;92563.36;h2o distribuidora de filmes ltda;21541.0;15.372.472/0001-42;2018;6;28
2018-06-28;grandes médicos;B1700481900000;documentário;brasil;24;190.0;accorde filmes ltda.;1403.0;05.270.790/0001-49;2018;6;28
2018-06-28;i feel pretty;E1800140300000;ficção;estados unidos;136779;2027220.29;sm distribuidora de filmes ltda;11922.0;08.257.054/0001-49;2018;6;28
2018-06-28;marie francine;E1700617900000;ficção;bélgica;30288;440008.95;cinematográfica distribuidora de filmes ltda;33340.0;23.391.665/0001-79;2018;6;28
2018-06-28;oh lucy!;E1800222500000;ficção;japão;10749;183832.33;tag cultural distribuidora de filmes ltda;173.0;03.599.148/0001-82;2018;6;28
2018-06-28;sicario 2: soldado;E1800107200000;ficção;estados unidos;47201;939753.0;columbia tristar filmes do brasil ltda;84.0;00.979.601/0001-98;2018;6;28
2018-06-28;the incredibles 2;E1800037700000;animação;estados unidos;9796647;144860252.44;the walt disney company (brasil) ltda.;18398.0;73.042.962/0001-87;2018;6;28
2018-06-21;amant double;E1700583100000;ficção;bélgica;28108;461197.75;antonio fernandes filmes ltda;532.0;02.668.665/0001-01;2018;6;21
2018-06-21;canastra suja;B1800073300000;ficção;brasil;2071;27185.14;ludwig maia arthouse distribuidora de filmes ltda;22808.0;05.249.852/0001-30;2018;6;21
2018-06-21;disobedience;E1800192700000;ficção;estados unidos;70944;1249761.0;columbia tristar filmes do brasil ltda;84.0;00.979.601/0001-98;2018;6;21
2018-06-21;hereditary;E1800073100000;ficção;estados unidos;253777;3629968.63;diamond films do brasil produção e distribuição audiovisual ltda.;22724.0;17.095.184/0001-13;2018;6;21
2018-06-21;jurassic world: fallen kingdom;E1800169900000;ficção;estados unidos;5256680;80590099.62;universal pictures international brazil ltda.;33787.0;24.810.280/0001-61;2018;6;21
2018-06-21;memória italiana - histórias em família;B1800177600000;documentário;brasil;77;854.1;latinamerica entretenimento internacional ltda;15368.0;09.416.289/0001-07;2018;6;21
2018-06-21;rey;E1800086000000;ficção;chile;413;4466.75;miríade filmes e produções artísticas ltda;15977.0;11.101.993/0001-04;2018;6;21
2018-06-21;tungstênio;B1800116000000;ficção;brasil;5737;87295.61;pagu distribuicao de filmes ltda.;38312.0;29.080.317/0001-67;2018;6;21
2018-06-14;baronesa;B1700278300000;documentário;brasil;6496;49245.42;vitrine filmes ltda;16713.0;11.620.976/0001-83;2018;6;14
2018-06-14;book club;E1800210800000;ficção;estados unidos;164072;2882005.84;sm distribuidora de filmes ltda;11922.0;08.257.054/0001-49;2018;6;14
2018-06-14;der traumhafte weg;E1800176200000;ficção;alemanha;984;12077.6;zeta filmes ltda;22936.0;02.469.679/0001-98;2018;6;14
2018-06-14;dovlatov;E1800223800000;ficção;polônia;2122;33868.4;tag cultural distribuidora de filmes ltda;173.0;03.599.148/0001-82;2018;6;14
2018-06-14;em 97 era assim;B1700316900000;ficção;brasil;1238;14282.58;bretz filmes distribuidora e produtora ltda - epp;19243.0;39.079.678/0001-47;2018;6;14
2018-06-14;midnight sun;E1800070700000;ficção;estados unidos;32945;444868.75;diamond films do brasil produção e distribuição audiovisual ltda.;22724.0;17.095.184/0001-13;2018;6;14
2018-06-14;o nó do diabo;B1800187300000;ficção;brasil;2068;18796.17;elo audiovisual serviços ltda;5672.0;07.700.630/0001-18;2018;6;14
2018-06-14;safari;E1800224300000;documentário;áustria;238;2861.85;providence distribuidora de filmes ltda;12443.0;08.656.129/0001-64;2018;6;14
2018-06-14;talvez uma história de amor;B1800212800000;ficção;brasil;37296;557308.25;warner bros. (south) inc.;265.0;33.015.827/0001-28;2018;6;14
2018-06-07;24 hours to live;E1800188200000;ficção;estados unidos;19811;289690.77;playarte pictures entretenimentos ltda.;443.0;00.943.231/0001-39;2018;6;7
2018-06-07;anna karenina. istoriya vronskogo;E1800045200000;ficção;rússia;10085;165145.03;união municipal dos estudantes secundaristas;15603.0;57.277.113/0001-56;2018;6;7
2018-06-07;as boas maneiras;B1700450500000;ficção;frança;11420;172733.63;reserva nacional distribuidora de filmes ltda.;11868.0;08.346.733/0001-94;2018;6;7
2018-06-07;ballet bolshoi: the flames of paris;E1700529700000;vídeomusical;inglaterra;761;22306.02;united cinemas international brasil ltda.;749.0;01.289.530/0001-64;2018;6;7
2018-06-07;bonifácio, o fundador do brasil;B1800077400000;documentário;brasil;3749;86109.04;m c ventura produções cinematográficas eireli;37407.0;28.007.626/0001-49;2018;6;7
2018-06-07;caminho do mar;B1700349900000;documentário;brasil;1037;7241.6;bang bang filmes produções eireli;1126.0;01.230.968/0001-77;2018;6;7
2018-06-07;comboio de sal e açúcar;B1700249500000;ficção;brasil;3316;43803.42;livres distribuidora de audivisual ltda me;21870.0;15.263.576/0001-19;2018;6;7
2018-06-07;los territorios;B1700605800000;documentário;argentina;878;8536.33;vitrine filmes ltda;16713.0;11.620.976/0001-83;2018;6;7
2018-06-07;mazinger z - infinity;E1800192300000;animação;japão;778;12689.0;diamond films do brasil produção e distribuição audiovisual ltda.;22724.0;17.095.184/0001-13;2018;6;7
2018-06-07;o muro;B1800247400000;documentário;brasil;150;1815.1;espiral criacao e producao cultural ltda;22820.0;02.972.707/0001-95;2018;6;7
2018-06-07;ocean's 8;E1800213600000;ficção;estados unidos;1284773;20860365.55;warner bros. (south) inc.;265.0;33.015.827/0001-28;2018;6;7
2018-06-07;revenge;E1800198900000;ficção;frança;4322;63866.91;p & m distribuidora de filmes ltda;31931.0;22.910.081/0001-08;2018;6;7
2018-06-07;selfie from hell;E1700035400000;ficção;alemanha;782;12625.01;cinematográfica distribuidora de filmes ltda;33340.0;23.391.665/0001-79;2018;6;7
2018-06-07;the death of stalin;E1800211000000;ficção;frança;13193;237480.2;sm distribuidora de filmes ltda;11922.0;08.257.054/0001-49;2018;6;7
2018-06-07;the hurricane heist;E1800119100000;ficção;estados unidos;222792;3084704.63;wmix distribuidora ltda.;1935.0;03.918.609/0001-32;2018;6;7
2018-06-07;the strangers: prey at night;E1800074600000;ficção;estados unidos;55630;756954.76;diamond films do brasil produção e distribuição audiovisual ltda.;22724.0;17.095.184/0001-13;2018;6;7
2018-05-31;a superfície da sombra;B1700248900000;ficção;brasil;1178;17096.66;panda filmes ltda;941.0;04.980.287/0001-14;2018;5;31
2018-05-31;amores de chumbo;B1800089800000;ficção;brasil;2572;22443.55;elo audiovisual serviços ltda;5672.0;07.700.630/0001-18;2018;5;31
2018-05-31;dedo na ferida;B1700580400000;documentário;brasil;4724;65183.43;caliban produções cinematográficas ltda.;854.0;27.651.181/0001-72;2018;5;31
2018-05-31;i can only imagine;E1800019200000;ficção;estados unidos;253304;3729219.79;sm distribuidora de filmes ltda;11922.0;08.257.054/0001-49;2018;5;31
2018-05-31;in guerra per amore;E1800176700000;ficção;itália;3593;66303.7;circuito cinearte ltda;1083.0;01.425.583/0001-65;2018;5;31
2018-05-31;inhebek hedi;E1800184400000;ficção;bélgica;15666;253317.23;providence distribuidora de filmes ltda;12443.0;08.656.129/0001-64;2018;5;31
2018-05-31;jupiter’s moon;E1800183800000;ficção;alemanha;3912;64955.81;tag cultural distribuidora de filmes ltda;173.0;03.599.148/0001-82;2018;5;31
2018-05-31;não se aceitam devoluções;B1800010300000;ficção;brasil;292740;4182222.03;fox film do brasil ltda;256.0;33.110.420/0001-80;2018;5;31
2018-05-31;o silêncio é uma prece;B1800193400000;documentário;brasil;5613;97683.92;sm distribuidora de filmes ltda;11922.0;08.257.054/0001-49;2018;5;31
2018-05-31;paraíso perdido;B1800202100000;ficção;brasil;21598;321488.8;vitrine filmes ltda;16713.0;11.620.976/0001-83;2018;5;31
2018-05-31;sherlock gnomes;E1800076300000;animação;estados unidos;488614;7323949.64;paramount pictures brasil distribuidora de filmes ltda;169.0;27.654.722/0001-16;2018;5;31
2018-05-24;a vida extra-ordinária de tarso de castro;B1800115300000;documentário;brasil;1413;13578.29;boulevard filmes ltda;17484.0;12.126.484/0001-07;2018;5;24
2018-05-24;alguém como eu;B1800130000000;ficção;portugal;28531;402747.61;sm distribuidora de filmes ltda;11922.0;08.257.054/0001-49;2018;5;24
2018-05-24;antes que eu me esqueça;B1700306100000;ficção;brasil;16232;281853.2;wmix distribuidora ltda.;1935.0;03.918.609/0001-32;2018;5;24
2018-05-24;bitter harvest;E1800068700000;ficção;canadá;1903;31136.47;antonio fernandes filmes ltda;532.0;02.668.665/0001-01;2018;5;24
2018-05-24;eye on juliet;E1800176000000;ficção;canadá;1116;15718.27;esfera produções culturais eireli;18039.0;11.579.388/0001-43;2018;5;24
2018-05-24;han solo: a star wars story;E1800068600000;ficção;estados unidos;703153;13021670.02;the walt disney company (brasil) ltda.;18398.0;73.042.962/0001-87;2018;5;24
2018-05-24;rekvijem za gospodju j.;E1800163500000;ficção;bulgária;1872;26954.3;zeta filmes ltda;22936.0;02.469.679/0001-98;2018;5;24
2018-05-24;rio mumbai;B1700606700000;ficção;brasil;193;3340.11;copa filmes e produções artisticas ltda.;16573.0;01.386.569/0001-08;2018;5;24
2018-05-24;thirst street;E1700468700000;ficção;estados unidos;3394;56199.29;tag cultural distribuidora de filmes ltda;173.0;03.599.148/0001-82;2018;5;24
2018-05-24;tully;E1800073200000;ficção;estados unidos;35577;699949.22;diamond films do brasil produção e distribuição audiovisual ltda.;22724.0;17.095.184/0001-13;2018;5;24
2018-05-22;chega de fiu fiu;B1800184900000;documentário;brasil;1300;13390.91;parlatório produções ltda me;38699.0;08.203.131/0001-88;2018;5;22
2018-05-17;close-knit;E1800002800000;ficção;japão;8263;128957.83;lanca distribuidora de filmes ltda;25115.0;18.384.267/0001-95;2018;5;17
2018-05-17;deadpool 2;E1800015400000;ficção;estados unidos;4595784;66877126.84;fox film do brasil ltda;256.0;33.110.420/0001-80;2018;5;17
2018-05-17;em um mundo interior;B1700189700000;documentário;brasil;2364;23867.95;elo audiovisual serviços ltda;5672.0;07.700.630/0001-18;2018;5;17
2018-05-17;maya the bee movie 2 - the honey games;E1800136100000;animação;alemanha;100443;1436863.01;playarte pictures entretenimentos ltda.;443.0;00.943.231/0001-39;2018;5;17
2018-05-17;mes provinciales;E1800133800000;ficção;frança;5931;90515.02;cinematográfica distribuidora de filmes ltda;33340.0;23.391.665/0001-79;2018;5;17
2018-05-17;o processo;B1800130600000;documentário;brasil;66137;916586.7;vitrine filmes ltda;16713.0;11.620.976/0001-83;2018;5;17
2018-05-17;until the birds return;E1700412700000;ficção;frança;5113;90855.86;tag cultural distribuidora de filmes ltda;173.0;03.599.148/0001-82;2018;5;17
2018-05-10;death wish;E1700439100000;ficção;estados unidos;132403;2069104.39;wmix distribuidora ltda.;1935.0;03.918.609/0001-32;2018;5;10
2018-05-10;finding your feet;E1800090900000;ficção;reino unido;22073;378108.26;antonio fernandes filmes ltda;532.0;02.668.665/0001-01;2018;5;10
2018-05-10;game night;E1800088300000;ficção;estados unidos;198467;3236121.14;warner bros. (south) inc.;265.0;33.015.827/0001-28;2018;5;10
2018-05-10;hare krishna! the mantra, the movement and the swami who started it all;E1800136200000;documentário;estados unidos;2493;53324.31;cinecolor do brasil ltda;2631.0;05.332.959/0001-48;2018;5;10
2018-05-10;l’ombre des femmes;E1800177300000;ficção;frança;4475;71346.95;tucumán distribuidora de filmes ltda;16132.0;10.681.698/0001-01;2018;5;10
2018-05-10;marcos medeiros - codinome vampiro;B1700000300000;documentário;brasil;117;1615.14;cavideo produções comércio e locação de filmes ltda;11893.0;01.666.326/0001-15;2018;5;10
2018-05-10;o renascimento do parto 2;B1800038700000;documentário;brasil;6234;100784.93;circuito cinearte ltda;1083.0;01.425.583/0001-65;2018;5;10
2018-05-10;radiance;E1800158300000;ficção;frança;8385;131539.15;tag cultural distribuidora de filmes ltda;173.0;03.599.148/0001-82;2018;5;10
2018-05-10;todos os paulos do mundo;B1800029300000;documentário;brasil;2846;19985.85;vitrine filmes ltda;16713.0;11.620.976/0001-83;2018;5;10
2018-05-03;a ciambra;E1700467600000;ficção;brasil;7710;110503.17;providence distribuidora de filmes ltda;12443.0;08.656.129/0001-64;2018;5;3
2018-05-03;a tropa de trapo - na selva do arco-íris;B1800131200000;animação;brasil;229;1125.0;raiz distribuidora audiovisual ltda.;11792.0;08.331.280/0001-22;2018;5;3
2018-05-03;ballet bolshoi giselle;E1600279500000;vídeomusical;inglaterra;2379;70065.5;united cinemas international brasil ltda.;749.0;01.289.530/0001-64;2018;5;3
2018-05-03;gringo;E1800075900000;ficção;austrália;12388;246852.32;diamond films do brasil produção e distribuição audiovisual ltda.;22724.0;17.095.184/0001-13;2018;5;3
2018-05-03;le parc;E1800137700000;ficção;frança;658;8229.69;zeta filmes ltda;22936.0;02.469.679/0001-98;2018;5;3
2018-05-03;les fantomes d’ismaël;E1800137800000;ficção;frança;8820;141896.85;tag cultural distribuidora de filmes ltda;173.0;03.599.148/0001-82;2018;5;3
2018-05-03;paul, apostle of christ;E1800038000000;ficção;estados unidos;767548;10999922.0;columbia tristar filmes do brasil ltda;84.0;00.979.601/0001-98;2018;5;3
2018-05-03;querida mamãe;B1700332400000;ficção;brasil;1646;17576.66;elo audiovisual serviços ltda;5672.0;07.700.630/0001-18;2018;5;3
2018-05-03;teu mundo não cabe nos meus olhos;B1800124400000;ficção;brasil;14881;240190.7;sm distribuidora de filmes ltda;11922.0;08.257.054/0001-49;2018;5;3
2018-05-03;truth or dare;E1800053600000;ficção;estados unidos;496726;6881255.64;universal pictures international brazil ltda.;33787.0;24.810.280/0001-61;2018;5;3
2018-05-01;ayrton senna - o musical;B1800174600000;jornalística;brasil;1431;31031.03;cinecolor do brasil ltda;2631.0;05.332.959/0001-48;2018;5;1
2018-04-26;a cidade do futuro;B1600756100000;ficção;brasil;11786;153437.21;vitrine filmes ltda;16713.0;11.620.976/0001-83;2018;4;26
2018-04-26;avengers: infinity war;E1800067100000;ficção;estados unidos;14481596;237781779.54;the walt disney company (brasil) ltda.;18398.0;73.042.962/0001-87;2018;4;26
2018-04-26;ex-pajé;B1800001000000;documentário;brasil;9133;130030.16;gullane entretenimento s.a.;848.0;01.378.559/0001-12;2018;4;26
2018-04-26;film stars don't die in liverpool;E1800073000000;ficção;reino unido;11157;191444.47;diamond films do brasil produção e distribuição audiovisual ltda.;22724.0;17.095.184/0001-13;2018;4;26
2018-04-26;guarnieri;B1800152000000;documentário;brasil;203;774.15;mira filmes ltda - me;17344.0;04.650.621/0001-71;2018;4;26
2018-04-26;pagliacci;B1800127700000;documentário;brasil;570;7804.8;providence distribuidora de filmes ltda;12443.0;08.656.129/0001-64;2018;4;26
2018-04-26;please stand by;E1700441800000;ficção;estados unidos;17966;381953.23;wmix distribuidora ltda.;1935.0;03.918.609/0001-32;2018;4;26
2018-04-26;praça paris;B1700405200000;ficção;argentina;13348;206149.42;reserva nacional distribuidora de filmes ltda.;11868.0;08.346.733/0001-94;2018;4;26
2018-04-26;rogério duarte o tropikaoslista;B1600641100000;documentário;brasil;1338;14542.93;o2 produções artísticas e cinematográficas ltda.;63.0;67.431.718/0001-03;2018;4;26
2018-04-26;the mercy;E1800132300000;ficção;reino unido;12126;244030.24;sm distribuidora de filmes ltda;11922.0;08.257.054/0001-49;2018;4;26
2018-04-19;construindo pontes;B1700449500000;documentário;brasil;2538;24709.81;maquina filmes ltda;1191.0;81.183.527/0001-09;2018;4;19
2018-04-19;entebbe;E1800070800000;ficção;estados unidos;92344;1944624.0;diamond films do brasil produção e distribuição audiovisual ltda.;22724.0;17.095.184/0001-13;2018;4;19
2018-04-19;my blind date with life;E1700475300000;ficção;alemanha;20267;337377.05;rj distribuidora de filmes ltda;5963.0;00.146.442/0001-40;2018;4;19
2018-04-19;quase memória;B1500585400000;ficção;brasil;4188;60682.88;providence distribuidora de filmes ltda;12443.0;08.656.129/0001-64;2018;4;19
2018-04-19;submergence;E1700203900000;ficção;estados unidos;19833;422355.78;antonio fernandes filmes ltda;532.0;02.668.665/0001-01;2018;4;19
2018-04-19;the crucifixion;E1700202500000;ficção;estados unidos;307908;4448092.31;wmix distribuidora ltda.;1935.0;03.918.609/0001-32;2018;4;19
2018-04-19;the third murder;E1800112500000;ficção;japão;6597;120895.45;tag cultural distribuidora de filmes ltda;173.0;03.599.148/0001-82;2018;4;19
2018-04-19;todo clichê do amor;B1600746000000;ficção;brasil;573;10049.42;muk produções s/s ltda. me.;19985.0;13.353.285/0001-96;2018;4;19
2018-04-18;o fabuloso zé rodrix;B1800173000000;documentário;brasil;2;20.0;kompanhia teatro multimídia de são paulo;57643.0;60.740.149/0001-39;2018;4;18
2018-04-12;aos teus olhos;B1700416900000;ficção;brasil;27870;463559.59;pagu distribuicao de filmes ltda.;38312.0;29.080.317/0001-67;2018;4;12
2018-04-12;d'après une histoire vraie;E1700443200000;ficção;bélgica;37224;730833.12;sm distribuidora de filmes ltda;11922.0;08.257.054/0001-49;2018;4;12
2018-04-12;la novia del desierto;E1700601800000;ficção;argentina;6145;94436.85;tag cultural distribuidora de filmes ltda;173.0;03.599.148/0001-82;2018;4;12
2018-04-12;rampage;E1800084100000;ficção;estados unidos;1334914;21120187.63;warner bros. (south) inc.;265.0;33.015.827/0001-28;2018;4;12
2018-04-12;sanpo suru shinryakusha;E1800139000000;ficção;japão;1941;27626.98;zeta filmes ltda;22936.0;02.469.679/0001-98;2018;4;12
2018-04-12;severina;B1700414300000;ficção;brasil;13647;144302.85;vitrine filmes ltda;16713.0;11.620.976/0001-83;2018;4;12
2018-04-12;the day after;E1800074300000;ficção;coréia do sul;4906;70536.78;providence distribuidora de filmes ltda;12443.0;08.656.129/0001-64;2018;4;12
2018-04-05;1945;E1800119400000;ficção;hungria;16976;265581.39;omf servicos & consultoria ltda;28508.0;21.437.756/0001-72;2018;4;5
2018-04-05;a quiet place;E1800074200000;ficção;estados unidos;1507076;23150779.06;paramount pictures brasil distribuidora de filmes ltda;169.0;27.654.722/0001-16;2018;4;5
2018-04-05;arábia;B1700085300000;ficção;brasil;11565;161557.29;embauba filmes ltda;23638.0;15.144.532/0001-70;2018;4;5
2018-04-05;ballet bolshoi: romeo e juliet;E1600070300000;vídeomusical;rússia;2242;65014.49;united cinemas international brasil ltda.;749.0;01.289.530/0001-64;2018;4;5
2018-04-05;den of thieves;E1800015700000;ficção;estados unidos;57526;1093002.59;diamond films do brasil produção e distribuição audiovisual ltda.;22724.0;17.095.184/0001-13;2018;4;5
2018-04-05;early man;E1700600900000;animação;frança;139041;1968520.07;sm distribuidora de filmes ltda;11922.0;08.257.054/0001-49;2018;4;5
2018-04-05;em nome da américa;B1700546500000;documentário;brasil;1188;10648.4;inquieta cinema, cultura e comunicacao ltda.;29984.0;21.805.885/0001-76;2018;4;5
2018-04-05;love, simon;E1800011100000;ficção;estados unidos;320499;4907350.24;fox film do brasil ltda;256.0;33.110.420/0001-80;2018;4;5
2018-04-05;the leisure seeker;E1700487400000;ficção;frança;35652;565754.98;columbia tristar filmes do brasil ltda;84.0;00.979.601/0001-98;2018;4;5
2018-04-05;tropykaos;B1700025700000;ficção;brasil;1759;13530.96;pipa nativa produção cultural ltda;5467.0;05.933.574/0001-36;2018;4;5
2018-04-05;un saison en france;E1800095100000;ficção;frança;7047;104592.76;tag cultural distribuidora de filmes ltda;173.0;03.599.148/0001-82;2018;4;5
2018-03-29;a wrinkle in time;E1800033300000;ficção;estados unidos;153483;2515503.12;the walt disney company (brasil) ltda.;18398.0;73.042.962/0001-87;2018;3;29
2018-03-29;górgona;B1700605900000;documentário;brasil;224;4188.6;circuito cinearte ltda;1083.0;01.425.583/0001-65;2018;3;29
2018-03-29;madame;E1700587400000;ficção;frança;41403;739777.59;antonio fernandes filmes ltda;532.0;02.668.665/0001-01;2018;3;29
2018-03-29;nada a perder;B1800110100000;ficção;brasil;12173228;120873559.85;sm distribuidora de filmes ltda;11922.0;08.257.054/0001-49;2018;3;29
2018-03-29;ready player one;E1800085100000;ficção;estados unidos;1156422;20026415.68;warner bros. (south) inc.;265.0;33.015.827/0001-28;2018;3;29
2018-03-29;red trees;E1800095300000;documentário;inglaterra;1406;24853.8;erika gertrud friedrich fromm;17028.0;PESSOA FÍSICA;2018;3;29
2018-03-29;stromboli;E1800045300000;ficção;itália;3196;42809.3;zeta filmes ltda;22936.0;02.469.679/0001-98;2018;3;29
2018-03-29;un beau soleil intérieur;E1800087200000;ficção;frança;55038;908195.66;tag cultural distribuidora de filmes ltda;173.0;03.599.148/0001-82;2018;3;29
2018-03-29;zama;B1700480900000;ficção;brasil;10411;142427.41;vitrine filmes ltda;16713.0;11.620.976/0001-83;2018;3;29
2018-03-23;o jabuti e a anta;B1700090400000;documentário;brasil;202;1904.5;parlatório produções ltda me;38699.0;08.203.131/0001-88;2018;3;23
2018-03-22;all i see is you;E1800078000000;ficção;estados unidos;10370;195243.2;sm distribuidora de filmes ltda;11922.0;08.257.054/0001-49;2018;3;22
2018-03-22;escolas em luta;B1700402200000;documentário;brasil;311;2244.5;parlatório produções ltda me;38699.0;08.203.131/0001-88;2018;3;22
2018-03-22;il gattopardo;E1800127100000;ficção;itália;366;2279.0;f. j. cines ltda;310.0;61.574.109/0001-27;2018;3;22
2018-03-22;l'odyssée;E1800037800000;ficção;frança;6253;101219.62;esfera produções culturais eireli;18039.0;11.579.388/0001-43;2018;3;22
2018-03-22;la vie de chateau;E1700454200000;ficção;frança;2691;35220.62;tag cultural distribuidora de filmes ltda;173.0;03.599.148/0001-82;2018;3;22
2018-03-22;last flag flying;E1700554100000;ficção;estados unidos;16226;352312.05;wmix distribuidora ltda.;1935.0;03.918.609/0001-32;2018;3;22
2018-03-22;o caso do homem errado;B1700451600000;documentário;brasil;1207;10796.5;interagir cultural producoes cinematograficas ltda;39351.0;29.942.476/0001-23;2018;3;22
2018-03-22;pacific rim: uprising;E1800053500000;ficção;estados unidos;845743;12761852.35;universal pictures international brazil ltda.;33787.0;24.810.280/0001-61;2018;3;22
2018-03-22;peter rabbit;E1800029900000;animação;austrália;937290;12946705.85;columbia tristar filmes do brasil ltda;84.0;00.979.601/0001-98;2018;3;22
2018-03-22;soldados do araguaia;B1700539800000;documentário;brasil;1213;17600.36;urca filmes ltda;1304.0;05.256.465/0001-21;2018;3;22
2018-03-22;the bookshop;E1800066400000;ficção;alemanha;38135;591124.56;cinematográfica distribuidora de filmes ltda;33340.0;23.391.665/0001-79;2018;3;22
2018-03-20;rio do medo;B1800077300000;documentário;brasil;79;518.7;bizum comunicação ltda;1013.0;03.279.751/0001-87;2018;3;20
2018-03-16;os caubóis do apocalipse;B1700406200000;ficção;brasil;394;7020.0;pietà filmes e produções ltda epp;20926.0;14.341.183/0001-13;2018;3;16
2018-03-15;12 strong;E1800009300000;ficção;estados unidos;30930;549085.55;diamond films do brasil produção e distribuição audiovisual ltda.;22724.0;17.095.184/0001-13;2018;3;15
2018-03-15;a luta do século;B1600441200000;documentário;brasil;2710;31808.01;vitrine filmes ltda;16713.0;11.620.976/0001-83;2018;3;15
2018-03-15;ballet bolshoi the lady of the camellias;E1600279800000;vídeomusical;inglaterra;2263;63072.81;united cinemas international brasil ltda.;749.0;01.289.530/0001-64;2018;3;15
2018-03-15;híbridos, os espíritos do brasil;B1700374300000;documentário;brasil;1420;22841.08;miríade filmes e produções artísticas ltda;15977.0;11.101.993/0001-04;2018;3;15
2018-03-15;imagens do estado novo 1937-45;B1600193300000;documentário;brasil;2701;39624.62;brasil 1500 produções cinematográficas ltda;299.0;01.519.695/0001-85;2018;3;15
2018-03-15;in the fade;E1700463800000;ficção;alemanha;27768;460003.78;tag cultural distribuidora de filmes ltda;173.0;03.599.148/0001-82;2018;3;15
2018-03-15;l'amant d'un jour;E1800081500000;ficção;frança;11284;156567.86;p & m distribuidora de filmes ltda;31931.0;22.910.081/0001-08;2018;3;15
2018-03-15;mary magdalene;E1800053400000;ficção;reino unido;201281;3198096.27;universal pictures international brazil ltda.;33787.0;24.810.280/0001-61;2018;3;15
2018-03-15;o cravo e a rosa - o documentário;B1800055100000;documentário;brasil;6;70.2;kellys kelfis da silva almeida santos de abreu;38830.0;23.558.339/0001-03;2018;3;15
2018-03-15;o silêncio da noite é que tem sido testemunha das minhas amarguras;B1700159700000;documentário;brasil;794;7190.7;inquieta cinema, cultura e comunicacao ltda.;29984.0;21.805.885/0001-76;2018;3;15
2018-03-15;tomb raider;E1700619000000;ficção;estados unidos;894751;14609703.36;warner bros. (south) inc.;265.0;33.015.827/0001-28;2018;3;15
2018-03-15;western;E1700515800000;ficção;alemanha;2587;33801.66;zeta filmes ltda;22936.0;02.469.679/0001-98;2018;3;15
2018-03-08;47 meters down;E1800059700000;ficção;estados unidos;52716;719140.24;playarte pictures entretenimentos ltda.;443.0;00.943.231/0001-39;2018;3;8
2018-03-08;a imagem da tolerância;B1800033200000;documentário;brasil;671;10006.22;circuito cinearte ltda;1083.0;01.425.583/0001-65;2018;3;8
2018-03-08;daphne;E1800062700000;ficção;reino unido;3665;50852.42;omf servicos & consultoria ltda;28508.0;21.437.756/0001-72;2018;3;8
2018-03-08;number one;E1800060200000;ficção;frança;5816;89893.63;tag cultural distribuidora de filmes ltda;173.0;03.599.148/0001-82;2018;3;8
2018-03-08;os farofeiros;B1700611000000;ficção;brasil;2596209;36724093.87;freespirit distribuidora de filmes ltda.;4904.0;07.616.202/0001-01;2018;3;8
2018-03-08;santoro- o homem e sua música;B1600050100000;documentário;brasil;620;8394.64;dada' n zen produções artísticas, culturais e turismo ltda.;25356.0;40.203.424/0001-78;2018;3;8
2018-03-08;the 15:17 to paris;E1700623600000;ficção;estados unidos;35645;748738.81;warner bros. (south) inc.;265.0;33.015.827/0001-28;2018;3;8
2018-03-08;the commuter;E1800045100000;ficção;estados unidos;329596;5271734.9;wmix distribuidora ltda.;1935.0;03.918.609/0001-32;2018;3;8
2018-03-08;torquato neto - todas as horas do fim;B1700532000000;documentário;brasil;9429;73550.2;vitrine filmes ltda;16713.0;11.620.976/0001-83;2018;3;8
2018-03-08;uma espécie de família;B1700462900000;ficção;argentina;3566;50056.14;providence distribuidora de filmes ltda;12443.0;08.656.129/0001-64;2018;3;8
2018-03-01;cartas para um ladrão de livros;B1700560500000;documentário;brasil;488;3916.56;boutique filmes e produções ltda.;22631.0;16.729.130/0001-08;2018;3;1
2018-03-01;gnome alone;E1700517500000;animação;estados unidos;188036;2644660.39;wmix distribuidora ltda.;1935.0;03.918.609/0001-32;2018;3;1
2018-03-01;motorrad;B1700614000000;ficção;brasil;10493;141413.28;warner bros. (south) inc.;265.0;33.015.827/0001-28;2018;3;1
2018-03-01;para ter onde ir;B1700026000000;ficção;brasil;1737;13927.97;o2 produções artísticas e cinematográficas ltda.;63.0;67.431.718/0001-03;2018;3;1
2018-03-01;piripkura;B1700242100000;documentário;brasil;956;17771.78;synapse brazil licenciamento de direitos audiovisuais ltda;277.0;02.185.369/0001-41;2018;3;1
2018-03-01;red sparrow;E1800012100000;ficção;estados unidos;340989;6101409.67;fox film do brasil ltda;256.0;33.110.420/0001-80;2018;3;1
2018-03-01;the florida project;E1700559200000;ficção;estados unidos;25889;433508.63;diamond films do brasil produção e distribuição audiovisual ltda.;22724.0;17.095.184/0001-13;2018;3;1
2018-03-01;todas as razões para esquecer;B1700428100000;ficção;brasil;2305;35918.04;bretz filmes distribuidora e produtora ltda - epp;19243.0;39.079.678/0001-47;2018;3;1
2018-03-01;une vie ailleurs;E1700471600000;ficção;frança;3515;48476.93;bonfilm produção e distribuição audiovisual ltda;14462.0;10.383.039/0001-99;2018;3;1
2018-03-01;winchester;E1800009900000;ficção;austrália;732494;10333733.13;sm distribuidora de filmes ltda;11922.0;08.257.054/0001-49;2018;3;1
2018-02-28;garimpeiros do voto;B1700529800000;documentário;brasil;75;327.6;bizum comunicação ltda;1013.0;03.279.751/0001-87;2018;2;28
2018-02-22;downsizing;E1700453500000;ficção;estados unidos;117369;1886070.18;paramount pictures brasil distribuidora de filmes ltda;169.0;27.654.722/0001-16;2018;2;22
2018-02-22;mi amiga del parque;E1700606200000;ficção;argentina;2053;29129.0;miríade filmes e produções artísticas ltda;15977.0;11.101.993/0001-04;2018;2;22
2018-02-22;molly's game;E1700496900000;ficção;estados unidos;75815;1296762.88;diamond films do brasil produção e distribuição audiovisual ltda.;22724.0;17.095.184/0001-13;2018;2;22
2018-02-22;paulistas;B1700590500000;documentário;brasil;1089;7226.85;vitrine filmes ltda;16713.0;11.620.976/0001-83;2018;2;22
2018-02-22;phantom thread;E1700554600000;ficção;estados unidos;112750;2198815.43;universal pictures international brazil ltda.;33787.0;24.810.280/0001-61;2018;2;22
2018-02-17;ballet bolshoi: le corsaire;E1700529600000;vídeomusical;inglaterra;898;26195.86;united cinemas international brasil ltda.;749.0;01.289.530/0001-64;2018;2;17
2018-02-15;antes do fim;B1700331900000;ficção;brasil;1245;11054.67;bela filmes produções ltda me;18625.0;13.359.654/0001-58;2018;2;15
2018-02-15;black panther;E1700512400000;ficção;estados unidos;7435685;120949827.52;the walt disney company (brasil) ltda.;18398.0;73.042.962/0001-87;2018;2;15
2018-02-15;i, tonya;E1700586200000;ficção;estados unidos;52413;903427.0;antonio fernandes filmes ltda;532.0;02.668.665/0001-01;2018;2;15
2018-02-15;lady bird;E1700591400000;ficção;estados unidos;103442;1852673.91;universal pictures international brazil ltda.;33787.0;24.810.280/0001-61;2018;2;15
2018-02-15;mudbound;E1700588300000;ficção;estados unidos;11975;171328.33;diamond films do brasil produção e distribuição audiovisual ltda.;22724.0;17.095.184/0001-13;2018;2;15
2018-02-15;stronger;E1700442000000;ficção;estados unidos;12492;228080.29;sm distribuidora de filmes ltda;11922.0;08.257.054/0001-49;2018;2;15
2018-02-15;three billboards outside ebbing, missouri;E1700443900000;ficção;estados unidos;388425;7318793.2;fox film do brasil ltda;256.0;33.110.420/0001-80;2018;2;15
2018-02-08;fifty shades freed;E1700536700000;ficção;estados unidos;4325693;64367265.24;universal pictures international brazil ltda.;33787.0;24.810.280/0001-61;2018;2;8
2018-02-08;loveless;E1700470500000;ficção;frança;15042;233528.82;columbia tristar filmes do brasil ltda;84.0;00.979.601/0001-98;2018;2;8
2018-02-08;the insult;E1700542500000;ficção;líbano;48184;758485.34;tag cultural distribuidora de filmes ltda;173.0;03.599.148/0001-82;2018;2;8
2018-02-08;the killing of a sacred deer;E1700566400000;ficção;irlanda;13643;223537.72;diamond films do brasil produção e distribuição audiovisual ltda.;22724.0;17.095.184/0001-13;2018;2;8
2018-02-08;the little vampire 3d;E1700626500000;animação;dinamarca;119554;1676299.65;playarte pictures entretenimentos ltda.;443.0;00.943.231/0001-39;2018;2;8
2018-02-08;à bout de souffle;E1500675600000;ficção;frança;4569;50352.16;zeta filmes ltda;22936.0;02.469.679/0001-98;2018;2;8
2018-02-01;all the money in the world;E1700483800000;ficção;estados unidos;131345;2258680.21;diamond films do brasil produção e distribuição audiovisual ltda.;22724.0;17.095.184/0001-13;2018;2;1
2018-02-01;go home;E1800027900000;ficção;frança;1244;15746.76;esfera produções culturais eireli;18039.0;11.579.388/0001-43;2018;2;1
2018-02-01;paddington 2;E1700540700000;animação;frança;274083;3830843.99;wmix distribuidora ltda.;1935.0;03.918.609/0001-32;2018;2;1
2018-02-01;the shape of water;E1700442300000;ficção;estados unidos;863371;15264747.67;fox film do brasil ltda;256.0;33.110.420/0001-80;2018;2;1
2018-02-01;the shape of water;E1700442300000;ficção;estados unidos;13;26.0;the walt disney company (brasil) ltda.;18398.0;73.042.962/0001-87;2018;2;1
2018-01-25;a repartição do tempo;B1600543700000;ficção;brasil;2515;34804.63;o2 produções artísticas e cinematográficas ltda.;63.0;67.431.718/0001-03;2018;1;25
2018-01-25;disaster artist;E1700482700000;ficção;estados unidos;8237;158036.69;warner bros. (south) inc.;265.0;33.015.827/0001-28;2018;1;25
2018-01-25;help, i shrunk my teacher;E1700172900000;ficção;alemanha;23304;306322.8;rj distribuidora de filmes ltda;5963.0;00.146.442/0001-40;2018;1;25
2018-01-25;maze runner: the death cure;E1800020400000;ficção;estados unidos;1443217;22652749.36;fox film do brasil ltda;256.0;33.110.420/0001-80;2018;1;25
2018-01-25;peixonauta: o filme;B1700011500000;animação;brasil;22144;300329.17;distribuidora de filmes s/a riofilme;105.0;68.610.302/0001-15;2018;1;25
2018-01-25;the post;E1700535100000;ficção;estados unidos;471063;9162787.51;universal pictures international brazil ltda.;33787.0;24.810.280/0001-61;2018;1;25
2018-01-25;visages villages;E1700608800000;documentário;frança;18078;247723.69;p & m distribuidora de filmes ltda;31931.0;22.910.081/0001-08;2018;1;25
2018-01-25;wonderstruck;E1700542900000;ficção;estados unidos;4688;67645.18;h20 produções ltda;24619.0;18.351.980/0001-32;2018;1;25
2018-01-18;call me by your name;E1700458100000;ficção;brasil;174028;3002762.55;columbia tristar filmes do brasil ltda;84.0;00.979.601/0001-98;2018;1;18
2018-01-18;como você me vê?;B1700416600000;documentário;brasil;167;2304.97;bond's producoes artisticas e culturais ltda.;28525.0;17.482.546/0001-29;2018;1;18
2018-01-18;father figures;E1700599500000;ficção;estados unidos;100159;1552208.11;sm distribuidora de filmes ltda;11922.0;08.257.054/0001-49;2018;1;18
2018-01-18;gaby estrella;B1600754000000;ficção;brasil;37679;506245.24;freespirit distribuidora de filmes ltda.;4904.0;07.616.202/0001-01;2018;1;18
2018-01-18;insidious: the last key;E1600701100000;ficção;estados unidos;1067205;15098705.2;columbia tristar filmes do brasil ltda;84.0;00.979.601/0001-98;2018;1;18
2018-01-18;pela janela;B1700088100000;ficção;argentina;5251;38357.8;vitrine filmes ltda;16713.0;11.620.976/0001-83;2018;1;18
2018-01-18;saudade;B1700508700000;documentário;brasil;1958;30544.55;99 producoes artisticas ltda;14735.0;08.991.631/0001-21;2018;1;18
2018-01-18;saudade;B1700508700000;documentário;brasil;2286;31829.55;lira filmes produções ltda me;28406.0;21.054.261/0001-64;2018;1;18
2018-01-18;the wound;E1700618500000;ficção;áfrica do sul;4300;56382.49;zeta filmes ltda;22936.0;02.469.679/0001-98;2018;1;18
2018-01-11;a taxi driver;E1700516800000;ficção;coréia do sul;2234;35010.38;antonio fernandes filmes ltda;532.0;02.668.665/0001-01;2018;1;11
2018-01-11;darkest hour;E1700535000000;ficção;reino unido;409014;8322315.18;universal pictures international brazil ltda.;33787.0;24.810.280/0001-61;2018;1;11
2018-01-11;el pacto de adriana;E1700613800000;documentário;chile;1465;14362.45;f. j. cines ltda;310.0;61.574.109/0001-27;2018;1;11
2018-01-11;ferdinand;E1700322100000;animação;estados unidos;3446062;47121485.87;fox film do brasil ltda;256.0;33.110.420/0001-80;2018;1;11
2018-01-11;lou (2016);E1700564100000;ficção;alemanha;44763;648475.75;cinematográfica distribuidora de filmes ltda;33340.0;23.391.665/0001-79;2018;1;11
2018-01-11;sailing band;B1700581200000;documentário;brasil;130;2608.68;sm distribuidora de filmes ltda;11922.0;08.257.054/0001-49;2018;1;11
2018-01-11;the foreigner;E1700464500000;ficção;china;84880;1220011.9;diamond films do brasil produção e distribuição audiovisual ltda.;22724.0;17.095.184/0001-13;2018;1;11
2018-01-04;120 battements par minute;E1700453800000;ficção;frança;16931;225808.5;tag cultural distribuidora de filmes ltda;173.0;03.599.148/0001-82;2018;1;4
2018-01-04;coco;E1700453400000;animação;estados unidos;1968198;30389390.89;the walt disney company (brasil) ltda.;18398.0;73.042.962/0001-87;2018;1;4
2018-01-04;graduate, the;E1402602600000;ficção;estados unidos;3871;45847.46;zeta filmes ltda;22936.0;02.469.679/0001-98;2018;1;4
2018-01-04;jumanji: welcome to the jungle;E1500756400000;ficção;estados unidos;4974928;77438790.84;columbia tristar filmes do brasil ltda;84.0;00.979.601/0001-98;2018;1;4
2018-01-04;the square;E1700582400000;ficção;frança;46223;717001.85;providence distribuidora de filmes ltda;12443.0;08.656.129/0001-64;2018;1;4
2017-12-28;birth of the dragon;E1700438800000;ficção;canadá;47653;640694.58;wmix distribuidora ltda.;1935.0;03.918.609/0001-32;2017;12;28
2017-12-28;bye bye jaqueline;B1600737300000;ficção;brasil;516;5899.37;lanca distribuidora de filmes ltda;25115.0;18.384.267/0001-95;2017;12;28
2017-12-28;fala sério, mãe!;B1700552000000;ficção;brasil;2910050;38814511.85;freespirit distribuidora de filmes ltda.;4904.0;07.616.202/0001-01;2017;12;28
2017-12-28;the paris opera;E1700468200000;documentário;frança;3822;61022.95;tag cultural distribuidora de filmes ltda;173.0;03.599.148/0001-82;2017;12;28
2017-12-28;the young karl marx;E1700517900000;ficção;alemanha;36849;556691.22;antonio fernandes filmes ltda;532.0;02.668.665/0001-01;2017;12;28
2017-12-28;wonder wheel;E1700498100000;ficção;estados unidos;157163;2956486.24;wmix distribuidora ltda.;1935.0;03.918.609/0001-32;2017;12;28
2017-12-25;the greatest showman;E1700321800000;ficção;estados unidos;594574;9797038.4;fox film do brasil ltda;256.0;33.110.420/0001-80;2017;12;25
2017-12-25;the greatest showman;E1700321800000;ficção;estados unidos;51;2610.0;the walt disney company (brasil) ltda.;18398.0;73.042.962/0001-87;2017;12;25
2017-12-21;c'est la vie;E1700487600000;ficção;frança;19388;307122.74;sm distribuidora de filmes ltda;11922.0;08.257.054/0001-49;2017;12;21
2017-12-21;jeune femme;E1700522000000;ficção;frança;5607;76780.01;zeta filmes ltda;22936.0;02.469.679/0001-98;2017;12;21
2017-12-21;suburbicon;E1700487000000;ficção;estados unidos;29940;516239.6;diamond films do brasil produção e distribuição audiovisual ltda.;22724.0;17.095.184/0001-13;2017;12;21
2017-12-21;tadeo jones 2: el secreto del rey midas;E1700503600000;animação;espanha;343596;4629826.69;paramount pictures brasil distribuidora de filmes ltda;169.0;27.654.722/0001-16;2017;12;21
2017-12-21;teströl és lélekröl;E1700453900000;ficção;hungria;21290;321544.22;tag cultural distribuidora de filmes ltda;173.0;03.599.148/0001-82;2017;12;21
2017-12-21;todas as meninas reunidas vamos lá;B1700581500000;documentário;brasil;328;4707.48;sm distribuidora de filmes ltda;11922.0;08.257.054/0001-49;2017;12;21
2017-12-14;6 below: miracle on the mountain;E1700487100000;ficção;estados unidos;17236;274981.92;wmix distribuidora ltda.;1935.0;03.918.609/0001-32;2017;12;14
2017-12-14;ballet bolshoi: nutcracker;E1600070200000;vídeomusical;rússia;4574;133258.62;united cinemas international brasil ltda.;749.0;01.289.530/0001-64;2017;12;14
2017-12-14;cora coralina - todas as vidas;B1500559900000;documentário;brasil;7040;97644.47;tucumán distribuidora de filmes ltda;16132.0;10.681.698/0001-01;2017;12;14
2017-12-14;coragem! as muitas vidas do cardeal dom paulo evaristo arns;B1700537400000;documentário;brasil;1101;16427.71;tvmeioambiente produção e comunicação ltda;20873.0;14.670.660/0001-94;2017;12;14
2017-12-14;die göttliche ordnung;E1700506000000;ficção;suíça;8661;116854.75;mares filmes eireli;6418.0;07.257.887/0001-47;2017;12;14
2017-12-14;jesus - a esperança;B1700447200000;ficção;brasil;2180;23575.07;moro comunicacao ltda;5224.0;03.827.382/0001-10;2017;12;14
2017-12-14;lumiére!;E1700540500000;documentário;frança;5947;82126.57;tag cultural distribuidora de filmes ltda;173.0;03.599.148/0001-82;2017;12;14
2017-12-14;macaco tião - o candidato do povo;B1700051900000;documentário;brasil;76;850.8;pipa nativa produção cultural ltda;5467.0;05.933.574/0001-36;2017;12;14
2017-12-14;professor marston and the wonder women;E1700486500000;ficção;estados unidos;4574;77343.23;columbia tristar filmes do brasil ltda;84.0;00.979.601/0001-98;2017;12;14
2017-12-14;santo amaro era skatista;B1700499500000;documentário;brasil;33;132.0;tres tempos filmes ltda;335.0;00.360.459/0001-04;2017;12;14
2017-12-14;silêncio no estúdio;B1700602500000;documentário;brasil;286;3240.86;modo operante produções culturais ltda. me;2719.0;06.992.833/0001-62;2017;12;14
2017-12-14;star wars: the last jedi;E1700454000000;ficção;estados unidos;3509695;63335267.04;the walt disney company (brasil) ltda.;18398.0;73.042.962/0001-87;2017;12;14
2017-12-14;tudo é projeto;B1700477000000;documentário;brasil;588;9435.11;olé produções ltda;15892.0;09.019.897/0001-70;2017;12;14
2017-12-07;a bad moms christmas;E1700460300000;ficção;estados unidos;38920;528209.53;diamond films do brasil produção e distribuição audiovisual ltda.;22724.0;17.095.184/0001-13;2017;12;7
2017-12-07;altas expectativas;B1700162000000;ficção;brasil;6696;92334.69;vitrine filmes ltda;16713.0;11.620.976/0001-83;2017;12;7
2017-12-07;corpo delito;B1700181500000;documentário;brasil;1447;9863.31;vitrine filmes ltda;16713.0;11.620.976/0001-83;2017;12;7
2017-12-07;encantados;B1402707600000;ficção;brasil;6911;81633.22;distribuidora de filmes s/a riofilme;105.0;68.610.302/0001-15;2017;12;7
2017-12-07;estiu 1993;E1700549100000;ficção;espanha;12165;172694.69;omf servicos & consultoria ltda;28508.0;21.437.756/0001-72;2017;12;7
2017-12-07;in search of fellini;E1700499800000;ficção;estados unidos;6730;95290.1;cinematográfica distribuidora de filmes ltda;33340.0;23.391.665/0001-79;2017;12;7
2017-12-07;lucky;E1700534300000;ficção;estados unidos;10143;143088.1;tag cultural distribuidora de filmes ltda;173.0;03.599.148/0001-82;2017;12;7
2017-12-07;the only living boy in new york;E1700543000000;ficção;estados unidos;3617;70247.82;h20 produções ltda;24619.0;18.351.980/0001-32;2017;12;7
2017-12-07;wonder;E1700451500000;ficção;estados unidos;6689105;94463341.53;sm distribuidora de filmes ltda;11922.0;08.257.054/0001-49;2017;12;7
2017-12-02;thomas journey sodor;E1700553900000;animação;reino unido;874;8381.88;cinepolis operadora de cinemas do brasil ltda;17266.0;09.652.820/0001-32;2017;12;2
2017-11-30;#screamers;E1700444000000;ficção;estados unidos;714;9437.45;cinematográfica distribuidora de filmes ltda;33340.0;23.391.665/0001-79;2017;11;30
2017-11-30;antes o tempo não acabava;B1600245600000;ficção;brasil;1779;19693.81;livres distribuidora de audivisual ltda me;21870.0;15.263.576/0001-19;2017;11;30
2017-11-30;cromossomo 21;B1600754800000;ficção;brasil;4817;63480.11;alex pires duarte;34335.0;PESSOA FÍSICA;2017;11;30
2017-11-30;jigsaw;E1700451200000;ficção;canadá;639077;8671529.56;sm distribuidora de filmes ltda;11922.0;08.257.054/0001-49;2017;11;30
2017-11-30;lamparina da aurora;B1600764800000;ficção;brasil;2115;15437.6;frederico da cruz machado - me;11990.0;03.553.092/0001-25;2017;11;30
2017-11-30;loving vincent;E1700463500000;animação;estados unidos;128051;1978276.05;cannes produções s/a;2250.0;72.672.017/0001-04;2017;11;30
2017-11-30;meu corpo é político;B1700050700000;documentário;brasil;2308;19745.42;olhar distribuicao de filmes ltda;37242.0;28.083.221/0001-90;2017;11;30
2017-11-30;murder on the orient express;E1700321900000;ficção;estados unidos;1103529;18816707.47;fox film do brasil ltda;256.0;33.110.420/0001-80;2017;11;30
2017-11-30;os parças;B1700503500000;ficção;brasil;1585341;21546621.67;freespirit distribuidora de filmes ltda.;4904.0;07.616.202/0001-01;2017;11;30
2017-11-30;patti cake$;E1700491700000;ficção;estados unidos;451;6700.2;us one comércio e serviços de criação e produção de obras com direitos autorais ltda;15543.0;10.552.344/0001-67;2017;11;30
2017-11-30;the star;E1700366100000;animação;estados unidos;484632;6065544.54;columbia tristar filmes do brasil ltda;84.0;00.979.601/0001-98;2017;11;30
2017-11-30;thelma;E1700505800000;ficção;dinamarca;6906;98147.83;mares filmes eireli;6418.0;07.257.887/0001-47;2017;11;30
2017-11-30;todos;B1700498000000;documentário;brasil;93;665.0;accorde filmes ltda.;1403.0;05.270.790/0001-49;2017;11;30
2017-11-30;yvone kane;B1402296700000;ficção;brasil;162;2424.19;bretz filmes distribuidora e produtora ltda - epp;19243.0;39.079.678/0001-47;2017;11;30
2017-11-28;10 centavos para o número da besta;B1700538300000;documentário;brasil;7;63.0;ponto de equilibrio eventos e imagem eireli;13831.0;09.202.111/0001-55;2017;11;28
2017-11-23;a filosofia na alcova;B1700505300000;ficção;brasil;2691;36380.86;ivam cabral producoes - me;34282.0;04.381.041/0001-26;2017;11;23
2017-11-23;barrage;E1700467800000;ficção;bélgica;2684;37366.87;providence distribuidora de filmes ltda;12443.0;08.656.129/0001-64;2017;11;23
2017-11-23;daddy's home 2;E1700496000000;ficção;estados unidos;446484;6230103.25;paramount pictures brasil distribuidora de filmes ltda;169.0;27.654.722/0001-16;2017;11;23
2017-11-23;gabeira;B1700524700000;documentário;brasil;1638;19889.08;de felippes filmes e produções ltda;7128.0;08.427.088/0001-34;2017;11;23
2017-11-23;las toninas van al este;E1700393600000;ficção;argentina;695;7442.7;okna produções culturais ltda;11871.0;08.267.476/0001-03;2017;11;23
2017-11-23;lola pater;E1700438600000;ficção;bélgica;9252;130846.37;tag cultural distribuidora de filmes ltda;173.0;03.599.148/0001-82;2017;11;23
2017-11-23;lygia, uma escritora brasileira;B1700268100000;documentário;brasil;784;11842.49;fund pe anchieta centro paulista radio e tv educativas;1125.0;61.914.891/0001-86;2017;11;23
2017-11-23;naze ikiru - rennyo shonin to yoshizaki enjo;E1700465900000;animação;japão;9839;117761.53;circuito cinearte ltda;1083.0;01.425.583/0001-65;2017;11;23
2017-11-23;ninguém está olhando;B1700396100000;ficção;argentina;7493;105228.8;vitrine filmes ltda;16713.0;11.620.976/0001-83;2017;11;23
2017-11-23;não devore meu coração;B1700386400000;ficção;brasil;7923;108221.24;tucumán distribuidora de filmes ltda;16132.0;10.681.698/0001-01;2017;11;23
2017-11-23;quando o galo cantar pela terceira vez renegarás tua mãe;B1700422800000;ficção;brasil;139;1865.0;elo audiovisual serviços ltda;5672.0;07.700.630/0001-18;2017;11;23
2017-11-23;rúcula com tomate seco;B1700062100000;ficção;brasil;401;3680.01;freespirit distribuidora de filmes ltda.;4904.0;07.616.202/0001-01;2017;11;23
2017-11-23;the snowman;E1700346800000;ficção;reino unido;45378;950833.0;universal pictures international brazil ltda.;33787.0;24.810.280/0001-61;2017;11;23
2017-11-23;the villainess;E1700440500000;ficção;coréia do sul;4626;81478.28;sm distribuidora de filmes ltda;11922.0;08.257.054/0001-49;2017;11;23
2017-11-16;amori che non sanno stare al mondo;E1700463900000;ficção;itália;14634;207145.66;mares filmes eireli;6418.0;07.257.887/0001-47;2017;11;16
2017-11-16;belle de jour;E1700492900000;ficção;frança;4566;59839.11;zeta filmes ltda;22936.0;02.469.679/0001-98;2017;11;16
2017-11-16;blow-up;E1600672700000;ficção;estados unidos;8738;115612.72;zeta filmes ltda;22936.0;02.469.679/0001-98;2017;11;16
2017-11-16;breathe;E1700443000000;ficção;reino unido;33906;614650.71;diamond films do brasil produção e distribuição audiovisual ltda.;22724.0;17.095.184/0001-13;2017;11;16
2017-11-16;colo;E1700484800000;ficção;frança;1339;17220.17;zeta filmes ltda;22936.0;02.469.679/0001-98;2017;11;16
2017-11-16;l'atelier;E1700525300000;ficção;frança;4349;62857.16;esfera produções culturais eireli;18039.0;11.579.388/0001-43;2017;11;16
2017-11-16;maria - não esqueça que eu venho dos trópicos;B1700248200000;documentário;brasil;1014;12363.95;providence distribuidora de filmes ltda;12443.0;08.656.129/0001-64;2017;11;16
2017-11-16;on yoga - arquitetura da paz;B1700455300000;documentário;brasil;13384;234474.85;bretz filmes distribuidora e produtora ltda - epp;19243.0;39.079.678/0001-47;2017;11;16
2017-11-16;para além da curva da estrada;B1700533700000;documentário;brasil;17;240.0;o2 produções artísticas e cinematográficas ltda.;63.0;67.431.718/0001-03;2017;11;16
2017-11-16;qualcosa di nuovo;E1700503800000;ficção;itália;3552;59262.65;circuito cinearte ltda;1083.0;01.425.583/0001-65;2017;11;16
2017-11-16;the human flow;E1700469100000;documentário;alemanha;4186;66324.05;sm distribuidora de filmes ltda;11922.0;08.257.054/0001-49;2017;11;16
2017-11-16;victoria and abdul;E1700346900000;ficção;estados unidos;107747;2150281.5;universal pictures international brazil ltda.;33787.0;24.810.280/0001-61;2017;11;16
2017-11-15;justice league;E1700482600000;ficção;estados unidos;8598147;135062823.28;warner bros. (south) inc.;265.0;33.015.827/0001-28;2017;11;15
2017-11-09;an inconvenient sequel: truth to power;E1700418300000;documentário;estados unidos;2907;60078.5;paramount pictures brasil distribuidora de filmes ltda;169.0;27.654.722/0001-16;2017;11;9
2017-11-09;aqualoucos;B1700255500000;documentário;brasil;118;2238.32;sm distribuidora de filmes ltda;11922.0;08.257.054/0001-49;2017;11;9
2017-11-09;borg/mcenroe;E1700418200000;ficção;dinamarca;7494;136824.43;omf servicos & consultoria ltda;28508.0;21.437.756/0001-72;2017;11;9
2017-11-09;cinemagia - a história das videolocadoras de são paulo;B1700410600000;documentário;brasil;193;3370.0;a. r. de oliveira producao de video - me;33148.0;14.222.298/0001-99;2017;11;9
2017-11-09;gosto se discute;B1700454300000;ficção;brasil;169485;2400978.15;wmix distribuidora ltda.;1935.0;03.918.609/0001-32;2017;11;9
2017-11-09;invisível;B1700381100000;ficção;argentina;9610;80562.4;vitrine filmes ltda;16713.0;11.620.976/0001-83;2017;11;9
2017-11-09;no intenso agora;B1700133700000;documentário;brasil;19205;282516.92;videofilmes produções artística ltda;276.0;31.179.864/0001-46;2017;11;9
2017-11-09;olhando para as estrelas;B1700482200000;documentário;brasil;594;8672.0;elo audiovisual serviços ltda;5672.0;07.700.630/0001-18;2017;11;9
2017-11-09;toivon tuolla puolen;E1700507600000;ficção;alemanha;15690;244803.53;tag cultural distribuidora de filmes ltda;173.0;03.599.148/0001-82;2017;11;9
2017-11-09;un profil pour deux;E1700225800000;ficção;alemanha;26927;438416.4;sm distribuidora de filmes ltda;11922.0;08.257.054/0001-49;2017;11;9
2017-11-09;vazante;B1700051600000;ficção;portugal;10178;148150.37;cannes produções s/a;2250.0;72.672.017/0001-04;2017;11;9
2017-11-07;pearl jam - let’s play two;E1700473800000;vídeomusical;estados unidos;2498;61112.5;cinemark brasil s.a;1843.0;00.779.721/0001-41;2017;11;7
2017-11-05;pokémon the movie: i choose you!;E1700491800000;animação;japão;43813;716260.14;cinecolor do brasil ltda;2631.0;05.332.959/0001-48;2017;11;5
2017-11-02;aftermath;E1700265100000;ficção;estados unidos;8740;134350.86;h20 produções ltda;24619.0;18.351.980/0001-32;2017;11;2
2017-11-02;brad´s status;E1700441400000;ficção;estados unidos;38939;775564.11;wmix distribuidora ltda.;1935.0;03.918.609/0001-32;2017;11;2
2017-11-02;desierto;E1700493700000;ficção;frança;4992;74416.74;esfera produções culturais eireli;18039.0;11.579.388/0001-43;2017;11;2
2017-11-02;dona flor e seus dois maridos;B1700477300000;ficção;brasil;46640;640772.54;freespirit distribuidora de filmes ltda.;4904.0;07.616.202/0001-01;2017;11;2
2017-11-02;gabriel e a montanha;B1700305400000;ficção;frança;42167;698060.53;bretz filmes distribuidora e produtora ltda - epp;19243.0;39.079.678/0001-47;2017;11;2
2017-11-02;historietas assombradas - o filme;B1700339700000;animação;brasil;34931;474638.76;vitrine filmes ltda;16713.0;11.620.976/0001-83;2017;11;2
2017-11-02;nevesta;E1700469200000;ficção;rússia;315730;4373915.28;sm distribuidora de filmes ltda;11922.0;08.257.054/0001-49;2017;11;2
2017-11-02;the mountain between us;E1700317500000;ficção;estados unidos;436546;7763084.0;fox film do brasil ltda;256.0;33.110.420/0001-80;2017;11;2
2017-11-02;the son of bigfoot;E1700444500000;animação;bélgica;307319;4233816.66;wmix distribuidora ltda.;1935.0;03.918.609/0001-32;2017;11;2
2017-11-02;wind river;E1700328000000;ficção;canadá;38697;758590.69;antonio fernandes filmes ltda;532.0;02.668.665/0001-01;2017;11;2
2017-10-26;le redoubtable;E1700453600000;ficção;frança;20651;308143.61;tag cultural distribuidora de filmes ltda;173.0;03.599.148/0001-82;2017;10;26
2017-10-26;manifesto;E1700465000000;ficção;alemanha;15579;240658.84;mares filmes eireli;6418.0;07.257.887/0001-47;2017;10;26
2017-10-26;mark felt;E1700441900000;ficção;estados unidos;32028;695557.09;diamond films do brasil produção e distribuição audiovisual ltda.;22724.0;17.095.184/0001-13;2017;10;26
2017-10-26;pelé: the birth of a legend;E1600444200000;ficção;estados unidos;2794;47110.83;cannes produções s/a;2250.0;72.672.017/0001-04;2017;10;26
2017-10-26;richard the stork;E1700455600000;animação;alemanha;71018;956022.16;playarte pictures entretenimentos ltda.;443.0;00.943.231/0001-39;2017;10;26
2017-10-26;thor: ragnarok;E1700229600000;ficção;estados unidos;6360139;99767907.61;the walt disney company (brasil) ltda.;18398.0;73.042.962/0001-87;2017;10;26
2017-10-19;a comédia divina;B1600439300000;ficção;brasil;45963;654400.89;wmix distribuidora ltda.;1935.0;03.918.609/0001-32;2017;10;19
2017-10-19;ballet bolshoi the taming of the shrew;E1600281600000;vídeomusical;inglaterra;1553;45363.5;united cinemas international brasil ltda.;749.0;01.289.530/0001-64;2017;10;19
2017-10-19;battle of the sexes;E1700458400000;ficção;estados unidos;16301;335788.0;fox film do brasil ltda;256.0;33.110.420/0001-80;2017;10;19
2017-10-19;flatliners;E1700364000000;ficção;estados unidos;241170;3206963.33;columbia tristar filmes do brasil ltda;84.0;00.979.601/0001-98;2017;10;19
2017-10-19;geostorm;E1700439400000;ficção;estados unidos;908584;14428071.61;warner bros. (south) inc.;265.0;33.015.827/0001-28;2017;10;19
2017-10-19;good time;E1700440200000;ficção;estados unidos;14584;234632.01;sm distribuidora de filmes ltda;11922.0;08.257.054/0001-49;2017;10;19
2017-10-19;home again;E1700370700000;ficção;estados unidos;46581;774517.58;h20 produções ltda;24619.0;18.351.980/0001-32;2017;10;19
2017-10-19;new life;E1700280800000;ficção;estados unidos;10692;139105.68;cinematográfica distribuidora de filmes ltda;33340.0;23.391.665/0001-79;2017;10;19
2017-10-19;the big sick;E1700408300000;ficção;estados unidos;10414;192973.0;antonio fernandes filmes ltda;532.0;02.668.665/0001-01;2017;10;19
2017-10-12;a menina índigo;B1700428000000;ficção;brasil;41967;583354.91;film connection distribuidora de filmes ltda;5587.0;07.819.481/0001-00;2017;10;12
2017-10-12;captain underpants: the first epic movie;E1700180000000;animação;estados unidos;566526;8641755.93;fox film do brasil ltda;256.0;33.110.420/0001-80;2017;10;12
2017-10-12;como se tornar o pior aluno da escola;B1700386500000;ficção;brasil;506412;6850270.39;sm distribuidora de filmes ltda;11922.0;08.257.054/0001-49;2017;10;12
2017-10-12;detroit;E1700439300000;ficção;estados unidos;10372;198348.63;wmix distribuidora ltda.;1935.0;03.918.609/0001-32;2017;10;12
2017-10-12;el amparo;E1700467900000;ficção;venezuela;884;9783.57;providence distribuidora de filmes ltda;12443.0;08.656.129/0001-64;2017;10;12
2017-10-12;entre irmãs;B1700466900000;ficção;brasil;58892;947379.45;columbia tristar filmes do brasil ltda;84.0;00.979.601/0001-98;2017;10;12
2017-10-12;happy death day;E1700346500000;ficção;estados unidos;1007713;13638226.5;universal pictures international brazil ltda.;33787.0;24.810.280/0001-61;2017;10;12
2017-10-12;logan lucky;E1700401000000;ficção;estados unidos;17443;363701.47;diamond films do brasil produção e distribuição audiovisual ltda.;22724.0;17.095.184/0001-13;2017;10;12
2017-10-12;phantom boy;E1600489300000;animação;bélgica;191;2711.04;tag cultural distribuidora de filmes ltda;173.0;03.599.148/0001-82;2017;10;12
2017-10-12;the attorney;E1700219600000;ficção;coréia do sul;114;2127.64;contents 360 audiovisual ltda.;27376.0;20.064.533/0001-44;2017;10;12
2017-10-05;bamui haebyun-eoseo honja;E1700453200000;ficção;alemanha;4328;48679.68;zeta filmes ltda;22936.0;02.469.679/0001-98;2017;10;5
2017-10-05;blade runner 2049;E1700363300000;ficção;estados unidos;905004;17155861.17;columbia tristar filmes do brasil ltda;84.0;00.979.601/0001-98;2017;10;5
2017-10-05;chocante;B1700422600000;ficção;brasil;155063;2199472.96;wmix distribuidora ltda.;1935.0;03.918.609/0001-32;2017;10;5
2017-10-05;churchill;E1700408800000;ficção;reino unido;35662;698108.91;antonio fernandes filmes ltda;532.0;02.668.665/0001-01;2017;10;5
2017-10-05;les grand esprits;E1700439600000;ficção;frança;21793;318126.21;tag cultural distribuidora de filmes ltda;173.0;03.599.148/0001-82;2017;10;5
2017-10-05;mulholland dr.;E1700486000000;ficção;estados unidos;24252;402034.33;retrato filmes ltda;40992.0;31.296.141/0001-27;2017;10;5
2017-10-05;mulholland dr.;E1700486000000;ficção;estados unidos;5141;62272.16;zeta filmes ltda;22936.0;02.469.679/0001-98;2017;10;5
2017-10-05;my little pony - the movie;E1700408400000;animação;canadá;134410;1795023.19;sm distribuidora de filmes ltda;11922.0;08.257.054/0001-49;2017;10;5
2017-10-05;rock'n roll;E1700280200000;ficção;frança;4097;60225.81;mares filmes eireli;6418.0;07.257.887/0001-47;2017;10;5
2017-10-05;woody woodpecker;E1700347000000;animação;estados unidos;1618142;20976955.37;universal pictures international brazil ltda.;33787.0;24.810.280/0001-61;2017;10;5
2017-09-28;arnaud fait son 2e film;E1700406600000;ficção;frança;14838;203972.98;p & m distribuidora de filmes ltda;31931.0;22.910.081/0001-08;2017;9;28
2017-09-28;dead awake;E1700372600000;ficção;estados unidos;9008;92933.49;cannes produções s/a;2250.0;72.672.017/0001-04;2017;9;28
2017-09-28;duas de mim;B1700395900000;ficção;brasil;292504;3930701.25;sm distribuidora de filmes ltda;11922.0;08.257.054/0001-49;2017;9;28
2017-09-28;exodus - de onde vim não existe mais;B1700123200000;documentário;alemanha;6280;77573.34;sm distribuidora de filmes ltda;11922.0;08.257.054/0001-49;2017;9;28
2017-09-28;kingsman: the golden circle;E1700262000000;ficção;estados unidos;1016303;16338502.0;fox film do brasil ltda;256.0;33.110.420/0001-80;2017;9;28
2017-09-28;sicilian ghost story;E1700432800000;ficção;frança;6931;106525.18;providence distribuidora de filmes ltda;12443.0;08.656.129/0001-64;2017;9;28
2017-09-28;the lego ninjago movie;E1700366200000;animação;estados unidos;335317;4899891.0;warner bros. (south) inc.;265.0;33.015.827/0001-28;2017;9;28
2017-09-25;day of the gusano;E1700388400000;vídeomusical;estados unidos;778;15619.7;cinecolor do brasil ltda;2631.0;05.332.959/0001-48;2017;9;25
2017-09-21;american assassin;E1700369300000;ficção;estados unidos;168344;2327541.2;sm distribuidora de filmes ltda;11922.0;08.257.054/0001-49;2017;9;21
2017-09-21;divórcio;B1700244500000;ficção;brasil;487466;6581359.0;warner bros. (south) inc.;265.0;33.015.827/0001-28;2017;9;21
2017-09-21;kidnap;E1700363600000;ficção;estados unidos;61105;833751.64;h20 produções ltda;24619.0;18.351.980/0001-32;2017;9;21
2017-09-21;maman a tort;E1700430900000;ficção;bélgica;6745;99458.21;tag cultural distribuidora de filmes ltda;173.0;03.599.148/0001-82;2017;9;21
2017-09-21;mother!;E1700401100000;ficção;estados unidos;519841;8308631.6;paramount pictures brasil distribuidora de filmes ltda;169.0;27.654.722/0001-16;2017;9;21
2017-09-21;pendular;B1700104200000;ficção;argentina;7904;94212.96;vitrine filmes ltda;16713.0;11.620.976/0001-83;2017;9;21
2017-09-21;rodin;E1700280100000;ficção;frança;14915;227538.42;mares filmes eireli;6418.0;07.257.887/0001-47;2017;9;21
2017-09-21;this is your death;E1700365900000;ficção;estados unidos;6248;82996.25;cinematográfica distribuidora de filmes ltda;33340.0;23.391.665/0001-79;2017;9;21
2017-09-14;a gente;B1402263600000;documentário;brasil;566;6036.66;olhar distribuicao de filmes ltda;37242.0;28.083.221/0001-90;2017;9;14
2017-09-14;american made;E1700215200000;ficção;estados unidos;553421;8965994.0;universal pictures international brazil ltda.;33787.0;24.810.280/0001-61;2017;9;14
2017-09-14;amityville: the awakening;E1700368800000;ficção;estados unidos;173302;2234478.79;sm distribuidora de filmes ltda;11922.0;08.257.054/0001-49;2017;9;14
2017-09-14;as duas irenes;B1700054400000;ficção;brasil;13064;97207.34;vitrine filmes ltda;16713.0;11.620.976/0001-83;2017;9;14
2017-09-14;belyy tigr;E1700064200000;ficção;rússia;110;1666.0;união municipal dos estudantes secundaristas;15603.0;57.277.113/0001-56;2017;9;14
2017-09-14;columbus;E1700416800000;ficção;estados unidos;8571;129969.63;omf servicos & consultoria ltda;28508.0;21.437.756/0001-72;2017;9;14
2017-09-14;deserto;B1600287300000;ficção;brasil;1362;17377.15;tucumán distribuidora de filmes ltda;16132.0;10.681.698/0001-01;2017;9;14
2017-09-14;slava;E1700341600000;ficção;bulgária;5374;69341.18;providence distribuidora de filmes ltda;12443.0;08.656.129/0001-64;2017;9;14
2017-09-14;the case for christ;E1700181200000;ficção;estados unidos;119358;1538500.22;antonio fernandes filmes ltda;532.0;02.668.665/0001-01;2017;9;14
2017-09-14;the nut job 2: nutty by nature;E1700280700000;animação;canadá;110496;1415633.45;diamond films do brasil produção e distribuição audiovisual ltda.;22724.0;17.095.184/0001-13;2017;9;14
2017-09-07;2:22;E1700380500000;ficção;austrália;30662;491454.28;playarte pictures entretenimentos ltda.;443.0;00.943.231/0001-39;2017;9;7
2017-09-07;it;E1700363900000;ficção;estados unidos;4417361;61961793.87;warner bros. (south) inc.;265.0;33.015.827/0001-28;2017;9;7
2017-09-07;lino - uma aventura de sete vidas;B1700382400000;animação;brasil;314292;4344171.0;fox film do brasil ltda;256.0;33.110.420/0001-80;2017;9;7
2017-09-07;polícia federal - a lei é para todos;B1700338000000;ficção;brasil;1360480;21553004.35;freespirit distribuidora de filmes ltda.;4904.0;07.616.202/0001-01;2017;9;7
2017-09-07;the dinner;E1700153900000;ficção;estados unidos;19801;356609.48;antonio fernandes filmes ltda;532.0;02.668.665/0001-01;2017;9;7
2017-09-07;una mujer fantástica;E1700328200000;ficção;alemanha;39445;576214.91;tag cultural distribuidora de filmes ltda;173.0;03.599.148/0001-82;2017;9;7
2017-09-07;à jamais;E1700371400000;ficção;frança;1910;24260.94;mares filmes eireli;6418.0;07.257.887/0001-47;2017;9;7
2017-09-01;heartstone;E1600735000000;ficção;dinamarca;1487;11326.65;mostra de cinema, cultura e eventos ltda;29957.0;18.167.238/0001-71;2017;9;1
2017-08-31;atomic blonde;E1700215100000;ficção;estados unidos;374459;5808829.0;universal pictures international brazil ltda.;33787.0;24.810.280/0001-61;2017;8;31
2017-08-31;como nossos pais;B1700119200000;ficção;brasil;206905;3510486.35;reserva nacional distribuidora de filmes ltda.;11868.0;08.346.733/0001-94;2017;8;31
2017-08-31;david lynch - the art life;E1700357700000;documentário;dinamarca;3563;51385.53;p & m distribuidora de filmes ltda;31931.0;22.910.081/0001-08;2017;8;31
2017-08-31;guardians;E1700370800000;ficção;rússia;58127;770722.7;sm distribuidora de filmes ltda;11922.0;08.257.054/0001-49;2017;8;31
2017-08-31;killing ground;E1700321000000;ficção;austrália;2154;32296.35;cinematográfica distribuidora de filmes ltda;33340.0;23.391.665/0001-79;2017;8;31
2017-08-31;la fille de brest;E1700363400000;ficção;frança;771;10508.71;antonio fernandes filmes ltda;532.0;02.668.665/0001-01;2017;8;31
2017-08-31;marvel's inhumans;E1700378100000;ficção;estados unidos;4906;99878.0;united cinemas international brasil ltda.;749.0;01.289.530/0001-64;2017;8;31
2017-08-31;the emoji movie;E1700366300000;animação;estados unidos;1684128;23678203.78;columbia tristar filmes do brasil ltda;84.0;00.979.601/0001-98;2017;8;31
2017-08-31;the hitman´s bodyguard;E1700181800000;ficção;estados unidos;239058;3588657.16;antonio fernandes filmes ltda;532.0;02.668.665/0001-01;2017;8;31
2017-08-31;the unattainable story;E1700154200000;ficção;estados unidos;202;2655.74;cannes produções s/a;2250.0;72.672.017/0001-04;2017;8;31
2017-08-24;a finada mãe da madame;B1600630700000;ficção;brasil;461;5858.28;santa luzia filmes e produções artísticas ltda;13269.0;09.124.563/0001-66;2017;8;24
2017-08-24;bingo - o rei das manhãs;B1700330100000;ficção;brasil;249309;3997911.0;warner bros. (south) inc.;265.0;33.015.827/0001-28;2017;8;24
2017-08-24;dark tower;E1500756500000;ficção;estados unidos;898802;12631206.03;columbia tristar filmes do brasil ltda;84.0;00.979.601/0001-98;2017;8;24
2017-08-24;doidas e santas;B1500812200000;ficção;argentina;29925;421006.83;wmix distribuidora ltda.;1935.0;03.918.609/0001-32;2017;8;24
2017-08-24;es war einmal in deutschland...;E1700371000000;ficção;alemanha;14511;205556.46;mares filmes eireli;6418.0;07.257.887/0001-47;2017;8;24
2017-08-24;mimosas;E1700228600000;ficção;espanha;441;5435.0;providence distribuidora de filmes ltda;12443.0;08.656.129/0001-64;2017;8;24
2017-08-24;shavua ve yom;E1700368100000;ficção;israel;3901;63281.66;tag cultural distribuidora de filmes ltda;173.0;03.599.148/0001-82;2017;8;24
2017-08-24;the glass castle;E1700325600000;ficção;estados unidos;25997;499004.1;sm distribuidora de filmes ltda;11922.0;08.257.054/0001-49;2017;8;24
2017-08-24;the wall;E1700265500000;ficção;estados unidos;33365;561748.54;h20 produções ltda;24619.0;18.351.980/0001-32;2017;8;24
2017-08-24;ultimos dias en la habana;E1700360800000;ficção;cuba;17036;240860.49;esfera produções culturais eireli;18039.0;11.579.388/0001-43;2017;8;24
2017-08-24;um filme de cinema;B1500408100000;documentário;brasil;4234;42722.63;ludwig maia arthouse distribuidora de filmes ltda;22808.0;05.249.852/0001-30;2017;8;24
2017-08-17;annabelle: creation;E1700194500000;ficção;estados unidos;2957303;40538041.0;warner bros. (south) inc.;265.0;33.015.827/0001-28;2017;8;17
2017-08-17;corpo elétrico;B1700112000000;ficção;brasil;20128;238036.18;vitrine filmes ltda;16713.0;11.620.976/0001-83;2017;8;17
2017-08-17;el mate;B1600579200000;ficção;brasil;235;2120.0;filmes de vagabundo ltda - me;26306.0;15.512.603/0001-40;2017;8;17
2017-08-17;happy family;E1700349600000;animação;alemanha;149107;2060356.35;sm distribuidora de filmes ltda;11922.0;08.257.054/0001-49;2017;8;17
2017-08-17;intolerância.doc;B1600685100000;documentário;brasil;236;3779.59;modo operante produções culturais ltda. me;2719.0;06.992.833/0001-62;2017;8;17
2017-08-17;joão, o maestro;B1700349800000;ficção;brasil;87517;1515200.75;columbia tristar filmes do brasil ltda;84.0;00.979.601/0001-98;2017;8;17
2017-08-17;lady macbeth;E1700176300000;ficção;inglaterra;28641;471557.61;antonio fernandes filmes ltda;532.0;02.668.665/0001-01;2017;8;17
2017-08-17;powidoki;E1700055900000;ficção;polônia;8744;139095.52;tag cultural distribuidora de filmes ltda;173.0;03.599.148/0001-82;2017;8;17
2017-08-17;viva o cinema !;B1700263500000;documentário;brasil;83;912.96;ebisu filmes producoes cinematograficas ltda;25254.0;15.616.890/0001-38;2017;8;17
2017-08-10;diary of a wimpy kid: the long haul;E1700177200000;ficção;estados unidos;76969;1122628.0;fox film do brasil ltda;256.0;33.110.420/0001-80;2017;8;10
2017-08-10;le voyage de fanny;E1700279800000;ficção;frança;13982;180561.68;mares filmes eireli;6418.0;07.257.887/0001-47;2017;8;10
2017-08-10;malasartes e o duelo com a morte;B1700347600000;ficção;brasil;114382;1540238.22;sm distribuidora de filmes ltda;11922.0;08.257.054/0001-49;2017;8;10
2017-08-10;o deserto do deserto;B1600363900000;documentário;brasil;488;6554.13;corazon produções artísticas e cinematográficas ltda;28781.0;09.452.894/0001-25;2017;8;10
2017-08-10;snow queen 3;E1700180600000;animação;rússia;123852;1593752.45;antonio fernandes filmes ltda;532.0;02.668.665/0001-01;2017;8;10
2017-08-10;the beguiled;E1700215400000;ficção;estados unidos;100570;1803264.0;universal pictures international brazil ltda.;33787.0;24.810.280/0001-61;2017;8;10
2017-08-10;valerian and the city of a thousand planets;E1700313600000;ficção;frança;488270;7677512.49;diamond films do brasil produção e distribuição audiovisual ltda.;22724.0;17.095.184/0001-13;2017;8;10
2017-08-03;deixa na régua;B1700030400000;documentário;brasil;390;4453.7;osmose filmes ltda;23336.0;16.505.730/0001-84;2017;8;3
2017-08-03;eva no duerme;E1700295000000;ficção;argentina;6470;88747.96;providence distribuidora de filmes ltda;12443.0;08.656.129/0001-64;2017;8;3
2017-08-03;le règne de la beauté;E1700354100000;ficção;canadá;2359;30415.98;p & m distribuidora de filmes ltda;31931.0;22.910.081/0001-08;2017;8;3
2017-08-03;o filme da minha vida;B1700151900000;ficção;brasil;295988;4465798.97;vitrine filmes ltda;16713.0;11.620.976/0001-83;2017;8;3
2017-08-03;rifle;B1600547800000;ficção;brasil;2034;14614.37;vitrine filmes ltda;16713.0;11.620.976/0001-83;2017;8;3
2017-08-03;saint amour;E1600489500000;ficção;bélgica;8464;118052.26;tag cultural distribuidora de filmes ltda;173.0;03.599.148/0001-82;2017;8;3
2017-08-03;un sac de billes;E1700263800000;ficção;canadá;43788;780591.31;sm distribuidora de filmes ltda;11922.0;08.257.054/0001-49;2017;8;3
2017-08-03;war for the planet of the apes;E1700182000000;ficção;estados unidos;2694893;42994417.54;fox film do brasil ltda;256.0;33.110.420/0001-80;2017;8;3
2017-07-27;baby driver;E1500757900000;ficção;estados unidos;582268;8987226.16;columbia tristar filmes do brasil ltda;84.0;00.979.601/0001-98;2017;7;27
2017-07-27;dunkirk;E1700303100000;ficção;estados unidos;796342;14581897.75;warner bros. (south) inc.;265.0;33.015.827/0001-28;2017;7;27
2017-07-27;esteros;B1700243800000;ficção;brasil;3851;61386.42;cannes produções s/a;2250.0;72.672.017/0001-04;2017;7;27
2017-07-27;how to be a latin lover;E1700224100000;ficção;estados unidos;24633;382835.3;sm distribuidora de filmes ltda;11922.0;08.257.054/0001-49;2017;7;27
2017-07-27;love film festival;B1500113300000;ficção;brasil;2486;32706.6;ludwig maia arthouse distribuidora de filmes ltda;22808.0;05.249.852/0001-30;2017;7;27
2017-07-27;sage femme;E1700279900000;ficção;frança;21350;282703.99;mares filmes eireli;6418.0;07.257.887/0001-47;2017;7;27
2017-07-27;wish upon;E1700225900000;ficção;estados unidos;249452;3427649.6;wmix distribuidora ltda.;1935.0;03.918.609/0001-32;2017;7;27
2017-07-20;d.p.a. - detetives do prédio azul;B1700328500000;ficção;brasil;1223055;16122831.18;sm distribuidora de filmes ltda;11922.0;08.257.054/0001-49;2017;7;20
2017-07-20;mr. & mrs. adelman;E1700276600000;ficção;frança;94978;1564064.54;tag cultural distribuidora de filmes ltda;173.0;03.599.148/0001-82;2017;7;20
2017-07-20;song to song;E1700295700000;ficção;estados unidos;21846;344378.25;omf servicos & consultoria ltda;28508.0;21.437.756/0001-72;2017;7;20
2017-07-20;telle mère, telle fille;E1700206200000;ficção;frança;12938;200138.3;antonio fernandes filmes ltda;532.0;02.668.665/0001-01;2017;7;20
2017-07-20;transformers: the last knight;E1700299100000;ficção;estados unidos;2858363;43022925.05;paramount pictures brasil distribuidora de filmes ltda;169.0;27.654.722/0001-16;2017;7;20
2017-07-13;cars 3;E1700229800000;animação;estados unidos;2526111;34544362.15;the walt disney company (brasil) ltda.;18398.0;73.042.962/0001-87;2017;7;13
2017-07-13;cartas da guerra;E1600489000000;ficção;portugal;3364;48335.05;tag cultural distribuidora de filmes ltda;173.0;03.599.148/0001-82;2017;7;13
2017-07-13;fala comigo;B1600708000000;ficção;brasil;8982;125041.04;vitrine filmes ltda;16713.0;11.620.976/0001-83;2017;7;13
2017-07-13;gleason;E1700242300000;documentário;estados unidos;744;10030.13;encripta s/a;22364.0;15.182.829/0001-20;2017;7;13
2017-07-13;juillet-août;E1700236500000;ficção;frança;4405;59934.79;cinematográfica distribuidora de filmes ltda;33340.0;23.391.665/0001-79;2017;7;13
2017-07-13;kedi;E1700300300000;documentário;peru;17874;290200.54;circuito cinearte ltda;1083.0;01.425.583/0001-65;2017;7;13
2017-07-13;tour de france;E1700237900000;ficção;frança;7915;106952.09;bonfilm produção e distribuição audiovisual ltda;14462.0;10.383.039/0001-99;2017;7;13
2017-07-13;une vie;E1700279300000;ficção;bélgica;14009;173642.31;mares filmes eireli;6418.0;07.257.887/0001-47;2017;7;13
2017-07-06;as aventuras do pequeno colombo;B1500572900000;animação;brasil;2380;33137.07;freespirit distribuidora de filmes ltda.;4904.0;07.616.202/0001-01;2017;7;6
2017-07-06;o piano que conversa;B1700220800000;documentário;brasil;810;9235.02;marcelo machado producoes artisticas ltda;13558.0;71.743.496/0001-31;2017;7;6
2017-07-06;os pobres diabos;B1302033700000;ficção;brasil;4693;53406.35;frederico da cruz machado - me;11990.0;03.553.092/0001-25;2017;7;6
2017-07-06;paris pieds nus;E1700270600000;ficção;bélgica;48811;720478.93;providence distribuidora de filmes ltda;12443.0;08.656.129/0001-64;2017;7;6
2017-07-06;poesía sin fin;E1700274700000;ficção;chile;12716;210458.89;circuito cinearte ltda;1083.0;01.425.583/0001-65;2017;7;6
2017-07-06;soundtrack;B1700275000000;ficção;brasil;13142;225513.5;wmix distribuidora ltda.;1935.0;03.918.609/0001-32;2017;7;6
2017-07-06;spider-man: homecoming;E1500759500000;ficção;estados unidos;6686980;102729413.29;columbia tristar filmes do brasil ltda;84.0;00.979.601/0001-98;2017;7;6
2017-06-29;a terra vermelha;B1600439400000;ficção;brasil;1621;23140.46;reserva nacional distribuidora de filmes ltda.;11868.0;08.346.733/0001-94;2017;6;29
2017-06-29;danado de bom;B1700258100000;documentário;brasil;2237;23846.7;inquietude brennand fortes produções culturais ltda.;26781.0;19.557.549/0001-00;2017;6;29
2017-06-29;demain tout commence;E1700223500000;ficção;frança;94158;1604103.62;sm distribuidora de filmes ltda;11922.0;08.257.054/0001-49;2017;6;29
2017-06-29;despicable me 3;E1500759400000;animação;estados unidos;8997736;126016866.53;universal pictures international brazil ltda.;33787.0;24.810.280/0001-61;2017;6;29
2017-06-29;from the land of the moon;E1700281500000;ficção;bélgica;34731;486660.88;mares filmes eireli;6418.0;07.257.887/0001-47;2017;6;29
2017-06-29;introdução à música do sangue;B1500643000000;ficção;brasil;634;6574.2;ludwig maia arthouse distribuidora de filmes ltda;22808.0;05.249.852/0001-30;2017;6;29
2017-06-29;mar inquieto;B1700172800000;ficção;brasil;189;2708.8;lanca distribuidora de filmes ltda;25115.0;18.384.267/0001-95;2017;6;29
2017-06-22;bruxarias;B1500464600000;animação;espanha;706;6038.23;vitrine filmes ltda;16713.0;11.620.976/0001-83;2017;6;22
2017-06-22;divinas divas;B1600653900000;documentário;brasil;34127;254424.61;vitrine filmes ltda;16713.0;11.620.976/0001-83;2017;6;22
2017-06-22;frantz;E1700029400000;ficção;alemanha;20340;287422.51;antonio fernandes filmes ltda;532.0;02.668.665/0001-01;2017;6;22
2017-06-22;it comes at night;E1700219700000;ficção;estados unidos;37710;576768.09;diamond films do brasil produção e distribuição audiovisual ltda.;22724.0;17.095.184/0001-13;2017;6;22
2017-06-22;meus 15 anos;B1700231000000;ficção;brasil;742153;8986031.9;sm distribuidora de filmes ltda;11922.0;08.257.054/0001-49;2017;6;22
2017-06-22;mulher do pai;B1600420900000;ficção;brasil;6928;81680.87;vitrine filmes ltda;16713.0;11.620.976/0001-83;2017;6;22
2017-06-22;noces;E1700224600000;ficção;bélgica;17016;240703.39;cinematográfica distribuidora de filmes ltda;33340.0;23.391.665/0001-79;2017;6;22
2017-06-22;rester vertical;E1700022100000;ficção;frança;3686;41349.77;zeta filmes ltda;22936.0;02.469.679/0001-98;2017;6;22
2017-06-22;the circle;E1700079100000;ficção;emirados árabes unidos;469262;8317518.38;wmix distribuidora ltda.;1935.0;03.918.609/0001-32;2017;6;22
2017-06-15;baywatch;E1700221900000;ficção;estados unidos;648229;8785488.0;paramount pictures brasil distribuidora de filmes ltda;169.0;27.654.722/0001-16;2017;6;15
2017-06-15;colossal;E1700146300000;ficção;canadá;4016;74975.33;sm distribuidora de filmes ltda;11922.0;08.257.054/0001-49;2017;6;15
2017-06-15;everything, everything;E1700196200000;ficção;estados unidos;123824;1721557.0;warner bros. (south) inc.;265.0;33.015.827/0001-28;2017;6;15
2017-06-15;kiki,el amor se hace;E1600774300000;ficção;espanha;17950;287705.11;tag cultural distribuidora de filmes ltda;173.0;03.599.148/0001-82;2017;6;15
2017-06-15;quem é primavera das neves;B1700178100000;documentário;brasil;959;11635.26;casa de cinema de porto alegre ltda.;133.0;94.625.829/0001-23;2017;6;15
2017-06-15;rosemberg - cinema, colagem e afetos;B1600715000000;documentário;brasil;160;2386.06;cavideo produções comércio e locação de filmes ltda;11893.0;01.666.326/0001-15;2017;6;15
2017-06-15;sepultura endurance;B1600757800000;documentário;brasil;2511;38988.82;o2 produções artísticas e cinematográficas ltda.;63.0;67.431.718/0001-03;2017;6;15
2017-06-15;um tio quase perfeito;B1700177700000;ficção;brasil;559584;7728436.39;h2o distribuidora de filmes ltda;21541.0;15.372.472/0001-42;2017;6;15
2017-06-08;animal político;B1600780500000;ficção;brasil;4333;29277.53;vitrine filmes ltda;16713.0;11.620.976/0001-83;2017;6;8
2017-06-08;café - um dedo de prosa;B1402701900000;animação;brasil;104;1530.08;cinematográfica polifilmes ltda-me;2550.0;60.469.871/0001-80;2017;6;8
2017-06-08;filhos de bach;B1700052000000;ficção;alemanha;3337;52203.0;the walt disney company (brasil) ltda.;18398.0;73.042.962/0001-87;2017;6;8
2017-06-08;nieve negra;E1700175500000;ficção;argentina;88155;1611137.28;sm distribuidora de filmes ltda;11922.0;08.257.054/0001-49;2017;6;8
2017-06-08;nunca me sonharam;B1700264000000;documentário;brasil;2827;34808.92;maria farinha filmes e produções ltda.;18069.0;12.396.390/0001-40;2017;6;8
2017-06-08;paris can wait;E1700180100000;ficção;estados unidos;119297;2285989.37;antonio fernandes filmes ltda;532.0;02.668.665/0001-01;2017;6;8
2017-06-08;the mummy;E1500758800000;ficção;estados unidos;3052672;47412780.44;universal pictures international brazil ltda.;33787.0;24.810.280/0001-61;2017;6;8
2017-06-01;amor.com;B1700175000000;ficção;brasil;92873;1192785.62;h2o distribuidora de filmes ltda;21541.0;15.372.472/0001-42;2017;6;1
2017-06-01;inseparables;E1700164700000;ficção;argentina;5237;92690.79;sm distribuidora de filmes ltda;11922.0;08.257.054/0001-49;2017;6;1
2017-06-01;o jardim das aflições;B1700149200000;documentário;brasil;14840;272691.71;josias saraiva monteiro neto;33437.0;PESSOA FÍSICA;2017;6;1
2017-06-01;o jardim das aflições;B1700149200000;documentário;brasil;191;5093.0;lavra editora e producoes cinematograficas eireli;41677.0;31.608.781/0001-25;2017;6;1
2017-06-01;ozzy;E1700192500000;animação;espanha;181991;2494783.95;playarte pictures entretenimentos ltda.;443.0;00.943.231/0001-39;2017;6;1
2017-06-01;the lost city of z;E1700076600000;ficção;estados unidos;36886;603430.14;wmix distribuidora ltda.;1935.0;03.918.609/0001-32;2017;6;1
2017-06-01;walk with me;E1600753600000;ficção;dinamarca;1176;16311.57;rj distribuidora de filmes ltda;5963.0;00.146.442/0001-40;2017;6;1
2017-06-01;wonder woman;E1700197900000;ficção;estados unidos;7012962;109907324.54;warner bros. (south) inc.;265.0;33.015.827/0001-28;2017;6;1
2017-05-27;ballet bolshoi a hero of our time;E1600631300000;vídeomusical;inglaterra;532;14744.0;united cinemas international brasil ltda.;749.0;01.289.530/0001-64;2017;5;27
2017-05-25;bleeder, the;E1700166000000;ficção;estados unidos;3321;72536.75;antonio fernandes filmes ltda;532.0;02.668.665/0001-01;2017;5;25
2017-05-25;comeback;B1700046100000;ficção;brasil;3356;42937.3;o2 produções artísticas e cinematográficas ltda.;63.0;67.431.718/0001-03;2017;5;25
2017-05-25;dégradé;E1600488300000;ficção;frança;5398;74349.49;tag cultural distribuidora de filmes ltda;173.0;03.599.148/0001-82;2017;5;25
2017-05-25;muito romântico;B1600300000000;ficção;brasil;1333;8917.72;vitrine filmes ltda;16713.0;11.620.976/0001-83;2017;5;25
2017-05-25;orpheline;E1700173200000;ficção;frança;7965;109283.89;mares filmes eireli;6418.0;07.257.887/0001-47;2017;5;25
2017-05-25;pirates of the caribbean: dead men tell no tales;E1700021600000;ficção;estados unidos;3659613;55008892.0;the walt disney company (brasil) ltda.;18398.0;73.042.962/0001-87;2017;5;25
2017-05-25;real - o plano por trás da história;B1700194400000;ficção;brasil;46968;792144.36;sm distribuidora de filmes ltda;11922.0;08.257.054/0001-49;2017;5;25
2017-05-25;reset;E1700170800000;documentário;frança;1417;22777.63;p & m distribuidora de filmes ltda;31931.0;22.910.081/0001-08;2017;5;25
2017-05-25;zhi fan ye mao;E1700021700000;ficção;china;1951;25179.33;zeta filmes ltda;22936.0;02.469.679/0001-98;2017;5;25
2017-05-18;a family man;E1700114400000;ficção;estados unidos;19821;404918.97;antonio fernandes filmes ltda;532.0;02.668.665/0001-01;2017;5;18
2017-05-18;before i fall;E1700175200000;ficção;estados unidos;189963;2823335.75;sm distribuidora de filmes ltda;11922.0;08.257.054/0001-49;2017;5;18
2017-05-18;des nouvelles de la planète mars;E1600651400000;ficção;bélgica;5811;88368.78;tag cultural distribuidora de filmes ltda;173.0;03.599.148/0001-82;2017;5;18
2017-05-18;estamos vivos;B1600163900000;ficção;brasil;62;371.2;livres distribuidora de audivisual ltda me;21870.0;15.263.576/0001-19;2017;5;18
2017-05-18;get out;E1700047300000;ficção;estados unidos;385486;5694508.24;universal pictures international brazil ltda.;33787.0;24.810.280/0001-61;2017;5;18
2017-05-18;king arthur: legend of the sword;E1600774000000;ficção;estados unidos;952626;15523305.0;warner bros. (south) inc.;265.0;33.015.827/0001-28;2017;5;18
2017-05-18;o rastro;B1700103500000;ficção;brasil;87070;1182424.09;wmix distribuidora ltda.;1935.0;03.918.609/0001-32;2017;5;18
2017-05-18;um casamento;B1600639200000;documentário;brasil;440;4463.89;providence distribuidora de filmes ltda;12443.0;08.656.129/0001-64;2017;5;18
2017-05-11;alien: covenant;E1600791600000;ficção;estados unidos;664264;9532684.0;fox film do brasil ltda;256.0;33.110.420/0001-80;2017;5;11
2017-05-11;crônica da demolição;B1600058600000;documentário;brasil;3532;47218.51;boitui cinema ltda;1762.0;05.958.016/0001-25;2017;5;11
2017-05-11;el ciudadano ilustre;E1700145100000;ficção;argentina;82180;1313369.06;cinematográfica distribuidora de filmes ltda;33340.0;23.391.665/0001-79;2017;5;11
2017-05-11;la dame dans l'auto avec des lunettes et un fusil;E1700147400000;ficção;bélgica;2085;27484.74;rj distribuidora de filmes ltda;5963.0;00.146.442/0001-40;2017;5;11
2017-05-11;patriots day;E1700113700000;ficção;estados unidos;64504;1203700.89;sm distribuidora de filmes ltda;11922.0;08.257.054/0001-49;2017;5;11
2017-05-11;taego ãwa;B1600534900000;documentário;brasil;1662;9790.98;vitrine filmes ltda;16713.0;11.620.976/0001-83;2017;5;11
2017-05-11;the promise;E1700165300000;ficção;espanha;26223;466998.62;diamond films do brasil produção e distribuição audiovisual ltda.;22724.0;17.095.184/0001-13;2017;5;11
2017-05-04;ang babaeng humayo;E1700136000000;ficção;filipinas;798;9280.78;zeta filmes ltda;22936.0;02.469.679/0001-98;2017;5;4
2017-05-04;beduíno;B1600752300000;ficção;brasil;746;11272.72;tb produções ltda;639.0;02.342.813/0001-95;2017;5;4
2017-05-04;eshtebak;E1700055000000;ficção;egito;5063;74385.2;tag cultural distribuidora de filmes ltda;173.0;03.599.148/0001-82;2017;5;4
2017-05-04;l'estate addosso;E1700168100000;ficção;itália;4657;64986.11;lanca distribuidora de filmes ltda;25115.0;18.384.267/0001-95;2017;5;4
2017-05-04;little men;E1600646400000;ficção;estados unidos;6461;95128.2;rj distribuidora de filmes ltda;5963.0;00.146.442/0001-40;2017;5;4
2017-05-04;ninguém entra, ninguém sai;B1700168200000;ficção;brasil;195992;2648634.69;wmix distribuidora ltda.;1935.0;03.918.609/0001-32;2017;5;4
2017-05-04;norman: the moderate rise and tragic fall of a new york fixer;E1700108100000;ficção;estados unidos;55083;1112097.22;antonio fernandes filmes ltda;532.0;02.668.665/0001-01;2017;5;4
2017-05-04;rock dog;E1700088800000;animação;china;107396;1451014.8;sm distribuidora de filmes ltda;11922.0;08.257.054/0001-49;2017;5;4
2017-05-04;the autopsy of jane doe;E1600788000000;ficção;estados unidos;214035;2984333.52;diamond films do brasil produção e distribuição audiovisual ltda.;22724.0;17.095.184/0001-13;2017;5;4
2017-05-04;the daughter;E1700165900000;ficção;austrália;6910;94541.88;omf servicos & consultoria ltda;28508.0;21.437.756/0001-72;2017;5;4
2017-05-04;éden;B1301945900000;ficção;brasil;571;8055.72;livres distribuidora de audivisual ltda me;21870.0;15.263.576/0001-19;2017;5;4
2017-04-29;ballet bolshoi a conteporary evening;E1600631200000;vídeomusical;inglaterra;725;19025.0;united cinemas international brasil ltda.;749.0;01.289.530/0001-64;2017;4;29
2017-04-27;a quiet passion;E1700072700000;ficção;bélgica;25536;394577.49;cinematográfica distribuidora de filmes ltda;33340.0;23.391.665/0001-79;2017;4;27
2017-04-27;elon não acredita na morte;B1600765100000;ficção;brasil;2210;15577.84;vitrine filmes ltda;16713.0;11.620.976/0001-83;2017;4;27
2017-04-27;guardians of the galaxy vol.2;E1700019900000;ficção;estados unidos;4207788;67530794.8;the walt disney company (brasil) ltda.;18398.0;73.042.962/0001-87;2017;4;27
2017-04-27;le grand jour;E1600488500000;documentário;frança;2813;43853.66;tag cultural distribuidora de filmes ltda;173.0;03.599.148/0001-82;2017;4;27
2017-04-27;mais do que eu possa me reconhecer;B1500315500000;documentário;brasil;215;2488.98;livres distribuidora de audivisual ltda me;21870.0;15.263.576/0001-19;2017;4;27
2017-04-27;planetarium;E1700173300000;ficção;bélgica;12672;210162.28;mares filmes eireli;6418.0;07.257.887/0001-47;2017;4;27
2017-04-27;vermelho russo;B1600564100000;ficção;brasil;7992;122476.29;vitrine filmes ltda;16713.0;11.620.976/0001-83;2017;4;27
2017-04-20;girl asleep;E1700111400000;ficção;austrália;2809;38280.48;providence distribuidora de filmes ltda;12443.0;08.656.129/0001-64;2017;4;20
2017-04-20;gostosas, lindas e sexies;B1700109600000;ficção;brasil;85063;1189017.34;sm distribuidora de filmes ltda;11922.0;08.257.054/0001-49;2017;4;20
2017-04-20;joaquim;B1700092500000;ficção;portugal;19671;276847.19;reserva nacional distribuidora de filmes ltda.;11868.0;08.346.733/0001-94;2017;4;20
2017-04-20;le nouveau;E1700042400000;ficção;frança;1786;23707.19;bonfilm produção e distribuição audiovisual ltda;14462.0;10.383.039/0001-99;2017;4;20
2017-04-20;life;E1700057500000;ficção;estados unidos;310837;5334114.94;columbia tristar filmes do brasil ltda;84.0;00.979.601/0001-98;2017;4;20
2017-04-20;o profeta das águas;B0700764400000;documentário;brasil;22;220.35;taus producoes audiovisuais eireli;931.0;57.312.878/0001-80;2017;4;20
2017-04-20;paterson;E1700171200000;ficção;estados unidos;48773;789694.03;p & m distribuidora de filmes ltda;31931.0;22.910.081/0001-08;2017;4;20
2017-04-20;unforgettable;E1700068900000;ficção;estados unidos;52676;857309.0;warner bros. (south) inc.;265.0;33.015.827/0001-28;2017;4;20
2017-04-17;tudo o que você podia ser;B2300139700000;documentário;brasil;12;120.0;kompanhia teatro multimídia de são paulo;57643.0;60.740.149/0001-39;2017;4;17
2017-04-17;tudo o que você podia ser;B2300139700000;documentário;brasil;2411;23515.17;vitrine filmes ltda;16713.0;11.620.976/0001-83;2017;4;17
2017-04-13;belo monte: um mundo onde tudo é possível;B1600750800000;documentário;brasil;91;1469.42;indiana produções cinematográficas ltda;2802.0;07.060.648/0001-00;2017;4;13
2017-04-13;casanova variations;E1600488100000;ficção;alemanha;3261;49584.85;tag cultural distribuidora de filmes ltda;173.0;03.599.148/0001-82;2017;4;13
2017-04-13;les fausses confidences;E1700118300000;ficção;frança;14253;225043.26;omf servicos & consultoria ltda;28508.0;21.437.756/0001-72;2017;4;13
2017-04-13;malgré la nuit;E1700021100000;ficção;canadá;978;13493.73;zeta filmes ltda;22936.0;02.469.679/0001-98;2017;4;13
2017-04-13;martírio;B1600787700000;documentário;brasil;6429;48641.58;vitrine filmes ltda;16713.0;11.620.976/0001-83;2017;4;13
2017-04-13;the fate of the furious;E1700045600000;ficção;frança;8505998;133438913.21;universal pictures international brazil ltda.;33787.0;24.810.280/0001-61;2017;4;13
2017-04-13;una;E1700114600000;ficção;canadá;10541;160479.07;mares filmes eireli;6418.0;07.257.887/0001-47;2017;4;13
2017-04-13;vor der morgenröte - stefan zweig in amerika;E1700132400000;ficção;alemanha;11288;170291.18;esfera produções culturais eireli;18039.0;11.579.388/0001-43;2017;4;13
2017-04-06;ana nojoom bent alasherah wamotalagah;E1600721800000;ficção;iêmen;2604;32614.94;esfera produções culturais eireli;18039.0;11.579.388/0001-43;2017;4;6
2017-04-06;do outro lado do atlântico;B1600052200000;documentário;brasil;283;1830.0;deberton filmes e producoes ltda;16822.0;07.202.193/0001-02;2017;4;6
2017-04-06;dog eat dog;E1700019300000;ficção;estados unidos;7812;133369.15;wmix distribuidora ltda.;1935.0;03.918.609/0001-32;2017;4;6
2017-04-06;dolores - uma mulher, dois amores;B1700045100000;ficção;argentina;3652;50945.64;tucumán distribuidora de filmes ltda;16132.0;10.681.698/0001-01;2017;4;6
2017-04-06;going in style;E1700024800000;ficção;estados unidos;131258;2330512.0;warner bros. (south) inc.;265.0;33.015.827/0001-28;2017;4;6
2017-04-06;mr. gaga;E1600706500000;documentário;israel;10156;145999.96;vitrine filmes ltda;16713.0;11.620.976/0001-83;2017;4;6
2017-04-06;pitanga;B1700107400000;documentário;brasil;4603;70725.28;elo audiovisual serviços ltda;5672.0;07.700.630/0001-18;2017;4;6
2017-04-06;por trás do céu;B1600730100000;ficção;brasil;1471;18569.03;providence distribuidora de filmes ltda;12443.0;08.656.129/0001-64;2017;4;6
2017-04-06;smurfs: the lost village;E1500757200000;animação;estados unidos;1464392;20897226.87;columbia tristar filmes do brasil ltda;84.0;00.979.601/0001-98;2017;4;6
2017-04-06;the shack;E1700059700000;ficção;estados unidos;5118379;74782210.83;sm distribuidora de filmes ltda;11922.0;08.257.054/0001-49;2017;4;6
2017-04-06;todas as manhãs do mundo;B1600625200000;documentário;brasil;10754;103195.0;fox film do brasil ltda;256.0;33.110.420/0001-80;2017;4;6
2017-04-06;zonda: folclore argentino;E1600488900000;documentário;argentina;10879;158704.02;tag cultural distribuidora de filmes ltda;173.0;03.599.148/0001-82;2017;4;6
2017-03-30;20th century women;E1700057400000;ficção;estados unidos;13195;223849.44;columbia tristar filmes do brasil ltda;84.0;00.979.601/0001-98;2017;3;30
2017-03-30;a família dionti;B1500334900000;ficção;brasil;3479;37168.66;ludwig maia arthouse distribuidora de filmes ltda;22808.0;05.249.852/0001-30;2017;3;30
2017-03-30;a glória e a graça;B1600585400000;ficção;brasil;5403;81674.69;h2o distribuidora de filmes ltda;21541.0;15.372.472/0001-42;2017;3;30
2017-03-30;central - o filme;B1600332400000;documentário;brasil;16408;240713.27;panda filmes ltda;941.0;04.980.287/0001-14;2017;3;30
2017-03-30;die abhandene welt;E1700091500000;ficção;alemanha;5059;68768.35;mares filmes eireli;6418.0;07.257.887/0001-47;2017;3;30
2017-03-30;eu te levo;B1600472500000;ficção;brasil;472;5177.96;providence distribuidora de filmes ltda;12443.0;08.656.129/0001-64;2017;3;30
2017-03-30;galeria f;B1600534400000;documentário;brasil;569;5379.03;elo audiovisual serviços ltda;5672.0;07.700.630/0001-18;2017;3;30
2017-03-30;ghost in the shell;E1700105600000;ficção;estados unidos;726771;12201570.0;paramount pictures brasil distribuidora de filmes ltda;169.0;27.654.722/0001-16;2017;3;30
2017-03-30;les beaux jours d'aranjuez;E1600489600000;ficção;alemanha;17088;280100.27;tag cultural distribuidora de filmes ltda;173.0;03.599.148/0001-82;2017;3;30
2017-03-30;memória em verde e rosa;B1700031200000;documentário;brasil;408;6105.91;com domínio produções ltda;16431.0;09.324.313/0001-70;2017;3;30
2017-03-30;o ornitólogo;B1600773600000;ficção;brasil;4654;32726.85;vitrine filmes ltda;16713.0;11.620.976/0001-83;2017;3;30
2017-03-30;rammstein: paris;E1700114200000;vídeomusical;alemanha;897;25508.0;cinecolor do brasil ltda;2631.0;05.332.959/0001-48;2017;3;30
2017-03-30;the boss baby;E1600773800000;animação;estados unidos;3228976;46253606.75;fox film do brasil ltda;256.0;33.110.420/0001-80;2017;3;30
2017-03-30;the space between us;E1600386000000;ficção;estados unidos;43875;590386.83;diamond films do brasil produção e distribuição audiovisual ltda.;22724.0;17.095.184/0001-13;2017;3;30
2017-03-29;capoeira, um passo a dois;B1500883200000;documentário;brasil;347;4070.47;daza produção cultural ltda me;17547.0;12.240.058/0001-91;2017;3;29
2017-03-23;asco;B1500314300000;ficção;brasil;43;1137.5;mosquito video e design ltda;6346.0;04.727.439/0001-71;2017;3;23
2017-03-23;ouvert la nuit;E1700056000000;ficção;frança;7350;100846.29;tag cultural distribuidora de filmes ltda;173.0;03.599.148/0001-82;2017;3;23
2017-03-23;power rangers;E1700064600000;ficção;estados unidos;1240538;15867741.2;sm distribuidora de filmes ltda;11922.0;08.257.054/0001-49;2017;3;23
2017-03-23;sinais de cinza, a peleja de olney contra o dragão da maldade;B1402740400000;documentário;brasil;178;1486.0;livres distribuidora de audivisual ltda me;21870.0;15.263.576/0001-19;2017;3;23
2017-03-23;split;E1600764000000;ficção;estados unidos;1011617;15189507.6;universal pictures international brazil ltda.;33787.0;24.810.280/0001-61;2017;3;23
2017-03-23;t2 trainspotting;E1600576000000;ficção;reino unido;49839;888992.29;columbia tristar filmes do brasil ltda;84.0;00.979.601/0001-98;2017;3;23
2017-03-23;travessia;B1600068000000;ficção;brasil;4590;60574.27;o2 produções artísticas e cinematográficas ltda.;63.0;67.431.718/0001-03;2017;3;23
2017-03-16;beauty and the beast;E1600795300000;ficção;estados unidos;8308911;130089949.23;the walt disney company (brasil) ltda.;18398.0;73.042.962/0001-87;2017;3;16
2017-03-16;com os punhos cerrados;B1402289000000;ficção;brasil;602;3760.03;pique-bandeira producoes ltda;22312.0;14.210.788/0001-75;2017;3;16
2017-03-16;era o hotel cambridge;B1600690600000;ficção;brasil;30555;313646.51;vitrine filmes ltda;16713.0;11.620.976/0001-83;2017;3;16
2017-03-16;fatima;E1600489100000;ficção;canadá;10696;155802.42;tag cultural distribuidora de filmes ltda;173.0;03.599.148/0001-82;2017;3;16
2017-03-16;história antes de uma história;B1402280900000;animação;brasil;197;1825.5;cinematográfica polifilmes ltda-me;2550.0;60.469.871/0001-80;2017;3;16
2017-03-16;jonas e o circo sem lona;B1600018100000;documentário;brasil;2681;17997.6;vitrine filmes ltda;16713.0;11.620.976/0001-83;2017;3;16
2017-03-16;la vingança;B1700077100000;ficção;argentina;5219;83403.52;sm distribuidora de filmes ltda;11922.0;08.257.054/0001-49;2017;3;16
2017-03-16;le fils de joseph;E1700053100000;ficção;bélgica;7513;103240.41;omf servicos & consultoria ltda;28508.0;21.437.756/0001-72;2017;3;16
2017-03-16;les cowboys;E1700042700000;ficção;frança;3000;37459.43;bonfilm produção e distribuição audiovisual ltda;14462.0;10.383.039/0001-99;2017;3;16
2017-03-16;necktie youth;E1700085600000;ficção;áfrica do sul;809;8275.46;p & m distribuidora de filmes ltda;31931.0;22.910.081/0001-08;2017;3;16
2017-03-16;pedro osmar, prá liberdade que se conquista;B1600466500000;documentário;brasil;185;1810.29;complo producoes e oficinas ltda - me;16669.0;08.035.861/0001-17;2017;3;16
2017-03-16;pedro osmar, prá liberdade que se conquista;B1600466500000;documentário;brasil;6;60.0;kompanhia teatro multimídia de são paulo;57643.0;60.740.149/0001-39;2017;3;16
2017-03-16;por um punhado de dólares - os novos emigrados;B1402301300000;documentário;brasil;259;3188.0;elo audiovisual serviços ltda;5672.0;07.700.630/0001-18;2017;3;16
2017-03-16;por um punhado de dólares - os novos emigrados;B1402301300000;documentário;brasil;47;270.0;telenews service ltda;6.0;31.553.936/0001-73;2017;3;16
2017-03-16;why him?;E1600519500000;ficção;estados unidos;43539;614993.0;fox film do brasil ltda;256.0;33.110.420/0001-80;2017;3;16
2017-03-11;ballet bolshoi: the sleeping beauty;E1600660200000;vídeomusical;inglaterra;1504;41391.0;united cinemas international brasil ltda.;749.0;01.289.530/0001-64;2017;3;11
2017-03-09;denial;E1700029000000;ficção;estados unidos;17580;300941.8;columbia tristar filmes do brasil ltda;84.0;00.979.601/0001-98;2017;3;9
2017-03-09;francisco: el padre jorge;E1600646100000;ficção;argentina;7115;89549.82;rj distribuidora de filmes ltda;5963.0;00.146.442/0001-40;2017;3;9
2017-03-09;guerra do paraguay;B1600172700000;ficção;brasil;760;9609.12;livres distribuidora de audivisual ltda me;21870.0;15.263.576/0001-19;2017;3;9
2017-03-09;hiroshima mon amour;E1600735100000;ficção;frança;6378;74616.44;zeta filmes ltda;22936.0;02.469.679/0001-98;2017;3;9
2017-03-09;kong: skull island;E1500758600000;ficção;estados unidos;1902488;29409745.0;warner bros. (south) inc.;265.0;33.015.827/0001-28;2017;3;9
2017-03-09;médecin de campagne;E1700032500000;ficção;frança;25720;361769.51;cinematográfica distribuidora de filmes ltda;33340.0;23.391.665/0001-79;2017;3;9
2017-03-09;o crime da gávea;B1700052200000;ficção;brasil;760;13605.85;elo audiovisual serviços ltda;5672.0;07.700.630/0001-18;2017;3;9
2017-03-09;olhar instigado;B1600480300000;documentário;brasil;709;5850.5;o2 produções artísticas e cinematográficas ltda.;63.0;67.431.718/0001-03;2017;3;9
2017-03-09;personal shopper;E1700054800000;ficção;frança;14788;210697.7;tag cultural distribuidora de filmes ltda;173.0;03.599.148/0001-82;2017;3;9
2017-03-09;silence;E1600683600000;ficção;méxico;70623;1215633.58;wmix distribuidora ltda.;1935.0;03.918.609/0001-32;2017;3;9
2017-03-09;smetto quando voglio;E1700045900000;ficção;itália;2625;45729.85;circuito cinearte ltda;1083.0;01.425.583/0001-65;2017;3;9
2017-03-09;souvenir;E1700042500000;ficção;frança;6032;79569.88;providence distribuidora de filmes ltda;12443.0;08.656.129/0001-64;2017;3;9
2017-03-09;the founder;E1600386300000;ficção;estados unidos;64383;1242251.1;diamond films do brasil produção e distribuição audiovisual ltda.;22724.0;17.095.184/0001-13;2017;3;9
2017-03-09;the whole truth;E1700049500000;ficção;estados unidos;47324;724854.1;playarte pictures entretenimentos ltda.;443.0;00.943.231/0001-39;2017;3;9
2017-03-08;ghost in the shell;E1700054900000;animação;japão;4017;73990.99;cinemark brasil s.a;1843.0;00.779.721/0001-41;2017;3;8
2017-03-02;estopô balaio;B1600520300000;documentário;brasil;290;1417.5;bela filmes produções ltda me;18625.0;13.359.654/0001-58;2017;3;2
2017-03-02;fences;E1700063700000;ficção;estados unidos;83641;1555695.0;paramount pictures brasil distribuidora de filmes ltda;169.0;27.654.722/0001-16;2017;3;2
2017-03-02;logan;E1600773900000;ficção;estados unidos;6400985;91260487.0;fox film do brasil ltda;256.0;33.110.420/0001-80;2017;3;2
2017-03-02;waiting for b.;B1500916900000;documentário;brasil;1774;11383.44;vitrine filmes ltda;16713.0;11.620.976/0001-83;2017;3;2
2017-02-23;bugigangue no espaço;B1600041000000;animação;brasil;112624;1534609.18;wmix distribuidora ltda.;1935.0;03.918.609/0001-32;2017;2;23
2017-02-23;internet - o filme;B1700044000000;ficção;brasil;380166;4915838.38;sm distribuidora de filmes ltda;11922.0;08.257.054/0001-49;2017;2;23
2017-02-23;live by night;E1600770100000;ficção;estados unidos;42574;769074.0;warner bros. (south) inc.;265.0;33.015.827/0001-28;2017;2;23
2017-02-23;monster trucks;E1700002000000;ficção;estados unidos;340868;4555756.0;paramount pictures brasil distribuidora de filmes ltda;169.0;27.654.722/0001-16;2017;2;23
2017-02-23;moonlight;E1600788800000;ficção;estados unidos;340862;5910480.29;diamond films do brasil produção e distribuição audiovisual ltda.;22724.0;17.095.184/0001-13;2017;2;23
2017-02-23;the girl king;E1700035100000;ficção;alemanha;8466;99030.86;mares filmes eireli;6418.0;07.257.887/0001-47;2017;2;23
2017-02-23;the great wall;E1500758300000;ficção;estados unidos;1717030;27177864.2;universal pictures international brazil ltda.;33787.0;24.810.280/0001-61;2017;2;23
2017-02-23;the unknown girl;E1600684300000;ficção;bélgica;10783;170364.52;antonio fernandes filmes ltda;532.0;02.668.665/0001-01;2017;2;23
2017-02-16;a cure for wellness;E1600766700000;ficção;estados unidos;106245;1472585.0;fox film do brasil ltda;256.0;33.110.420/0001-80;2017;2;16
2017-02-16;a man called ove;E1700043500000;ficção;suécia;13401;184044.94;antonio fernandes filmes ltda;532.0;02.668.665/0001-01;2017;2;16
2017-02-16;allied;E1600699500000;ficção;estados unidos;388644;6628704.0;paramount pictures brasil distribuidora de filmes ltda;169.0;27.654.722/0001-16;2017;2;16
2017-02-16;i am not your negro;E1700046500000;documentário;frança;29626;404863.14;tag cultural distribuidora de filmes ltda;173.0;03.599.148/0001-82;2017;2;16
2017-02-16;john wick: chapter 2;E1700011600000;ficção;estados unidos;552403;7754644.54;sm distribuidora de filmes ltda;11922.0;08.257.054/0001-49;2017;2;16
2017-02-16;já, olga hepnarová;E1700020600000;ficção;eslováquia;2388;24924.98;omf servicos & consultoria ltda;28508.0;21.437.756/0001-72;2017;2;16
2017-02-16;lion;E1600776400000;ficção;estados unidos;209164;3744553.05;diamond films do brasil produção e distribuição audiovisual ltda.;22724.0;17.095.184/0001-13;2017;2;16
2017-02-16;the red turtle;E1600575800000;animação;frança;3671;40439.18;columbia tristar filmes do brasil ltda;84.0;00.979.601/0001-98;2017;2;16
2017-02-11;ballet bolshoi: swan lake;E1600070400000;vídeomusical;rússia;4152;119449.0;united cinemas international brasil ltda.;749.0;01.289.530/0001-64;2017;2;11
2017-02-09;a cidade onde envelheço;B1600181500000;ficção;portugal;9101;70408.98;vitrine filmes ltda;16713.0;11.620.976/0001-83;2017;2;9
2017-02-09;fifty shades darker;E1500757600000;ficção;estados unidos;4628463;66565841.0;universal pictures international brazil ltda.;33787.0;24.810.280/0001-61;2017;2;9
2017-02-09;fight valley;E1700025400000;ficção;estados unidos;162;1917.74;encripta s/a;22364.0;15.182.829/0001-20;2017;2;9
2017-02-09;lego batman the movie dc super heroes unite;E1500826200000;animação;estados unidos;305;8792.2;warner bros. (south) inc.;265.0;33.015.827/0001-28;2017;2;9
2017-02-09;marguerite et julien;E1700011000000;ficção;frança;2089;25074.16;mares filmes eireli;6418.0;07.257.887/0001-47;2017;2;9
2017-02-09;redemoinho;B1600243000000;ficção;brasil;12130;143450.9;vitrine filmes ltda;16713.0;11.620.976/0001-83;2017;2;9
2017-02-09;streetcar named desire;E1500301500000;ficção;estados unidos;40;539.0;warner bros. (south) inc.;265.0;33.015.827/0001-28;2017;2;9
2017-02-09;the lego batman movie;E1700025200000;animação;estados unidos;1336428;19841731.0;warner bros. (south) inc.;265.0;33.015.827/0001-28;2017;2;9
2017-02-09;toni erdmann;E1700023900000;ficção;áustria;22483;347029.78;columbia tristar filmes do brasil ltda;84.0;00.979.601/0001-98;2017;2;9
2017-02-02;clarisse ou alguma coisa sobre nós dois;B1600502400000;ficção;brasil;4207;39101.34;sereia distribuição de filmes ltda;13753.0;08.905.114/0001-92;2017;2;2
2017-02-02;hell or high water;E1600689600000;ficção;estados unidos;52136;930083.3;antonio fernandes filmes ltda;532.0;02.668.665/0001-01;2017;2;2
2017-02-02;hidden figures;E1600763600000;ficção;estados unidos;398251;6633689.0;fox film do brasil ltda;256.0;33.110.420/0001-80;2017;2;2
2017-02-02;jackie;E1600784200000;ficção;chile;85655;1579654.56;diamond films do brasil produção e distribuição audiovisual ltda.;22724.0;17.095.184/0001-13;2017;2;2
2017-02-02;l'attesa;E1600346400000;ficção;frança;14569;200994.61;tag cultural distribuidora de filmes ltda;173.0;03.599.148/0001-82;2017;2;2
2017-02-02;miss sloane;E1600783900000;ficção;estados unidos;4017;53477.68;sm distribuidora de filmes ltda;11922.0;08.257.054/0001-49;2017;2;2
2017-02-02;rings;E1600561100000;ficção;estados unidos;1535871;21147560.0;paramount pictures brasil distribuidora de filmes ltda;169.0;27.654.722/0001-16;2017;2;2
2017-02-02;the beatles: eight days a week - the touring years;E1600767100000;documentário;inglaterra;13050;318057.76;flix media ltda;34385.0;14.173.345/0001-51;2017;2;2
2017-02-02;toc - transtornada, obsessiva, compulsiva;B1600604900000;ficção;brasil;241184;3347154.19;freespirit distribuidora de filmes ltda.;4904.0;07.616.202/0001-01;2017;2;2
2017-01-26;a dog´s purpose;E1600766800000;ficção;estados unidos;512313;6858195.0;universal pictures international brazil ltda.;33787.0;24.810.280/0001-61;2017;1;26
2017-01-26;ballerina;E1600678400000;animação;frança;549291;7639753.22;sm distribuidora de filmes ltda;11922.0;08.257.054/0001-49;2017;1;26
2017-01-26;collateral beauty;E1600769400000;ficção;estados unidos;508380;8123787.0;warner bros. (south) inc.;265.0;33.015.827/0001-28;2017;1;26
2017-01-26;hacksaw ridge;E1600757700000;ficção;estados unidos;271736;4894645.72;diamond films do brasil produção e distribuição audiovisual ltda.;22724.0;17.095.184/0001-13;2017;1;26
2017-01-26;la mort de louis xiv;E1600735200000;ficção;espanha;5212;70603.89;zeta filmes ltda;22936.0;02.469.679/0001-98;2017;1;26
2017-01-26;max steel;E1600683100000;ficção;estados unidos;51289;676160.06;wmix distribuidora ltda.;1935.0;03.918.609/0001-32;2017;1;26
2017-01-26;ray;E1600764200000;ficção;alemanha;6296;80891.16;mares filmes eireli;6418.0;07.257.887/0001-47;2017;1;26
2017-01-26;resident evil 6: the final chapter;E1500758500000;ficção;canadá;1214555;18924216.2;columbia tristar filmes do brasil ltda;84.0;00.979.601/0001-98;2017;1;26
2017-01-26;slack bay;E1600750700000;ficção;frança;2969;32533.65;rj distribuidora de filmes ltda;5963.0;00.146.442/0001-40;2017;1;26
2017-01-26;ya tayr el tayer;E1600666200000;ficção;inglaterra;2649;35030.13;antonio fernandes filmes ltda;532.0;02.668.665/0001-01;2017;1;26
2017-01-25;sinfonia paulistana, um novo olhar;B1301888800000;documentário;brasil;52;1468.5;oka comunicações ltda;1856.0;03.117.764/0001-50;2017;1;25
2017-01-19;axé - canto do povo de um lugar;B1600770800000;documentário;brasil;32053;451907.65;zahir produções audiovisuais ltda - me;34269.0;21.859.901/0001-03;2017;1;19
2017-01-19;la la land;E1600677400000;ficção;estados unidos;1399869;23816101.99;sm distribuidora de filmes ltda;11922.0;08.257.054/0001-49;2017;1;19
2017-01-19;manchester by the sea;E1600573600000;ficção;estados unidos;105869;1868288.5;columbia tristar filmes do brasil ltda;84.0;00.979.601/0001-98;2017;1;19
2017-01-19;os penetras 2 - quem dá mais?;B1600784700000;ficção;brasil;401960;5594424.97;h2o distribuidora de filmes ltda;21541.0;15.372.472/0001-42;2017;1;19
2017-01-19;os saltimbancos trapalhões - rumo a hollywood;B1600738500000;ficção;brasil;95129;1152692.37;freespirit distribuidora de filmes ltda.;4904.0;07.616.202/0001-01;2017;1;19
2017-01-19;xxx: return of xander cage;E1600757200000;ficção;estados unidos;1298025;19757403.0;paramount pictures brasil distribuidora de filmes ltda;169.0;27.654.722/0001-16;2017;1;19
2017-01-12;ah-ga-ssi;E1600763400000;ficção;coréia do sul;39623;564921.02;mares filmes eireli;6418.0;07.257.887/0001-47;2017;1;12
2017-01-12;assassin's creed;E1600517900000;ficção;frança;2058767;32815015.0;fox film do brasil ltda;256.0;33.110.420/0001-80;2017;1;12
2017-01-12;bwakaw;E1600133300000;ficção;filipinas;290;3522.0;mostra internacional de cinema ltda;1797.0;52.009.305/0001-68;2017;1;12
2017-01-12;eu fico loko;B1600789900000;ficção;brasil;559431;6848306.92;sm distribuidora de filmes ltda;11922.0;08.257.054/0001-49;2017;1;12
2017-01-12;the man who fell to earth;E1600736600000;ficção;reino unido;4741;52594.0;zeta filmes ltda;22936.0;02.469.679/0001-98;2017;1;12
2017-01-12;à peine j'ouvre les yeux;E1600774400000;ficção;frança;5224;71558.09;omf servicos & consultoria ltda;28508.0;21.437.756/0001-72;2017;1;12
2017-01-05;a monster calls;E1600459600000;ficção;espanha;18633;313134.35;diamond films do brasil produção e distribuição audiovisual ltda.;22724.0;17.095.184/0001-13;2017;1;5
2017-01-05;i, daniel blake;E1600489200000;ficção;bélgica;106223;1587011.3;tag cultural distribuidora de filmes ltda;173.0;03.599.148/0001-82;2017;1;5
2017-01-05;incarnate;E1600749600000;ficção;estados unidos;142059;2058475.05;playarte pictures entretenimentos ltda.;443.0;00.943.231/0001-39;2017;1;5
2017-01-05;moana;E1600655200000;animação;estados unidos;5150074;71615695.52;the walt disney company (brasil) ltda.;18398.0;73.042.962/0001-87;2017;1;5
2017-01-05;passengers;E1500750300000;ficção;estados unidos;1307677;22678007.98;columbia tristar filmes do brasil ltda;84.0;00.979.601/0001-98;2017;1;5
2017-01-05;the salesman;E1600736500000;ficção;frança;45754;623376.18;providence distribuidora de filmes ltda;12443.0;08.656.129/0001-64;2017;1;5
2016-12-29;as mil e uma noites -  volume 2 o desolado;E1600794100000;ficção;alemanha;529;6051.0;p & m distribuidora de filmes ltda;31931.0;22.910.081/0001-08;2016;12;29
2016-12-29;as mil e uma noites -  volume 3 o encantado;E1600794200000;ficção;alemanha;278;2929.5;p & m distribuidora de filmes ltda;31931.0;22.910.081/0001-08;2016;12;29
2016-12-29;john from;E1700035700000;ficção;frança;558;5223.0;p & m distribuidora de filmes ltda;31931.0;22.910.081/0001-08;2016;12;29
2016-12-29;nocturnal animals;E1600499700000;ficção;estados unidos;699;7016.0;columbia tristar filmes do brasil ltda;84.0;00.979.601/0001-98;2016;12;29
2016-12-29;nocturnal animals;E1600499700000;ficção;estados unidos;107786;1966019.0;universal pictures international brazil ltda.;33787.0;24.810.280/0001-61;2016;12;29
2016-12-29;train to busan;E1600677200000;ficção;coréia do sul;424824;5338013.63;sm distribuidora de filmes ltda;11922.0;08.257.054/0001-49;2016;12;29
2016-12-29;volta á terra;E1700085700000;documentário;portugal;7;84.0;p & m distribuidora de filmes ltda;31931.0;22.910.081/0001-08;2016;12;29
2016-12-29;zjednoczone stany milosci;E1600489400000;ficção;polônia;8367;116127.04;tag cultural distribuidora de filmes ltda;173.0;03.599.148/0001-82;2016;12;29
2016-12-22;captain fantastic;E1600496400000;ficção;estados unidos;101876;1760780.6;universal pictures international brazil ltda.;33787.0;24.810.280/0001-61;2016;12;22
2016-12-22;fai bei sogni;E1600711700000;ficção;frança;13843;180391.79;mares filmes eireli;6418.0;07.257.887/0001-47;2016;12;22
2016-12-22;l'avenir;E1600674200000;ficção;alemanha;22714;311400.69;zeta filmes ltda;22936.0;02.469.679/0001-98;2016;12;22
2016-12-22;la dernière leçon;E1600745700000;ficção;frança;4650;57080.32;esfera produções culturais eireli;18039.0;11.579.388/0001-43;2016;12;22
2016-12-22;minha mãe é uma peça 2;B1600716500000;ficção;brasil;9235788;124695648.46;freespirit distribuidora de filmes ltda.;4904.0;07.616.202/0001-01;2016;12;22
2016-12-22;sing;E1600360800000;animação;estados unidos;2704332;35281990.55;universal pictures international brazil ltda.;33787.0;24.810.280/0001-61;2016;12;22
2016-12-22;the wailing;E1600723600000;ficção;coréia do sul;673;9281.66;antonio fernandes filmes ltda;532.0;02.668.665/0001-01;2016;12;22
2016-12-15;brasil rico - uma discussão sobre prosperidade;B1600750900000;documentário;brasil;62;870.1;cultura maior comunicacao e cultura ltda. - me;22903.0;97.533.170/0001-73;2016;12;15
2016-12-15;kalo pothi;E1600742600000;ficção;alemanha;4156;48620.78;esfera produções culturais eireli;18039.0;11.579.388/0001-43;2016;12;15
2016-12-15;magal e os formigas;B1600442200000;ficção;brasil;849;11512.14;cannes produções s/a;2250.0;72.672.017/0001-04;2016;12;15
2016-12-15;neruda;E1600750200000;ficção;argentina;51483;746979.35;tag cultural distribuidora de filmes ltda;173.0;03.599.148/0001-82;2016;12;15
2016-12-15;rogue one;E1600663000000;ficção;estados unidos;2861624;48265085.87;the walt disney company (brasil) ltda.;18398.0;73.042.962/0001-87;2016;12;15
2016-12-15;sieranevada;E1600712800000;ficção;frança;5514;69239.4;mares filmes eireli;6418.0;07.257.887/0001-47;2016;12;15
2016-12-15;sully;E1600533500000;ficção;estados unidos;368218;6571853.0;warner bros. (south) inc.;265.0;33.015.827/0001-28;2016;12;15
2016-12-15;teresinha;B1600765000000;documentário;brasil;1323;20999.47;sm distribuidora de filmes ltda;11922.0;08.257.054/0001-49;2016;12;15
2016-12-12;roh live: cos fan tutte;E1600674300000;vídeomusical;inglaterra;171;3221.16;cinemark brasil s.a;1843.0;00.779.721/0001-41;2016;12;12
2016-12-08;as you are;E1600721900000;ficção;estados unidos;3067;41044.94;omf servicos & consultoria ltda;28508.0;21.437.756/0001-72;2016;12;8
2016-12-08;fallen;E1600743600000;ficção;estados unidos;235604;3021502.7;h20 produções ltda;24619.0;18.351.980/0001-32;2016;12;8
2016-12-08;masha and the bear;E1600717600000;animação;rússia;353064;4041931.67;sm distribuidora de filmes ltda;11922.0;08.257.054/0001-49;2016;12;8
2016-12-08;o amor no divã;B1600690400000;ficção;brasil;4607;63300.48;vitrine filmes ltda;16713.0;11.620.976/0001-83;2016;12;8
2016-12-08;o vendedor de sonhos;B1600710700000;ficção;brasil;673269;9148523.0;warner bros. (south) inc.;265.0;33.015.827/0001-28;2016;12;8
2016-12-08;office christmas party;E1700029900000;ficção;estados unidos;445601;5795265.0;paramount pictures brasil distribuidora de filmes ltda;169.0;27.654.722/0001-16;2016;12;8
2016-12-08;southside with you;E1600661500000;ficção;estados unidos;9535;164534.14;wmix distribuidora ltda.;1935.0;03.918.609/0001-32;2016;12;8
2016-12-08;tamo junto;B1600603400000;ficção;brasil;84051;1028742.48;sm distribuidora de filmes ltda;11922.0;08.257.054/0001-49;2016;12;8
2016-12-08;until forever;E1600597800000;ficção;estados unidos;13042;184275.65;canzion do brasil ltda;31096.0;18.659.925/0001-04;2016;12;8
2016-12-05;branagh theatre live: romeo and juliet;E1600673900000;ficção;inglaterra;229;4080.0;cinemark brasil s.a;1843.0;00.779.721/0001-41;2016;12;5
2016-12-01;l'economie du couple;E1600651300000;ficção;bélgica;8451;131620.96;tag cultural distribuidora de filmes ltda;173.0;03.599.148/0001-82;2016;12;1
2016-12-01;nadie quiere la noche;E1600642500000;ficção;espanha;11765;165481.88;mares filmes eireli;6418.0;07.257.887/0001-47;2016;12;1
2016-12-01;o filho eterno;B1600713100000;ficção;brasil;22007;348365.26;columbia tristar filmes do brasil ltda;84.0;00.979.601/0001-98;2016;12;1
2016-12-01;o último virgem;B1500897000000;ficção;brasil;126841;1587433.36;freespirit distribuidora de filmes ltda.;4904.0;07.616.202/0001-01;2016;12;1
2016-12-01;robinson crusoe;E1600491200000;animação;bélgica;210934;2672556.05;wmix distribuidora ltda.;1935.0;03.918.609/0001-32;2016;12;1
2016-12-01;sangue del mio sangue;E1600729500000;ficção;frança;6953;93670.37;p & m distribuidora de filmes ltda;31931.0;22.910.081/0001-08;2016;12;1
2016-12-01;underworld: blood wars;E1600733000000;ficção;estados unidos;1135715;16410304.58;columbia tristar filmes do brasil ltda;84.0;00.979.601/0001-98;2016;12;1
2016-12-01;viva;E1600713200000;ficção;cuba;4278;58837.6;encripta s/a;22364.0;15.182.829/0001-20;2016;12;1
2016-12-01;worlds apart;E1600708900000;ficção;grécia;10699;177834.34;playarte pictures entretenimentos ltda.;443.0;00.943.231/0001-39;2016;12;1
2016-11-28;roh live: norma;E1600674400000;vídeomusical;inglaterra;207;3684.0;cinemark brasil s.a;1843.0;00.779.721/0001-41;2016;11;28
2016-11-24;arminda lopes - a estética além da dor;B1500711700000;documentário;brasil;91;723.0;lanca distribuidora de filmes ltda;25115.0;18.384.267/0001-95;2016;11;24
2016-11-24;arrival;E1700028800000;ficção;estados unidos;581942;9549786.44;columbia tristar filmes do brasil ltda;84.0;00.979.601/0001-98;2016;11;24
2016-11-24;de palma;E1600710500000;documentário;estados unidos;772;9434.0;camisa treze cultural ltda;4369.0;05.387.293/0001-25;2016;11;24
2016-11-24;el ardor;B1402130700000;ficção;brasil;234;3710.42;wmix distribuidora ltda.;1935.0;03.918.609/0001-32;2016;11;24
2016-11-24;elis;B1600680100000;ficção;brasil;559896;8493069.23;freespirit distribuidora de filmes ltda.;4904.0;07.616.202/0001-01;2016;11;24
2016-11-24;hector;B1500496500000;ficção;brasil;150;1180.0;cinematográfica polifilmes ltda-me;2550.0;60.469.871/0001-80;2016;11;24
2016-11-24;jack reacher: never go back;E1600733400000;ficção;estados unidos;689955;9548698.2;paramount pictures brasil distribuidora de filmes ltda;169.0;27.654.722/0001-16;2016;11;24
2016-11-24;juste la fin du monde;E1600692700000;ficção;canadá;8469;120602.75;antonio fernandes filmes ltda;532.0;02.668.665/0001-01;2016;11;24
2016-11-24;queen of katwe;E1600539700000;ficção;estados unidos;5064;82513.0;the walt disney company (brasil) ltda.;18398.0;73.042.962/0001-87;2016;11;24
2016-11-24;the disappointments room;E1600597600000;ficção;estados unidos;108763;1388868.17;wmix distribuidora ltda.;1935.0;03.918.609/0001-32;2016;11;24
2016-11-24;toro;B1500496600000;ficção;brasil;105;660.0;cinematográfica polifilmes ltda-me;2550.0;60.469.871/0001-80;2016;11;24
2016-11-21;miss saigon 25th anniversary;E1600674700000;vídeomusical;inglaterra;561;10032.0;cinemark brasil s.a;1843.0;00.779.721/0001-41;2016;11;21
2016-11-19;ballet bolshoi: the golden age;E1600660300000;vídeomusical;inglaterra;703;21006.0;united cinemas international brasil ltda.;749.0;01.289.530/0001-64;2016;11;19
2016-11-17;br 716;B1600405900000;ficção;brasil;10386;145579.73;forte filmes produções artísticas ltda;12699.0;08.787.497/0001-41;2016;11;17
2016-11-17;coragem;B1600685500000;documentário;brasil;314;1833.0;boulevard filmes ltda;17484.0;12.126.484/0001-07;2016;11;17
2016-11-17;creepy;E1600660700000;ficção;japão;4216;51547.56;zeta filmes ltda;22936.0;02.469.679/0001-98;2016;11;17
2016-11-17;elle;E1600499500000;ficção;frança;55598;827580.58;columbia tristar filmes do brasil ltda;84.0;00.979.601/0001-98;2016;11;17
2016-11-17;fantastic beasts and where to find them;E1600631400000;ficção;estados unidos;4344796;66379590.5;warner bros. (south) inc.;265.0;33.015.827/0001-28;2016;11;17
2016-11-17;free state of jones;E1600481600000;ficção;estados unidos;12139;229353.05;sm distribuidora de filmes ltda;11922.0;08.257.054/0001-49;2016;11;17
2016-11-17;le confessioni;E1600539600000;ficção;frança;8267;103588.18;mares filmes eireli;6418.0;07.257.887/0001-47;2016;11;17
2016-11-17;maresia;B1402855900000;ficção;brasil;891;10153.18;e.h. filmes ltda;461.0;00.338.948/0001-51;2016;11;17
2016-11-17;marias;B1600314300000;documentário;brasil;6;60.0;kompanhia teatro multimídia de são paulo;57643.0;60.740.149/0001-39;2016;11;17
2016-11-17;marias;B1600314300000;documentário;brasil;1708;22312.56;vitrine filmes ltda;16713.0;11.620.976/0001-83;2016;11;17
2016-11-17;o amor de catarina;B1600585600000;ficção;brasil;4457;54173.47;cannes produções s/a;2250.0;72.672.017/0001-04;2016;11;17
2016-11-17;o mestre e o divino;B1301988900000;documentário;brasil;728;7703.95;livres distribuidora de audivisual ltda me;21870.0;15.263.576/0001-19;2016;11;17
2016-11-17;sob pressão;B1600685000000;ficção;brasil;39237;542520.79;h2o distribuidora de filmes ltda;21541.0;15.372.472/0001-42;2016;11;17
2016-11-17;umi yori mo mada fukaku;E1600654500000;ficção;japão;14698;224744.67;tag cultural distribuidora de filmes ltda;173.0;03.599.148/0001-82;2016;11;17
2016-11-10;através da sombra;B1500873900000;ficção;brasil;6655;97221.51;cannes produções s/a;2250.0;72.672.017/0001-04;2016;11;10
2016-11-10;deepwater horizon;E1600452400000;ficção;estados unidos;288276;4020189.79;sm distribuidora de filmes ltda;11922.0;08.257.054/0001-49;2016;11;10
2016-11-10;i.t.;E1600515800000;ficção;estados unidos;120970;1775990.04;wmix distribuidora ltda.;1935.0;03.918.609/0001-32;2016;11;10
2016-11-10;le cancre;E1600674500000;ficção;frança;2315;31603.56;omf servicos & consultoria ltda;28508.0;21.437.756/0001-72;2016;11;10
2016-11-10;maggie's plan;E1600328400000;ficção;estados unidos;12916;221476.8;columbia tristar filmes do brasil ltda;84.0;00.979.601/0001-98;2016;11;10
2016-11-10;much loved;E1600386800000;ficção;frança;3969;57652.73;tag cultural distribuidora de filmes ltda;173.0;03.599.148/0001-82;2016;11;10
2016-11-10;muleque té doido 2 - a lenda de dom sebastião;B1600716200000;ficção;brasil;69753;893822.57;rafaela de oliveira goncalves;29112.0;PESSOA FÍSICA;2016;11;10
2016-11-10;nascida de novo;B1600656600000;ficção;brasil;3049;40147.0;maria da graca hughes;34250.0;PESSOA FÍSICA;2016;11;10
2016-11-10;pequeno segredo;B1600530200000;ficção;brasil;187055;2801967.64;diamond films do brasil produção e distribuição audiovisual ltda.;22724.0;17.095.184/0001-13;2016;11;10
2016-11-10;snowden;E1600648000000;ficção;alemanha;108841;2066453.0;the walt disney company (brasil) ltda.;18398.0;73.042.962/0001-87;2016;11;10
2016-11-10;the birth of a nation;E1600518100000;ficção;estados unidos;5646;105155.0;fox film do brasil ltda;256.0;33.110.420/0001-80;2016;11;10
2016-11-10;the day will come;E1600683800000;ficção;dinamarca;1218;14700.46;antonio fernandes filmes ltda;532.0;02.668.665/0001-01;2016;11;10
2016-11-03;canção da volta;B1500542500000;ficção;brasil;2404;34189.81;providence distribuidora de filmes ltda;12443.0;08.656.129/0001-64;2016;11;3
2016-11-03;cinema novo;B1600640900000;documentário;brasil;6958;90543.39;vitrine filmes ltda;16713.0;11.620.976/0001-83;2016;11;3
2016-11-03;curumim, o homem que queria voar;B1600651600000;documentário;brasil;2663;42132.53;zazen produções audiovisuais ltda.;611.0;01.803.185/0001-35;2016;11;3
2016-11-03;cícero dias , o compadre de picasso;B1600529400000;documentário;brasil;1206;17546.91;com domínio produções ltda;16431.0;09.324.313/0001-70;2016;11;3
2016-11-03;doctor strange;E1600482800000;ficção;estados unidos;4797907;74736773.77;the walt disney company (brasil) ltda.;18398.0;73.042.962/0001-87;2016;11;3
2016-11-03;elser;E1600539500000;ficção;alemanha;15418;221014.82;mares filmes eireli;6418.0;07.257.887/0001-47;2016;11;3
2016-11-03;indignation;E1600642200000;ficção;estados unidos;15874;245568.38;columbia tristar filmes do brasil ltda;84.0;00.979.601/0001-98;2016;11;3
2016-11-03;stranger than paradise;E1600647800000;ficção;estados unidos;3226;39543.87;zeta filmes ltda;22936.0;02.469.679/0001-98;2016;11;3
2016-11-03;the light between oceans;E1600452500000;ficção;estados unidos;54945;905157.87;sm distribuidora de filmes ltda;11922.0;08.257.054/0001-49;2016;11;3
2016-10-27;a hard day;E1600473000000;ficção;coréia do sul;1846;17331.77;p & m distribuidora de filmes ltda;31931.0;22.910.081/0001-08;2016;10;27
2016-10-27;amnesia;E1600385800000;ficção;frança;9817;142915.76;tag cultural distribuidora de filmes ltda;173.0;03.599.148/0001-82;2016;10;27
2016-10-27;jonas;B1600421600000;ficção;brasil;1421;18896.65;encripta s/a;22364.0;15.182.829/0001-20;2016;10;27
2016-10-27;jongens;E1600508200000;ficção;holanda;1531;22784.48;encripta s/a;22364.0;15.182.829/0001-20;2016;10;27
2016-10-27;satanic;E1600648600000;ficção;estados unidos;8087;83635.34;p & m distribuidora de filmes ltda;31931.0;22.910.081/0001-08;2016;10;27
2016-10-27;skiptrace;E1600657800000;ficção;china;44504;602442.1;sm distribuidora de filmes ltda;11922.0;08.257.054/0001-49;2016;10;27
2016-10-27;the girl on the train;E1600501000000;ficção;estados unidos;685138;10663993.01;columbia tristar filmes do brasil ltda;84.0;00.979.601/0001-98;2016;10;27
2016-10-27;trolls;E1600394800000;animação;estados unidos;1888204;26270665.0;fox film do brasil ltda;256.0;33.110.420/0001-80;2016;10;27
2016-10-22;ballet bolshoi the bright stream;E1600631500000;vídeomusical;inglaterra;382;10916.5;united cinemas international brasil ltda.;749.0;01.289.530/0001-64;2016;10;22
2016-10-20;caprice;E1600311400000;ficção;frança;10960;152452.82;mares filmes eireli;6418.0;07.257.887/0001-47;2016;10;20
2016-10-20;everybody wants some;E1600294900000;ficção;estados unidos;3087;46794.4;antonio fernandes filmes ltda;532.0;02.668.665/0001-01;2016;10;20
2016-10-20;genius;E1600372400000;ficção;estados unidos;24737;422643.08;diamond films do brasil produção e distribuição audiovisual ltda.;22724.0;17.095.184/0001-13;2016;10;20
2016-10-20;michael buble;E1600625100000;documentário;inglaterra;456;12235.5;cinemark brasil s.a;1843.0;00.779.721/0001-41;2016;10;20
2016-10-20;ouija: origin of evil;E1500750000000;ficção;estados unidos;452275;5828111.92;columbia tristar filmes do brasil ltda;84.0;00.979.601/0001-98;2016;10;20
2016-10-20;the 9th life of louis drax;E1600489800000;ficção;canadá;9364;172828.25;wmix distribuidora ltda.;1935.0;03.918.609/0001-32;2016;10;20
2016-10-20;the accountant;E1600533600000;ficção;estados unidos;758139;12028582.0;warner bros. (south) inc.;265.0;33.015.827/0001-28;2016;10;20
2016-10-13;barcelona, nit d'estiu;E1600548300000;ficção;espanha;11767;166542.4;providence distribuidora de filmes ltda;12443.0;08.656.129/0001-64;2016;10;13
2016-10-13;barry lyndon;E1402796400000;ficção;reino unido;681;6376.5;f. j. cines ltda;310.0;61.574.109/0001-27;2016;10;13
2016-10-13;barry lyndon;E1402796400000;ficção;reino unido;105;1228.0;warner bros. (south) inc.;265.0;33.015.827/0001-28;2016;10;13
2016-10-13;deixe-me viver;B1600599600000;ficção;brasil;53837;724116.79;cv&f produções ltda;7024.0;04.515.348/0001-72;2016;10;13
2016-10-13;do pó da terra;B1600012800000;documentário;brasil;1357;19172.65;o2 produções artísticas e cinematográficas ltda.;63.0;67.431.718/0001-03;2016;10;13
2016-10-13;inferno;E1500749200000;ficção;estados unidos;2193152;32877121.3;columbia tristar filmes do brasil ltda;84.0;00.979.601/0001-98;2016;10;13
2016-10-13;kubo and the two strings;E1500748200000;animação;estados unidos;141139;1877702.87;columbia tristar filmes do brasil ltda;84.0;00.979.601/0001-98;2016;10;13
2016-10-13;kóblic;E1600342200000;ficção;argentina;62635;1054381.04;sm distribuidora de filmes ltda;11922.0;08.257.054/0001-49;2016;10;13
2016-10-13;o shaolin do sertão;B1600567900000;ficção;brasil;610741;7973943.72;freespirit distribuidora de filmes ltda.;4904.0;07.616.202/0001-01;2016;10;13
2016-10-13;strangerland;E1600312400000;ficção;austrália;7456;113192.74;tag cultural distribuidora de filmes ltda;173.0;03.599.148/0001-82;2016;10;13
2016-10-10;batman: return of the caped crusaders;E1600642100000;animação;estados unidos;837;19638.0;warner bros. (south) inc.;265.0;33.015.827/0001-28;2016;10;10
2016-10-06;2001 : a space odyssey;E1600650800000;ficção;reino unido;1430;15108.0;f. j. cines ltda;310.0;61.574.109/0001-27;2016;10;6
2016-10-06;2001 : a space odyssey;E1600650800000;ficção;reino unido;2848;38210.15;warner bros. (south) inc.;265.0;33.015.827/0001-28;2016;10;6
2016-10-06;al final del tunel;E1600578900000;ficção;espanha;16461;276405.0;warner bros. (south) inc.;265.0;33.015.827/0001-28;2016;10;6
2016-10-06;comme un avion;E1600456800000;ficção;frança;2323;31118.79;mares filmes eireli;6418.0;07.257.887/0001-47;2016;10;6
2016-10-06;little sister;E1600573400000;ficção;estados unidos;3994;60036.03;omf servicos & consultoria ltda;28508.0;21.437.756/0001-72;2016;10;6
2016-10-06;mechanic: ressurrection;E1600457200000;ficção;estados unidos;341917;4611325.11;sm distribuidora de filmes ltda;11922.0;08.257.054/0001-49;2016;10;6
2016-10-06;our kind of traitor;E1600310100000;ficção;reino unido;14748;279162.77;diamond films do brasil produção e distribuição audiovisual ltda.;22724.0;17.095.184/0001-13;2016;10;6
2016-10-06;razors:the return of jack the ripper;E1600561300000;ficção;reino unido;2759;34338.91;cinematográfica distribuidora de filmes ltda;33340.0;23.391.665/0001-79;2016;10;6
2016-10-06;sausage party;E1500744900000;animação;estados unidos;138036;1877987.32;columbia tristar filmes do brasil ltda;84.0;00.979.601/0001-98;2016;10;6
2016-10-06;the hallow;E1600586900000;ficção;irlanda;91775;1262429.32;playarte pictures entretenimentos ltda.;443.0;00.943.231/0001-39;2016;10;6
2016-10-06;the purge: election year;E1600733800000;ficção;frança;38954;539208.52;columbia tristar filmes do brasil ltda;84.0;00.979.601/0001-98;2016;10;6
2016-10-06;the rolling stones havana moon (documentário);E1600533800000;documentário;cuba;2079;52980.0;cinemark brasil s.a;1843.0;00.779.721/0001-41;2016;10;6
2016-10-06;un tango más;E1600435100000;documentário;alemanha;13561;209451.59;tag cultural distribuidora de filmes ltda;173.0;03.599.148/0001-82;2016;10;6
2016-10-06;é fada!;B1600532800000;ficção;brasil;1722069;21240910.24;wmix distribuidora ltda.;1935.0;03.918.609/0001-32;2016;10;6
2016-09-29;1976 - o ano da invasão corinthiana;B1600603300000;documentário;brasil;5944;53428.52;conexão cultural serviços ltda;22060.0;01.619.645/0001-70;2016;9;29
2016-09-29;bridget jone's baby;E1600357800000;ficção;estados unidos;313400;5655481.23;columbia tristar filmes do brasil ltda;84.0;00.979.601/0001-98;2016;9;29
2016-09-29;magallanes;E1600548400000;ficção;argentina;3676;46599.87;esfera produções culturais eireli;18039.0;11.579.388/0001-43;2016;9;29
2016-09-29;masterminds;E1500513800000;ficção;estados unidos;617090;8430425.77;wmix distribuidora ltda.;1935.0;03.918.609/0001-32;2016;9;29
2016-09-29;miss peregrine's home for peculiar children;E1600395300000;ficção;bélgica;2182599;32923221.0;fox film do brasil ltda;256.0;33.110.420/0001-80;2016;9;29
2016-09-29;pete´s dragon;E1600438200000;ficção;estados unidos;296001;3915192.3;the walt disney company (brasil) ltda.;18398.0;73.042.962/0001-87;2016;9;29
2016-09-29;precisamos falar do assédio;B1600517400000;documentário;brasil;241;2042.63;mira filmes ltda - me;17344.0;04.650.621/0001-71;2016;9;29
2016-09-29;stonewall;E1600556800000;ficção;estados unidos;1643;23336.09;encripta s/a;22364.0;15.182.829/0001-20;2016;9;29
2016-09-29;the neon demon;E1600488000000;ficção;dinamarca;2564;36022.26;antonio fernandes filmes ltda;532.0;02.668.665/0001-01;2016;9;29
2016-09-29;um homem só;B1402301100000;ficção;brasil;4184;59021.39;freespirit distribuidora de filmes ltda.;4904.0;07.616.202/0001-01;2016;9;29
2016-09-29;zé de julião, muito além do cangaço;B1600019500000;documentário;brasil;196;2905.88;luz xxi cine video ltda;406.0;71.617.252/0001-02;2016;9;29
2016-09-22;belles familles;E1600483800000;ficção;frança;5642;65865.04;providence distribuidora de filmes ltda;12443.0;08.656.129/0001-64;2016;9;22
2016-09-22;charlote sp;B1600306000000;ficção;brasil;432;6123.81;raiz distribuidora audiovisual ltda.;11792.0;08.331.280/0001-22;2016;9;22
2016-09-22;la corrispondenza;E1600497600000;ficção;itália;22998;362530.59;playarte pictures entretenimentos ltda.;443.0;00.943.231/0001-39;2016;9;22
2016-09-22;marginal;B1600624200000;documentário;brasil;114;1520.34;trator filmes ltda;12965.0;08.164.917/0001-33;2016;9;22
2016-09-22;nervos de aço;B1500257400000;ficção;brasil;127;2042.07;livres distribuidora de audivisual ltda me;21870.0;15.263.576/0001-19;2016;9;22
2016-09-22;o silêncio do céu;B1600500300000;ficção;brasil;11236;142259.09;vitrine filmes ltda;16713.0;11.620.976/0001-83;2016;9;22
2016-09-22;palmeiras, o campeão do século;B1600602000000;documentário;brasil;5336;76393.14;conexão cultural serviços ltda;22060.0;01.619.645/0001-70;2016;9;22
2016-09-22;storks;E1600405300000;animação;estados unidos;1334456;18084778.18;warner bros. (south) inc.;265.0;33.015.827/0001-28;2016;9;22
2016-09-22;the magnificent seven;E1500746400000;ficção;estados unidos;618236;9448213.19;columbia tristar filmes do brasil ltda;84.0;00.979.601/0001-98;2016;9;22
2016-09-22;the man who knew infinity;E1600386100000;ficção;reino unido;23479;402239.88;diamond films do brasil produção e distribuição audiovisual ltda.;22724.0;17.095.184/0001-13;2016;9;22
2016-09-22;the valley of love;E1600138600000;ficção;bélgica;14082;204936.43;tag cultural distribuidora de filmes ltda;173.0;03.599.148/0001-82;2016;9;22
2016-09-22;tô ryca!;B1600043800000;ficção;brasil;1121570;14835057.9;freespirit distribuidora de filmes ltda.;4904.0;07.616.202/0001-01;2016;9;22
2016-09-15;blair witch;E1600500700000;ficção;estados unidos;804044;10656554.04;sm distribuidora de filmes ltda;11922.0;08.257.054/0001-49;2016;9;15
2016-09-15;desculpe o transtorno;B1600454400000;ficção;brasil;153234;1935131.0;the walt disney company (brasil) ltda.;18398.0;73.042.962/0001-87;2016;9;15
2016-09-15;hestórias da psicanálise - leitores de freud;B1600476600000;documentário;brasil;10716;161799.88;circuito cinearte ltda;1083.0;01.425.583/0001-65;2016;9;15
2016-09-15;lady and the tramp;E1600456900000;animação;estados unidos;1956;18843.0;the walt disney company (brasil) ltda.;18398.0;73.042.962/0001-87;2016;9;15
2016-09-15;lua em sagitário;B1600564300000;ficção;argentina;3223;35577.36;elo audiovisual serviços ltda;5672.0;07.700.630/0001-18;2016;9;15
2016-09-15;mate-me por favor;B1500651700000;ficção;argentina;9873;116368.43;reserva nacional distribuidora de filmes ltda.;11868.0;08.346.733/0001-94;2016;9;15
2016-09-15;mon roi;E1600457100000;ficção;frança;25100;338106.84;mares filmes eireli;6418.0;07.257.887/0001-47;2016;9;15
2016-09-15;mortadelo & filemon : mission implausible;E1500660600000;animação;espanha;6306;100582.32;sc comunicações ltda;22000.0;10.341.556/0001-03;2016;9;15
2016-09-15;olympia 2016;B1600514100000;ficção;brasil;578;8598.65;p & m distribuidora de filmes ltda;31931.0;22.910.081/0001-08;2016;9;15
2016-09-15;os senhores da guerra;B1600280100000;ficção;brasil;5197;66005.52;walper ruas produções ltda;1572.0;05.456.798/0001-02;2016;9;15
2016-09-15;the infiltrator;E1600413600000;ficção;estados unidos;67469;1341692.54;wmix distribuidora ltda.;1935.0;03.918.609/0001-32;2016;9;15
2016-09-15;turbulência;B1600083900000;ficção;brasil;755;8447.6;freespirit distribuidora de filmes ltda.;4904.0;07.616.202/0001-01;2016;9;15
2016-09-08;a man in the dark;E1500745700000;ficção;estados unidos;770587;10154033.55;columbia tristar filmes do brasil ltda;84.0;00.979.601/0001-98;2016;9;8
2016-09-08;andre rieu - concert  maastricht 2016;E1600431000000;vídeomusical;inglaterra;2333;74124.0;cinemark brasil s.a;1843.0;00.779.721/0001-41;2016;9;8
2016-09-08;blood father;E1600488400000;ficção;estados unidos;62435;856037.07;antonio fernandes filmes ltda;532.0;02.668.665/0001-01;2016;9;8
2016-09-08;en mai, fais ce qu'il te  plait;E1600517100000;ficção;frança;5963;82829.12;p & m distribuidora de filmes ltda;31931.0;22.910.081/0001-08;2016;9;8
2016-09-08;jaime lerner - uma historia de sonhos;B1600187400000;documentário;brasil;408;5512.25;providence distribuidora de filmes ltda;12443.0;08.656.129/0001-64;2016;9;8
2016-09-08;last days in the desert;E1500313500000;ficção;estados unidos;7577;117607.71;mares filmes eireli;6418.0;07.257.887/0001-47;2016;9;8
2016-09-08;nine lives;E1600382000000;ficção;china;36555;458669.83;diamond films do brasil produção e distribuição audiovisual ltda.;22724.0;17.095.184/0001-13;2016;9;8
2016-09-08;nós duas descendo a escada;B1500899000000;ficção;brasil;1438;18085.44;lanca distribuidora de filmes ltda;25115.0;18.384.267/0001-95;2016;9;8
2016-09-08;o roubo da taça;B1600408200000;ficção;brasil;30209;397360.64;sm distribuidora de filmes ltda;11922.0;08.257.054/0001-49;2016;9;8
2016-09-08;o touro;B1500452100000;documentário;brasil;247;2635.08;cazumba producoes culturais ltda;32206.0;19.668.184/0001-90;2016;9;8
2016-09-08;war dogs;E1600478000000;ficção;estados unidos;55478;1157191.0;warner bros. (south) inc.;265.0;33.015.827/0001-28;2016;9;8
2016-09-01;aquarius;B1600478600000;ficção;brasil;357024;5272250.34;vitrine filmes ltda;16713.0;11.620.976/0001-83;2016;9;1
2016-09-01;before i wake;E1600488200000;ficção;estados unidos;114620;1507807.07;playarte pictures entretenimentos ltda.;443.0;00.943.231/0001-39;2016;9;1
2016-09-01;kollektivet;E1600279200000;ficção;dinamarca;20134;302216.97;antonio fernandes filmes ltda;532.0;02.668.665/0001-01;2016;9;1
2016-09-01;la pazza gioia;E1600432500000;ficção;frança;20740;309389.2;tag cultural distribuidora de filmes ltda;173.0;03.599.148/0001-82;2016;9;1
2016-09-01;rondon, o desbravador;B1500475400000;ficção;brasil;2321;23670.4;cannes produções s/a;2250.0;72.672.017/0001-04;2016;9;1
2016-09-01;star trek beyond;E1600413300000;ficção;estados unidos;833246;14500551.0;paramount pictures brasil distribuidora de filmes ltda;169.0;27.654.722/0001-16;2016;9;1
2016-09-01;um namorado para minha mulher;B1600436900000;ficção;brasil;665999;9028755.59;sm distribuidora de filmes ltda;11922.0;08.257.054/0001-49;2016;9;1
2016-08-25;café society;E1600401400000;ficção;estados unidos;341509;6557976.35;wmix distribuidora ltda.;1935.0;03.918.609/0001-32;2016;8;25
2016-08-25;lolo;E1600457000000;ficção;frança;17464;245700.85;mares filmes eireli;6418.0;07.257.887/0001-47;2016;8;25
2016-08-25;nerve;E1600397100000;ficção;estados unidos;397297;5572820.76;sm distribuidora de filmes ltda;11922.0;08.257.054/0001-49;2016;8;25
2016-08-25;the secret life of pets;E1500745000000;animação;estados unidos;4415952;62073986.57;columbia tristar filmes do brasil ltda;84.0;00.979.601/0001-98;2016;8;25
2016-08-25;the secret life of pets;E1500745000000;animação;estados unidos;2488;27287.2;universal pictures international brazil ltda.;33787.0;24.810.280/0001-61;2016;8;25
2016-08-25;the shallows;E1500750900000;ficção;estados unidos;393105;5148335.44;columbia tristar filmes do brasil ltda;84.0;00.979.601/0001-98;2016;8;25
2016-08-18;82 minutos;B1600422600000;documentário;brasil;159;2642.19;comunicação alternativa ltda;380.0;31.399.272/0001-30;2016;8;18
2016-08-18;barbie starlight adventure;E1600508500000;animação;estados unidos;2723;36969.0;cinepolis operadora de cinemas do brasil ltda;17266.0;09.652.820/0001-32;2016;8;18
2016-08-18;ben-hur;E1600412700000;ficção;estados unidos;1309875;21343492.0;paramount pictures brasil distribuidora de filmes ltda;169.0;27.654.722/0001-16;2016;8;18
2016-08-18;francofonia;E1600347300000;documentário;alemanha;27789;440559.36;tag cultural distribuidora de filmes ltda;173.0;03.599.148/0001-82;2016;8;18
2016-08-18;les chaises musicales;E1600451700000;ficção;frança;5910;76361.4;providence distribuidora de filmes ltda;12443.0;08.656.129/0001-64;2016;8;18
2016-08-18;lights out;E1600252000000;ficção;estados unidos;823195;10784162.0;warner bros. (south) inc.;265.0;33.015.827/0001-28;2016;8;18
2016-08-18;mercuriales;E1600465800000;ficção;frança;1361;20419.88;omf servicos & consultoria ltda;28508.0;21.437.756/0001-72;2016;8;18
2016-08-18;ponho a mão no fogo;B1600494700000;ficção;brasil;59;320.0;2amados serviços de fotografia ltda;33404.0;07.944.799/0001-13;2016;8;18
2016-08-18;quo vado;E1600410900000;ficção;itália;12396;172029.58;vitrine filmes ltda;16713.0;11.620.976/0001-83;2016;8;18
2016-08-11;bad moms;E1600369600000;ficção;estados unidos;80781;1202800.17;diamond films do brasil produção e distribuição audiovisual ltda.;22724.0;17.095.184/0001-13;2016;8;11
2016-08-11;brasil s/a;B1500169500000;ficção;brasil;2432;16899.8;inquieta cinema, cultura e comunicacao ltda.;29984.0;21.805.885/0001-76;2016;8;11
2016-08-11;central intelligence;E1500744200000;ficção;inglaterra;391146;5096081.11;columbia tristar filmes do brasil ltda;84.0;00.979.601/0001-98;2016;8;11
2016-08-11;el gallo con muchos huevos;E1500800000000;animação;méxico;31898;361303.09;sm distribuidora de filmes ltda;11922.0;08.257.054/0001-49;2016;8;11
2016-08-11;floride;E1600362100000;ficção;frança;18810;239548.24;mares filmes eireli;6418.0;07.257.887/0001-47;2016;8;11
2016-08-11;l'hermine;E1600279000000;ficção;frança;6978;99033.32;antonio fernandes filmes ltda;532.0;02.668.665/0001-01;2016;8;11
2016-08-11;la french;E1600054800000;ficção;bélgica;18650;313932.76;tag cultural distribuidora de filmes ltda;173.0;03.599.148/0001-82;2016;8;11
2016-08-11;love and friendship;E1600438100000;ficção;frança;31552;526447.06;antonio fernandes filmes ltda;532.0;02.668.665/0001-01;2016;8;11
2016-08-07;xingu cariri caruaru carioca;B1500407700000;documentário;brasil;583;5888.15;alo video ltda - me;858.0;31.390.347/0001-11;2016;8;7
2016-08-04;a hologram for the king;E1600311200000;ficção;alemanha;46916;850907.46;mares filmes eireli;6418.0;07.257.887/0001-47;2016;8;4
2016-08-04;a loucura entre nós;B1600296800000;documentário;brasil;5190;64350.11;aguas de marco filmes ltda me;19054.0;13.535.692/0001-14;2016;8;4
2016-08-04;a monster with thousand heads;E1600156300000;ficção;méxico;1058;16165.61;rj distribuidora de filmes ltda;5963.0;00.146.442/0001-40;2016;8;4
2016-08-04;fome;B1500636700000;ficção;brasil;1193;14813.44;vitrine filmes ltda;16713.0;11.620.976/0001-83;2016;8;4
2016-08-04;heart of a dog;E1600019300000;documentário;frança;1576;21382.01;bretz filmes distribuidora e produtora ltda - epp;19243.0;39.079.678/0001-47;2016;8;4
2016-08-04;les chevaliers blancs;E1600346300000;ficção;bélgica;1688;25787.86;tag cultural distribuidora de filmes ltda;173.0;03.599.148/0001-82;2016;8;4
2016-08-04;suicide squad;E1600434700000;ficção;estados unidos;7828026;118084796.0;warner bros. (south) inc.;265.0;33.015.827/0001-28;2016;8;4
2016-08-04;the meddler;E1600337500000;ficção;estados unidos;24682;424774.69;columbia tristar filmes do brasil ltda;84.0;00.979.601/0001-98;2016;8;4
2016-08-04;un homme á la hauteur;E1600277800000;ficção;frança;6098;92812.94;antonio fernandes filmes ltda;532.0;02.668.665/0001-01;2016;8;4
2016-08-04;vidas partidas;B1600439700000;ficção;brasil;5857;79485.81;cannes produções s/a;2250.0;72.672.017/0001-04;2016;8;4
2016-07-28;desde allá;E1600380400000;ficção;méxico;7324;106928.23;tag cultural distribuidora de filmes ltda;173.0;03.599.148/0001-82;2016;7;28
2016-07-28;jason bourne;E1600497300000;ficção;estados unidos;648312;10593020.6;columbia tristar filmes do brasil ltda;84.0;00.979.601/0001-98;2016;7;28
2016-07-28;la vache;E1600350200000;ficção;frança;9801;144598.22;sm distribuidora de filmes ltda;11922.0;08.257.054/0001-49;2016;7;28
2016-07-28;mike and dave need wedding dates;E1600395400000;ficção;estados unidos;105985;1512501.0;fox film do brasil ltda;256.0;33.110.420/0001-80;2016;7;28
2016-07-28;nahid;E1600395200000;ficção;irã;18029;249718.1;p & m distribuidora de filmes ltda;31931.0;22.910.081/0001-08;2016;7;28
2016-07-28;o diabo mora aqui;B1600041400000;ficção;brasil;1055;18558.64;providence distribuidora de filmes ltda;12443.0;08.656.129/0001-64;2016;7;28
2016-07-28;rocco and his brothers;E1500840900000;ficção;frança;1271;12044.5;mostra de cinema, cultura e eventos ltda;29957.0;18.167.238/0001-71;2016;7;28
2016-07-28;the bfg;E1600404900000;ficção;canadá;640571;9243301.0;the walt disney company (brasil) ltda.;18398.0;73.042.962/0001-87;2016;7;28
2016-07-25;batman: the killing joke;E1600304800000;animação;estados unidos;24934;587213.0;warner bros. (south) inc.;265.0;33.015.827/0001-28;2016;7;25
2016-07-21;a perfect day;E1600432000000;ficção;espanha;6888;104866.77;esfera produções culturais eireli;18039.0;11.579.388/0001-43;2016;7;21
2016-07-21;chocolat;E1600278500000;ficção;frança;39960;645964.2;antonio fernandes filmes ltda;532.0;02.668.665/0001-01;2016;7;21
2016-07-21;entre idas e vindas;B1600355900000;ficção;brasil;109698;1535091.72;wmix distribuidora ltda.;1935.0;03.918.609/0001-32;2016;7;21
2016-07-21;life;E1500271100000;ficção;reino unido;4905;76620.29;sm distribuidora de filmes ltda;11922.0;08.257.054/0001-49;2016;7;21
2016-07-21;mãe só há uma;B1600416100000;ficção;brasil;33461;434613.08;vitrine filmes ltda;16713.0;11.620.976/0001-83;2016;7;21
2016-07-21;the legend of tarzan;E1600251800000;ficção;estados unidos;2288390;35532600.0;warner bros. (south) inc.;265.0;33.015.827/0001-28;2016;7;21
2016-07-21;the nice guys;E1600174000000;ficção;estados unidos;102340;1718088.02;diamond films do brasil produção e distribuição audiovisual ltda.;22724.0;17.095.184/0001-13;2016;7;21
2016-07-14;carrossel 2 - o sumiço de maria joaquina;B1600352700000;ficção;brasil;2525347;28590845.61;sm distribuidora de filmes ltda;11922.0;08.257.054/0001-49;2016;7;14
2016-07-14;ghostbusters iii;E1600496600000;ficção;estados unidos;1310703;19791405.14;columbia tristar filmes do brasil ltda;84.0;00.979.601/0001-98;2016;7;14
2016-07-14;la vanité;E1600403200000;ficção;frança;5472;76826.79;omf servicos & consultoria ltda;28508.0;21.437.756/0001-72;2016;7;14
2016-07-14;les innocentes;E1600362200000;ficção;frança;46692;611177.48;mares filmes eireli;6418.0;07.257.887/0001-47;2016;7;14
2016-07-14;visions;E1600350300000;ficção;estados unidos;74108;1006575.52;playarte pictures entretenimentos ltda.;443.0;00.943.231/0001-39;2016;7;14
2016-07-07;florence foster jenkins;E1600257900000;ficção;reino unido;135194;2522861.7;wmix distribuidora ltda.;1935.0;03.918.609/0001-32;2016;7;7
2016-07-07;ice age: collision course;E1600182700000;animação;estados unidos;5260867;71250061.0;fox film do brasil ltda;256.0;33.110.420/0001-80;2016;7;7
2016-07-07;janis little girl blue;E1600226000000;documentário;estados unidos;25114;343531.34;zeta filmes ltda;22936.0;02.469.679/0001-98;2016;7;7
2016-07-07;julieta;E1600356700000;ficção;espanha;199484;3219771.07;columbia tristar filmes do brasil ltda;84.0;00.979.601/0001-98;2016;7;7
2016-07-07;julieta;E1600356700000;ficção;espanha;1;51.79;universal pictures international brazil ltda.;33787.0;24.810.280/0001-61;2016;7;7
2016-07-07;la belle saison;E1600366300000;ficção;bélgica;5286;63183.86;providence distribuidora de filmes ltda;12443.0;08.656.129/0001-64;2016;7;7
2016-07-07;menino 23 - infâncias perdidas no brasil;B1600280000000;documentário;brasil;7102;94626.8;elo audiovisual serviços ltda;5672.0;07.700.630/0001-18;2016;7;7
2016-07-07;torneranno i prati;E1500846700000;ficção;itália;1777;18255.95;mostra de cinema, cultura e eventos ltda;29957.0;18.167.238/0001-71;2016;7;7
2016-07-07;travessias;B1500754900000;ficção;brasil;16132;80640.5;sirino e silvestre ltda-me;2234.0;00.487.854/0001-44;2016;7;7
2016-06-30;a morte de j.p.cuenca;B1600084400000;ficção;brasil;339;3547.1;dm filmes e produções artísticas ltda;5816.0;01.125.538/0001-95;2016;6;30
2016-06-30;estive em lisboa e lembrei de você;B1500865900000;ficção;portugal;3834;40132.9;tucumán distribuidora de filmes ltda;16132.0;10.681.698/0001-01;2016;6;30
2016-06-30;finding dory;E1600258900000;animação;estados unidos;8189889;113502593.34;the walt disney company (brasil) ltda.;18398.0;73.042.962/0001-87;2016;6;30
2016-06-30;futuro junho;B1500699400000;documentário;brasil;392;3129.49;ludwig maia arthouse distribuidora de filmes ltda;22808.0;05.249.852/0001-30;2016;6;30
2016-06-30;incompresa;E1600139200000;ficção;frança;5059;80094.95;tag cultural distribuidora de filmes ltda;173.0;03.599.148/0001-82;2016;6;30
2016-06-30;porta dos fundos - contrato vitalício;B1600368700000;ficção;brasil;454569;6208337.13;freespirit distribuidora de filmes ltda.;4904.0;07.616.202/0001-01;2016;6;30
2016-06-23;all three of us;E1600339800000;ficção;frança;9194;129568.78;rj distribuidora de filmes ltda;5963.0;00.146.442/0001-40;2016;6;23
2016-06-23;independence day resurgence;E1600182600000;ficção;estados unidos;1829856;28268836.0;fox film do brasil ltda;256.0;33.110.420/0001-80;2016;6;23
2016-06-23;mais forte que o mundo - a história de josé aldo;B1600294500000;ficção;brasil;565916;7793731.83;sm distribuidora de filmes ltda;11922.0;08.257.054/0001-49;2016;6;23
2016-06-23;marguerite;E1600312100000;ficção;bélgica;34979;481210.02;mares filmes eireli;6418.0;07.257.887/0001-47;2016;6;23
2016-06-23;o caseiro;B1600227000000;ficção;brasil;11856;153425.65;cannes produções s/a;2250.0;72.672.017/0001-04;2016;6;23
2016-06-23;paratodos;B1600358100000;documentário;brasil;3146;38233.51;o2 produções artísticas e cinematográficas ltda.;63.0;67.431.718/0001-03;2016;6;23
2016-06-23;race;E1600349900000;ficção;alemanha;3147;48377.22;diamond films do brasil produção e distribuição audiovisual ltda.;22724.0;17.095.184/0001-13;2016;6;23
2016-06-23;shan he gu ren;E1600158400000;ficção;china;13476;199304.79;tag cultural distribuidora de filmes ltda;173.0;03.599.148/0001-82;2016;6;23
2016-06-23;visita ou memórias e confissões;E1600215800000;documentário;portugal;1459;16304.5;mostra de cinema, cultura e eventos ltda;29957.0;18.167.238/0001-71;2016;6;23
2016-06-18;ballet bolshoi don quixote;E1600279700000;vídeomusical;inglaterra;2226;62936.0;united cinemas international brasil ltda.;749.0;01.289.530/0001-64;2016;6;18
2016-06-16;big jato;B1500392400000;ficção;brasil;11528;149805.59;ludwig maia arthouse distribuidora de filmes ltda;22808.0;05.249.852/0001-30;2016;6;16
2016-06-16;doonby;E1600309600000;ficção;estados unidos;1912;21342.54;luz produções cinematográficas ltda.;1591.0;00.975.333/0001-36;2016;6;16
2016-06-16;elvis & nixon;E1600328500000;ficção;estados unidos;6566;109887.64;columbia tristar filmes do brasil ltda;84.0;00.979.601/0001-98;2016;6;16
2016-06-16;la academia de las musas;E1500825900000;ficção;espanha;3498;48473.03;omf servicos & consultoria ltda;28508.0;21.437.756/0001-72;2016;6;16
2016-06-16;me before you;E1500875700000;ficção;estados unidos;4295797;58644497.92;warner bros. (south) inc.;265.0;33.015.827/0001-28;2016;6;16
2016-06-16;mundo deserto de almas negras;B1402347100000;ficção;brasil;533;8447.55;bunker tecnologia, pagamentos e producoes ltda;14167.0;09.353.982/0001-70;2016;6;16
2016-06-16;paulina;B1600294100000;ficção;argentina;15324;209170.77;esfera produções culturais eireli;18039.0;11.579.388/0001-43;2016;6;16
2016-06-16;risttuules;E1600258000000;ficção;estônia;7426;101367.57;zeta filmes ltda;22936.0;02.469.679/0001-98;2016;6;16
2016-06-16;teenage mutant ninja turtles: out of the shadows;E1600265600000;ficção;estados unidos;1356462;18872369.0;paramount pictures brasil distribuidora de filmes ltda;169.0;27.654.722/0001-16;2016;6;16
2016-06-16;tini - el gran cambio de violetta;E1600323700000;ficção;argentina;26421;345626.0;the walt disney company (brasil) ltda.;18398.0;73.042.962/0001-87;2016;6;16
2016-06-16;trago comigo;B1500269700000;ficção;brasil;3023;36371.93;providence distribuidora de filmes ltda;12443.0;08.656.129/0001-64;2016;6;16
2016-06-16;un moment d'égarement;E1600098100000;ficção;bélgica;7165;107314.57;antonio fernandes filmes ltda;532.0;02.668.665/0001-01;2016;6;16
2016-06-16;vie sauvage;E1600346200000;ficção;bélgica;2495;40426.74;tag cultural distribuidora de filmes ltda;173.0;03.599.148/0001-82;2016;6;16
2016-06-09;a despedida;B1402372600000;ficção;brasil;1641;23196.64;gata cine produções ltda;1846.0;03.863.923/0001-65;2016;6;9
2016-06-09;fidelio, l'odyssée d'alice;E1600354900000;ficção;frança;4201;59177.42;tag cultural distribuidora de filmes ltda;173.0;03.599.148/0001-82;2016;6;9
2016-06-09;jenny's wedding;E1600156400000;ficção;estados unidos;7002;104132.26;rj distribuidora de filmes ltda;5963.0;00.146.442/0001-40;2016;6;9
2016-06-09;now you see me: the second act;E1500269900000;ficção;estados unidos;1952176;27063843.76;sm distribuidora de filmes ltda;11922.0;08.257.054/0001-49;2016;6;9
2016-06-09;sonhos de um sonhador;B1402524100000;ficção;brasil;567;6306.56;encripta s/a;22364.0;15.182.829/0001-20;2016;6;9
2016-06-09;the conjuring 2;E1600342300000;ficção;estados unidos;3594427;46908415.5;warner bros. (south) inc.;265.0;33.015.827/0001-28;2016;6;9
2016-06-09;vampiro 40º;B1500489800000;ficção;brasil;204;2919.5;filmes do equador ltda.;43.0;73.619.637/0001-34;2016;6;9
2016-06-02;brasil, dna áfrica;B1600342000000;documentário;brasil;698;5801.88;bsb serviços cinegroup ltda;2647.0;06.900.652/0001-69;2016;6;2
2016-06-02;campo grande;B1500344800000;ficção;brasil;4854;66952.18;reserva nacional distribuidora de filmes ltda.;11868.0;08.346.733/0001-94;2016;6;2
2016-06-02;epidemia de cores;B1600305100000;documentário;brasil;1556;16442.33;lanca distribuidora de filmes ltda;25115.0;18.384.267/0001-95;2016;6;2
2016-06-02;o outro lado do paraíso;B1500837400000;ficção;brasil;7331;94102.19;cannes produções s/a;2250.0;72.672.017/0001-04;2016;6;2
2016-06-02;ramybe musu sapnuose;E1500822100000;ficção;frança;1013;16512.25;omf servicos & consultoria ltda;28508.0;21.437.756/0001-72;2016;6;2
2016-06-02;rock the kasbah;E1500717300000;ficção;estados unidos;4137;67833.71;columbia tristar filmes do brasil ltda;84.0;00.979.601/0001-98;2016;6;2
2016-06-02;uma loucura de mulher;B1600305700000;ficção;brasil;103351;1354911.48;wmix distribuidora ltda.;1935.0;03.918.609/0001-32;2016;6;2
2016-06-02;vincent n'a pas d'écailles;E1600285900000;ficção;frança;2764;39047.0;providence distribuidora de filmes ltda;12443.0;08.656.129/0001-64;2016;6;2
2016-06-02;warcraft;E1500739800000;ficção;estados unidos;1386959;20913995.84;columbia tristar filmes do brasil ltda;84.0;00.979.601/0001-98;2016;6;2
2016-05-26;alice through the looking glass;E1600259100000;ficção;estados unidos;2226154;32042101.0;the walt disney company (brasil) ltda.;18398.0;73.042.962/0001-87;2016;5;26
2016-05-26;el botón de nácar;E1500840700000;documentário;chile;4372;49729.95;mostra de cinema, cultura e eventos ltda;29957.0;18.167.238/0001-71;2016;5;26
2016-05-26;gerhard richter painting;E1600290700000;documentário;alemanha;688;9235.88;bretz filmes distribuidora e produtora ltda - epp;19243.0;39.079.678/0001-47;2016;5;26
2016-05-26;la loi du marché;E1600139100000;ficção;frança;12929;219245.77;tag cultural distribuidora de filmes ltda;173.0;03.599.148/0001-82;2016;5;26
2016-05-26;me casé con un boludo;E1600226500000;ficção;argentina;8992;144960.23;sm distribuidora de filmes ltda;11922.0;08.257.054/0001-49;2016;5;26
2016-05-26;money monster;E1500735200000;ficção;estados unidos;365439;6466166.97;columbia tristar filmes do brasil ltda;84.0;00.979.601/0001-98;2016;5;26
2016-05-26;ponto zero;B1600264400000;ficção;brasil;8247;115856.26;providence distribuidora de filmes ltda;12443.0;08.656.129/0001-64;2016;5;26
2016-05-26;são sebastiao do rio de janeiro - a formação de uma cidade;B1500866700000;documentário;brasil;5080;44764.81;bang bang filmes produções eireli;1126.0;01.230.968/0001-77;2016;5;26
2016-05-26;the girl in the book;E1600316100000;ficção;estados unidos;16896;295918.89;playarte pictures entretenimentos ltda.;443.0;00.943.231/0001-39;2016;5;26
2016-05-26;uma noite em sampa;B1600067600000;ficção;brasil;3228;49131.22;o2 produções artísticas e cinematográficas ltda.;63.0;67.431.718/0001-03;2016;5;26
2016-05-19;amores urbanos;B1600070900000;ficção;brasil;7570;123232.92;cannes produções s/a;2250.0;72.672.017/0001-04;2016;5;19
2016-05-19;espaço além - marina abramovic e o brasil;B1600064700000;documentário;brasil;20147;318116.34;elo audiovisual serviços ltda;5672.0;07.700.630/0001-18;2016;5;19
2016-05-19;fathers and daughters;E1600096900000;ficção;estados unidos;14542;294795.94;antonio fernandes filmes ltda;532.0;02.668.665/0001-01;2016;5;19
2016-05-19;jigeumeun matgo geuttaeneun teullida;E1600258200000;ficção;coréia do sul;2876;38320.58;zeta filmes ltda;22936.0;02.469.679/0001-98;2016;5;19
2016-05-19;les anarchistes;E1600105700000;ficção;frança;14378;213334.32;tag cultural distribuidora de filmes ltda;173.0;03.599.148/0001-82;2016;5;19
2016-05-19;neighbors 2: sorority rising;E1500735800000;ficção;estados unidos;240232;3130759.15;columbia tristar filmes do brasil ltda;84.0;00.979.601/0001-98;2016;5;19
2016-05-19;são paulo em hi-fi;B1600337700000;documentário;brasil;3526;34655.61;cigano filmes ltda - me;21108.0;09.005.783/0001-70;2016;5;19
2016-05-19;the dressmaker;E1500742800000;ficção;austrália;33013;572655.51;wmix distribuidora ltda.;1935.0;03.918.609/0001-32;2016;5;19
2016-05-19;x-men: apocalypse;E1600181600000;ficção;estados unidos;4374189;65804202.94;fox film do brasil ltda;256.0;33.110.420/0001-80;2016;5;19
2016-05-12;angry birds;E1500732000000;animação;estados unidos;1833793;24769195.61;columbia tristar filmes do brasil ltda;84.0;00.979.601/0001-98;2016;5;12
2016-05-12;demon;E1500822900000;ficção;israel;2681;30590.03;omf servicos & consultoria ltda;28508.0;21.437.756/0001-72;2016;5;12
2016-05-12;fitzcarraldo;E1600034400000;ficção;alemanha;536;5919.82;f. j. cines ltda;310.0;61.574.109/0001-27;2016;5;12
2016-05-12;il racconto dei racconti;E1500846800000;ficção;frança;11603;210577.76;mares filmes eireli;6418.0;07.257.887/0001-47;2016;5;12
2016-05-12;ney, nosotros, ellos y yo;E1600194600000;documentário;argentina;814;13414.45;vitrine filmes ltda;16713.0;11.620.976/0001-83;2016;5;12
2016-05-12;remember;E1600105900000;ficção;alemanha;51769;913788.3;diamond films do brasil produção e distribuição audiovisual ltda.;22724.0;17.095.184/0001-13;2016;5;12
2016-05-12;à la vie;E1600072600000;ficção;frança;6738;113043.71;tag cultural distribuidora de filmes ltda;173.0;03.599.148/0001-82;2016;5;12
2016-05-05;a tale of love and darkness;E1600249800000;ficção;israel;22176;339839.73;p & m distribuidora de filmes ltda;31931.0;22.910.081/0001-08;2016;5;5
2016-05-05;bate coração;B1900498800000;ficção;brasil;5864;94670.99;freespirit distribuidora de filmes ltda.;4904.0;07.616.202/0001-01;2016;5;5
2016-05-05;el rey de once;E1600193200000;ficção;argentina;13983;223839.26;sm distribuidora de filmes ltda;11922.0;08.257.054/0001-49;2016;5;5
2016-05-05;henry kayath: o homem e seu tempo;B1500283900000;documentário;brasil;18;282.73;lauper films ltda me;1002.0;60.636.537/0001-74;2016;5;5
2016-05-05;maraviglioso boccaccio;E1500800600000;ficção;itália;7659;106222.09;antonio fernandes filmes ltda;532.0;02.668.665/0001-01;2016;5;5
2016-05-05;martyrs;E1600097400000;ficção;estados unidos;43560;595362.89;antonio fernandes filmes ltda;532.0;02.668.665/0001-01;2016;5;5
2016-05-05;mother´s day;E1600147900000;ficção;estados unidos;176083;3032533.45;wmix distribuidora ltda.;1935.0;03.918.609/0001-32;2016;5;5
2016-05-05;nie yin niang;E1600077500000;ficção;china;14603;218714.56;tag cultural distribuidora de filmes ltda;173.0;03.599.148/0001-82;2016;5;5
2016-05-05;o começo da vida;B1600094200000;documentário;brasil;35194;234170.91;maria farinha filmes e produções ltda.;18069.0;12.396.390/0001-40;2016;5;5
2016-05-05;os inimigos da dor;B1402391300000;ficção;uruguai;312;3913.0;primo filmes ltda;1880.0;06.137.016/0001-27;2016;5;5
2016-05-05;prova de coragem;B1500399400000;ficção;brasil;12147;167481.2;unifilmes distribuidora, importadora e exportadora de filmes ltda;17810.0;12.452.477/0001-97;2016;5;5
2016-05-05;ralé;B1600017500000;ficção;brasil;2189;25006.84;providence distribuidora de filmes ltda;12443.0;08.656.129/0001-64;2016;5;5
2016-05-05;ratchet & clank;E1600273400000;animação;estados unidos;46538;629275.7;playarte pictures entretenimentos ltda.;443.0;00.943.231/0001-39;2016;5;5
2016-04-28;a frente fria que a chuva traz;B1600109600000;ficção;brasil;1695;26153.93;freespirit distribuidora de filmes ltda.;4904.0;07.616.202/0001-01;2016;4;28
2016-04-28;captain america: civil war;E1600129800000;ficção;estados unidos;9617668;143337776.0;the walt disney company (brasil) ltda.;18398.0;73.042.962/0001-87;2016;4;28
2016-04-28;exilados do vulcão;B1402091800000;ficção;brasil;1208;10739.23;livres distribuidora de audivisual ltda me;21870.0;15.263.576/0001-19;2016;4;28
2016-04-28;fuocoammare;E1600165500000;documentário;frança;5072;77206.47;tag cultural distribuidora de filmes ltda;173.0;03.599.148/0001-82;2016;4;28
2016-04-28;geraldinos;B1500405100000;documentário;brasil;478;6344.44;jacqueline filmes ltda;22085.0;09.064.138/0001-29;2016;4;28
2016-04-28;pawn sacrifice;E1600187900000;ficção;estados unidos;37135;746539.56;playarte pictures entretenimentos ltda.;443.0;00.943.231/0001-39;2016;4;28
2016-04-28;teobaldo morto, romeu exilado;B1500861900000;ficção;brasil;473;2936.0;pique-bandeira producoes ltda;22312.0;14.210.788/0001-75;2016;4;28
2016-04-28;une heure de tranquillité;E1600193900000;ficção;frança;10864;155223.03;mares filmes eireli;6418.0;07.257.887/0001-47;2016;4;28
2016-04-28;viskningar och rop;E1600273100000;ficção;suécia;3436;34172.67;f. j. cines ltda;310.0;61.574.109/0001-27;2016;4;28
2016-04-21;capture the flag;E1500918600000;animação;espanha;157991;2242834.0;paramount pictures brasil distribuidora de filmes ltda;169.0;27.654.722/0001-16;2016;4;21
2016-04-21;comoara;E1600239200000;ficção;frança;3056;40828.73;zeta filmes ltda;22936.0;02.469.679/0001-98;2016;4;21
2016-04-21;em nome da lei;B1600107600000;ficção;brasil;226978;3196720.0;fox film do brasil ltda;256.0;33.110.420/0001-80;2016;4;21
2016-04-21;freeheld;E1500900300000;ficção;estados unidos;18189;314481.91;sm distribuidora de filmes ltda;11922.0;08.257.054/0001-49;2016;4;21
2016-04-21;meu nome é jacque;B1600200900000;documentário;brasil;515;4627.77;tres tempos filmes ltda;335.0;00.360.459/0001-04;2016;4;21
2016-04-21;miracles from heaven;E1500735000000;ficção;estados unidos;189728;2646930.87;columbia tristar filmes do brasil ltda;84.0;00.979.601/0001-98;2016;4;21
2016-04-21;nise - o coração da loucura;B1402652900000;ficção;brasil;154238;2227284.34;wmix distribuidora ltda.;1935.0;03.918.609/0001-32;2016;4;21
2016-04-21;the huntsman;E1500739300000;ficção;estados unidos;1646269;24197868.06;columbia tristar filmes do brasil ltda;84.0;00.979.601/0001-98;2016;4;21
2016-04-21;une histoire de fou;E1600144000000;ficção;frança;4341;68506.01;tag cultural distribuidora de filmes ltda;173.0;03.599.148/0001-82;2016;4;21
2016-04-17;american beauty;E1600041800000;ficção;estados unidos;2238;21108.0;cinemark brasil s.a;1843.0;00.779.721/0001-41;2016;4;17
2016-04-14;criminal;E1600231500000;ficção;estados unidos;57543;918464.72;antonio fernandes filmes ltda;532.0;02.668.665/0001-01;2016;4;14
2016-04-14;hail, caesar!;E1500734300000;ficção;estados unidos;82829;1548882.35;columbia tristar filmes do brasil ltda;84.0;00.979.601/0001-98;2016;4;14
2016-04-14;o escaravelho do diabo;B1600100300000;ficção;brasil;82634;1024437.54;sm distribuidora de filmes ltda;11922.0;08.257.054/0001-49;2016;4;14
2016-04-14;sea without shore;E1600118600000;ficção;reino unido;1141;16942.56;maverick motion brasil ltda.;4518.0;04.680.169/0001-90;2016;4;14
2016-04-14;sinfonia da necrópole;B1402254300000;ficção;brasil;2288;29250.81;vitrine filmes ltda;16713.0;11.620.976/0001-83;2016;4;14
2016-04-14;the jungle book;E1600127500000;ficção;estados unidos;2670279;38358588.31;the walt disney company (brasil) ltda.;18398.0;73.042.962/0001-87;2016;4;14
2016-04-14;truman;E1600148400000;ficção;argentina;142665;2309144.41;providence distribuidora de filmes ltda;12443.0;08.656.129/0001-64;2016;4;14
2016-04-14;à trois on y va;E1600187800000;ficção;bélgica;2139;33356.41;tag cultural distribuidora de filmes ltda;173.0;03.599.148/0001-82;2016;4;14
2016-04-07;10 cloverfield lane;E1600122000000;ficção;estados unidos;324289;4564201.0;paramount pictures brasil distribuidora de filmes ltda;169.0;27.654.722/0001-16;2016;4;7
2016-04-07;a bruta flor do querer;B1500400500000;ficção;brasil;2929;34047.56;o2 produções artísticas e cinematográficas ltda.;63.0;67.431.718/0001-03;2016;4;7
2016-04-07;astérix - le domaine des dieux;E1500709200000;animação;frança;11967;162426.13;bonfilm produção e distribuição audiovisual ltda;14462.0;10.383.039/0001-99;2016;4;7
2016-04-07;barbie spy squad;E1500799900000;animação;estados unidos;2572;32321.0;cinepolis operadora de cinemas do brasil ltda;17266.0;09.652.820/0001-32;2016;4;7
2016-04-07;de onde eu te vejo;B1600192300000;ficção;brasil;32763;501934.0;warner bros. (south) inc.;265.0;33.015.827/0001-28;2016;4;7
2016-04-07;eye in the sky;E1600068800000;ficção;reino unido;23968;448770.5;sm distribuidora de filmes ltda;11922.0;08.257.054/0001-49;2016;4;7
2016-04-07;god is not dead 2;E1600183100000;ficção;estados unidos;337380;4179785.44;antonio fernandes filmes ltda;532.0;02.668.665/0001-01;2016;4;7
2016-04-07;goodfellas;E1500096400000;ficção;estados unidos;721;14078.82;warner bros. (south) inc.;265.0;33.015.827/0001-28;2016;4;7
2016-04-07;london has fallen;E1500933000000;ficção;estados unidos;543034;7997457.11;diamond films do brasil produção e distribuição audiovisual ltda.;22724.0;17.095.184/0001-13;2016;4;7
2016-04-07;louder than bombs;E1600086900000;ficção;dinamarca;8940;122458.11;vitrine filmes ltda;16713.0;11.620.976/0001-83;2016;4;7
2016-04-07;quem você quer ser nessa história;B1600466200000;documentário;brasil;319;3761.76;sant´ana filmes eireli;16846.0;11.434.373/0001-97;2016;4;7
2016-04-07;the lady in the van;E1500720500000;ficção;reino unido;42967;689168.74;columbia tristar filmes do brasil ltda;84.0;00.979.601/0001-98;2016;4;7
2016-04-07;yorimatã;B1402372200000;documentário;brasil;1912;15350.15;diluvio filmes producoes artisticas ltda;19176.0;13.571.915/0001-07;2016;4;7
2016-04-03;thelma & louise;E1600044700000;ficção;estados unidos;1844;17811.0;cinemark brasil s.a;1843.0;00.779.721/0001-41;2016;4;3
2016-03-31;backtrack;E1600096800000;ficção;austrália;37326;553206.8;playarte pictures entretenimentos ltda.;443.0;00.943.231/0001-39;2016;3;31
2016-03-31;eddie the eagle;E1600046500000;ficção;alemanha;24590;381842.0;fox film do brasil ltda;256.0;33.110.420/0001-80;2016;3;31
2016-03-31;histórias de alice;B1301956300000;ficção;brasil;392;4791.27;pipa nativa produção cultural ltda;5467.0;05.933.574/0001-36;2016;3;31
2016-03-31;magical girl;E1500922300000;ficção;espanha;4335;60301.99;esfera produções culturais eireli;18039.0;11.579.388/0001-43;2016;3;31
2016-03-31;my big fat greek wedding 2;E1500735700000;ficção;estados unidos;370117;5518431.45;columbia tristar filmes do brasil ltda;84.0;00.979.601/0001-98;2016;3;31
2016-03-31;norm of the north;E1600013200000;animação;estados unidos;53607;700625.09;wmix distribuidora ltda.;1935.0;03.918.609/0001-32;2016;3;31
2016-03-31;para minha amada morta;B1500177200000;ficção;brasil;7153;89674.13;vitrine filmes ltda;16713.0;11.620.976/0001-83;2016;3;31
2016-03-31;quanto tempo o tempo tem;B1500562100000;documentário;brasil;5955;82195.08;inffinito eventos e produções ltda;1206.0;04.303.816/0001-45;2016;3;31
2016-03-31;youth;E1600170600000;ficção;frança;61660;952733.06;p & m distribuidora de filmes ltda;31931.0;22.910.081/0001-08;2016;3;31
2016-03-31;zoom;B1600036800000;ficção;canadá;14139;205326.89;sm distribuidora de filmes ltda;11922.0;08.257.054/0001-49;2016;3;31
2016-03-24;a luneta do tempo;B1402307700000;ficção;brasil;7319;79789.0;p & m distribuidora de filmes ltda;31931.0;22.910.081/0001-08;2016;3;24
2016-03-24;a luneta do tempo;B1402307700000;ficção;brasil;51;345.0;tucumán distribuidora de filmes ltda;16132.0;10.681.698/0001-01;2016;3;24
2016-03-24;autoportretul unei fete cuminti;E1500819000000;ficção;romênia;1316;19611.11;omf servicos & consultoria ltda;28508.0;21.437.756/0001-72;2016;3;24
2016-03-24;batman vs superman;E1600053700000;ficção;estados unidos;8565462;132443918.0;warner bros. (south) inc.;265.0;33.015.827/0001-28;2016;3;24
2016-03-24;no vermelho;B1600109200000;documentário;brasil;238;2160.0;marcelo reis morais ***********;29137.0;19.469.066/0001-53;2016;3;24
2016-03-24;nos passos do mestre;B1600047500000;documentário;brasil;26655;350408.88;vitrine filmes ltda;16713.0;11.620.976/0001-83;2016;3;24
2016-03-24;the young messiah;E1500900200000;ficção;estados unidos;41256;544268.69;sm distribuidora de filmes ltda;11922.0;08.257.054/0001-49;2016;3;24
2016-03-24;truth;E1600045600000;ficção;austrália;51475;951610.23;mares filmes eireli;6418.0;07.257.887/0001-47;2016;3;24
2016-03-24;virgin mountains;E1600055700000;ficção;dinamarca;11548;172317.7;tag cultural distribuidora de filmes ltda;173.0;03.599.148/0001-82;2016;3;24
2016-03-20;trainspotting;E1600043200000;ficção;reino unido;2894;28973.4;cinemark brasil s.a;1843.0;00.779.721/0001-41;2016;3;20
2016-03-17;abaixando a máquina 2 - no limite da linha;B1600275900000;documentário;brasil;390;2828.49;ponto de equilibrio eventos e imagem eireli;13831.0;09.202.111/0001-55;2016;3;17
2016-03-17;cemetery of splendour;E1600102500000;ficção;alemanha;4195;58529.61;zeta filmes ltda;22936.0;02.469.679/0001-98;2016;3;17
2016-03-17;eu sou carlos imperial;B1402818800000;documentário;brasil;3187;48018.21;bretz filmes distribuidora e produtora ltda - epp;19243.0;39.079.678/0001-47;2016;3;17
2016-03-17;marie heurtin;E1402548900000;ficção;frança;6273;91186.34;tag cultural distribuidora de filmes ltda;173.0;03.599.148/0001-82;2016;3;17
2016-03-17;mundo cão;B1500661200000;ficção;brasil;19670;287574.9;sm distribuidora de filmes ltda;11922.0;08.257.054/0001-49;2016;3;17
2016-03-17;risen;E1500737700000;ficção;estados unidos;223068;2985596.83;columbia tristar filmes do brasil ltda;84.0;00.979.601/0001-98;2016;3;17
2016-03-17;zootopia;E1600038400000;animação;estados unidos;2824852;38586480.16;the walt disney company (brasil) ltda.;18398.0;73.042.962/0001-87;2016;3;17
2016-03-10;allegiant;E1600009700000;ficção;estados unidos;2016961;26293222.79;sm distribuidora de filmes ltda;11922.0;08.257.054/0001-49;2016;3;10
2016-03-10;c'est l'amour;E1500818800000;ficção;frança;829;11905.51;omf servicos & consultoria ltda;28508.0;21.437.756/0001-72;2016;3;10
2016-03-10;every thing will be fine;E1500846600000;ficção;alemanha;11566;177008.63;mares filmes eireli;6418.0;07.257.887/0001-47;2016;3;10
2016-03-10;glauco do brasil;B1600116800000;documentário;brasil;241;1951.0;boulevard filmes ltda;17484.0;12.126.484/0001-07;2016;3;10
2016-03-10;goodnigh mommy;E1600003300000;ficção;áustria;18971;268775.45;playarte pictures entretenimentos ltda.;443.0;00.943.231/0001-39;2016;3;10
2016-03-10;l'astragale;E1600077100000;ficção;frança;1303;21648.24;tag cultural distribuidora de filmes ltda;173.0;03.599.148/0001-82;2016;3;10
2016-03-10;little boy;E1600082400000;ficção;estados unidos;7427;130685.69;cinepolis operadora de cinemas do brasil ltda;17266.0;09.652.820/0001-32;2016;3;10
2016-03-10;o gigantesco imã;B1402235800000;documentário;brasil;390;2776.0;inquieta cinema, cultura e comunicacao ltda.;29984.0;21.805.885/0001-76;2016;3;10
2016-03-10;the president;E1500901100000;ficção;alemanha;3911;54321.82;antonio fernandes filmes ltda;532.0;02.668.665/0001-01;2016;3;10
2016-03-06;rear window;E1402519100000;ficção;estados unidos;4188;40335.5;cinemark brasil s.a;1843.0;00.779.721/0001-41;2016;3;6
2016-03-03;apaixonados o filme;B1600096000000;ficção;brasil;26445;338752.2;h2o distribuidora de filmes ltda;21541.0;15.372.472/0001-42;2016;3;3
2016-03-03;asphalte;E1600061100000;ficção;frança;15493;205475.86;providence distribuidora de filmes ltda;12443.0;08.656.129/0001-64;2016;3;3
2016-03-03;beatles - a hard days night;E1600041700000;ficção;estados unidos;4715;112147.0;cinemark brasil s.a;1843.0;00.779.721/0001-41;2016;3;3
2016-03-03;black butler;E1600061400000;ficção;japão;328;3559.04;sc comunicações ltda;22000.0;10.341.556/0001-03;2016;3;3
2016-03-03;concussion;E1500720300000;ficção;estados unidos;67328;1248854.97;columbia tristar filmes do brasil ltda;84.0;00.979.601/0001-98;2016;3;3
2016-03-03;fifty shades of black;E1500898300000;ficção;estados unidos;813257;11019003.71;wmix distribuidora ltda.;1935.0;03.918.609/0001-32;2016;3;3
2016-03-03;kung fu panda 3;E1600046400000;animação;china;1757761;24714153.0;fox film do brasil ltda;256.0;33.110.420/0001-80;2016;3;3
2016-03-03;kung fu panda 3;E1600046400000;animação;china;348;6357.9;the walt disney company (brasil) ltda.;18398.0;73.042.962/0001-87;2016;3;3
2016-03-03;meu amigo hindu;B1600033400000;ficção;brasil;24044;377955.3;cannes produções s/a;2250.0;72.672.017/0001-04;2016;3;3
2016-03-03;the witch;E1500787100000;ficção;canadá;690836;9354105.49;columbia tristar filmes do brasil ltda;84.0;00.979.601/0001-98;2016;3;3
2016-03-03;umimachi diary;E1500839400000;ficção;japão;11566;187272.44;tag cultural distribuidora de filmes ltda;173.0;03.599.148/0001-82;2016;3;3
2016-03-03;zoolander 2;E1500920900000;ficção;estados unidos;34715;451396.0;paramount pictures brasil distribuidora de filmes ltda;169.0;27.654.722/0001-16;2016;3;3
2016-03-02;imagine dragons: smoke + mirrors live;E1500937300000;vídeomusical;inglaterra;1482;33215.8;cinemark brasil s.a;1843.0;00.779.721/0001-41;2016;3;2
2016-02-25;amor em sampa;B1600032100000;ficção;brasil;12975;174081.35;elo audiovisual serviços ltda;5672.0;07.700.630/0001-18;2016;2;25
2016-02-25;ela volta na quinta;B1402633700000;ficção;brasil;1668;18130.71;vitrine filmes ltda;16713.0;11.620.976/0001-83;2016;2;25
2016-02-25;gods of egypt;E1600008900000;ficção;estados unidos;1246758;18429739.63;sm distribuidora de filmes ltda;11922.0;08.257.054/0001-49;2016;2;25
2016-02-25;how to be single;E1500858400000;ficção;estados unidos;176089;2364671.0;warner bros. (south) inc.;265.0;33.015.827/0001-28;2016;2;25
2016-02-25;mula sa kung ano ang noon;E1402740500000;ficção;filipinas;217;6220.0;omf servicos & consultoria ltda;28508.0;21.437.756/0001-72;2016;2;25
2016-02-25;pride and prejudice and zombies;E1500729200000;ficção;estados unidos;32433;401525.61;columbia tristar filmes do brasil ltda;84.0;00.979.601/0001-98;2016;2;25
2016-02-25;solace;E1500828700000;ficção;estados unidos;66251;1106994.86;diamond films do brasil produção e distribuição audiovisual ltda.;22724.0;17.095.184/0001-13;2016;2;25
2016-02-25;white god;E1500558400000;ficção;alemanha;3007;34092.33;tag cultural distribuidora de filmes ltda;173.0;03.599.148/0001-82;2016;2;25
2016-02-18;13 hours;E1500921300000;ficção;estados unidos;72230;1097768.0;paramount pictures brasil distribuidora de filmes ltda;169.0;27.654.722/0001-16;2016;2;18
2016-02-18;a vizinhança do tigre;B1500404600000;ficção;brasil;1961;16925.19;affonso uchoa alonso rodrigues;20515.0;PESSOA FÍSICA;2016;2;18
2016-02-18;amnistia;E1500613900000;ficção;albânia;329;3922.0;frederico da cruz machado - me;11990.0;03.553.092/0001-25;2016;2;18
2016-02-18;el abrazo de la serpiente;E1600054200000;ficção;argentina;28589;381296.75;esfera produções culturais eireli;18039.0;11.579.388/0001-43;2016;2;18
2016-02-18;room;E1500739500000;ficção;estados unidos;266916;4638528.52;columbia tristar filmes do brasil ltda;84.0;00.979.601/0001-98;2016;2;18
2016-02-18;the boy;E1500913400000;ficção;estados unidos;340932;4376927.33;diamond films do brasil produção e distribuição audiovisual ltda.;22724.0;17.095.184/0001-13;2016;2;18
2016-02-18;the finest hours;E1500926100000;ficção;estados unidos;93456;1534943.0;the walt disney company (brasil) ltda.;18398.0;73.042.962/0001-87;2016;2;18
2016-02-18;the turin horse;E1500898500000;ficção;frança;1954;23211.76;bretz filmes distribuidora e produtora ltda - epp;19243.0;39.079.678/0001-47;2016;2;18
2016-02-18;theeb;E1600046000000;ficção;emirados árabes unidos;8915;121440.53;sm distribuidora de filmes ltda;11922.0;08.257.054/0001-49;2016;2;18
2016-02-13;the silence of the lambs;E1500490600000;ficção;estados unidos;2499;24550.5;cinemark brasil s.a;1843.0;00.779.721/0001-41;2016;2;13
2016-02-11;brooklyn;E1500900400000;ficção;canadá;90581;1477840.51;sm distribuidora de filmes ltda;11922.0;08.257.054/0001-49;2016;2;11
2016-02-11;deadpool;E1600045700000;ficção;canadá;6044324;81932430.0;fox film do brasil ltda;256.0;33.110.420/0001-80;2016;2;11
2016-02-11;historia de la meva mort;E1500824800000;ficção;espanha;708;6459.16;omf servicos & consultoria ltda;28508.0;21.437.756/0001-72;2016;2;11
2016-02-11;hrútar;E1600003400000;ficção;dinamarca;8029;118349.08;tag cultural distribuidora de filmes ltda;173.0;03.599.148/0001-82;2016;2;11
2016-02-11;the danish girl;E1500729100000;ficção;alemanha;387241;6356572.27;columbia tristar filmes do brasil ltda;84.0;00.979.601/0001-98;2016;2;11
2016-02-11;um suburbano sortudo;B1600011000000;ficção;brasil;1070434;14245429.85;freespirit distribuidora de filmes ltda.;4904.0;07.616.202/0001-01;2016;2;11
2016-02-04;dirty grandpa;E1500900900000;ficção;estados unidos;82757;1102559.14;diamond films do brasil produção e distribuição audiovisual ltda.;22724.0;17.095.184/0001-13;2016;2;4
2016-02-04;ooops! noah is gone...;E1500147200000;animação;alemanha;135141;1541795.04;sm distribuidora de filmes ltda;11922.0;08.257.054/0001-49;2016;2;4
2016-02-04;son of saul;E1500728900000;ficção;hungria;53144;777002.23;columbia tristar filmes do brasil ltda;84.0;00.979.601/0001-98;2016;2;4
2016-02-04;tangerine;E1500876500000;ficção;estados unidos;8130;103564.89;zeta filmes ltda;22936.0;02.469.679/0001-98;2016;2;4
2016-02-04;the choice;E1600009500000;ficção;estados unidos;69076;986043.53;sm distribuidora de filmes ltda;11922.0;08.257.054/0001-49;2016;2;4
2016-02-04;the revenant;E1500829800000;ficção;estados unidos;2645471;40213897.02;fox film do brasil ltda;256.0;33.110.420/0001-80;2016;2;4
2016-01-28;anomalisa;E1500818900000;animação;estados unidos;24173;361878.0;paramount pictures brasil distribuidora de filmes ltda;169.0;27.654.722/0001-16;2016;1;28
2016-01-28;daddy's home;E1500819900000;ficção;estados unidos;627732;7970231.0;paramount pictures brasil distribuidora de filmes ltda;169.0;27.654.722/0001-16;2016;1;28
2016-01-28;os dez mandamentos;B1600036400000;ficção;brasil;11305479;116833026.88;sm distribuidora de filmes ltda;11922.0;08.257.054/0001-49;2016;1;28
2016-01-28;point break;E1500781700000;ficção;estados unidos;420416;6665204.0;warner bros. (south) inc.;265.0;33.015.827/0001-28;2016;1;28
2016-01-28;suite française;E1500772700000;ficção;inglaterra;21603;291479.86;mares filmes eireli;6418.0;07.257.887/0001-47;2016;1;28
2016-01-28;trumbo;E1500925200000;ficção;estados unidos;41673;704430.15;antonio fernandes filmes ltda;532.0;02.668.665/0001-01;2016;1;28
2016-01-21;cialo;E1500819800000;ficção;polônia;3228;47341.8;omf servicos & consultoria ltda;28508.0;21.437.756/0001-72;2016;1;21
2016-01-21;joy;E1500821900000;ficção;estados unidos;328003;5587064.79;fox film do brasil ltda;256.0;33.110.420/0001-80;2016;1;21
2016-01-21;le tout nouveau testament;E1600003500000;ficção;bélgica;20275;319446.91;tag cultural distribuidora de filmes ltda;173.0;03.599.148/0001-82;2016;1;21
2016-01-21;mr. holmes;E1500703500000;ficção;estados unidos;4764;63332.42;columbia tristar filmes do brasil ltda;84.0;00.979.601/0001-98;2016;1;21
2016-01-21;mustang;E1500735400000;ficção;frança;21325;257765.78;rj distribuidora de filmes ltda;5963.0;00.146.442/0001-40;2016;1;21
2016-01-21;reza a lenda;B1500899800000;ficção;brasil;377670;4979716.42;wmix distribuidora ltda.;1935.0;03.918.609/0001-32;2016;1;21
2016-01-21;sisters;E1500729300000;ficção;estados unidos;14376;204869.56;columbia tristar filmes do brasil ltda;84.0;00.979.601/0001-98;2016;1;21
2016-01-21;the 5th wave;E1500729000000;ficção;estados unidos;1729177;23254843.4;columbia tristar filmes do brasil ltda;84.0;00.979.601/0001-98;2016;1;21
2016-01-14;boi neon;B1500798600000;ficção;brasil;34761;410235.72;reserva nacional distribuidora de filmes ltda.;11868.0;08.346.733/0001-94;2016;1;14
2016-01-14;carol;E1500846300000;ficção;frança;143625;2243879.13;mares filmes eireli;6418.0;07.257.887/0001-47;2016;1;14
2016-01-14;creed;E1500858100000;ficção;estados unidos;740686;10373583.5;warner bros. (south) inc.;265.0;33.015.827/0001-28;2016;1;14
2016-01-14;peanuts the movie;E1500834100000;animação;estados unidos;2278477;32341778.53;fox film do brasil ltda;256.0;33.110.420/0001-80;2016;1;14
2016-01-14;steve jobs;E1500720400000;ficção;estados unidos;80212;1469551.51;columbia tristar filmes do brasil ltda;84.0;00.979.601/0001-98;2016;1;14
2016-01-14;the big short;E1500835100000;ficção;estados unidos;512151;8819476.0;paramount pictures brasil distribuidora de filmes ltda;169.0;27.654.722/0001-16;2016;1;14
2016-01-07;au fil d'ariane;E1402548400000;ficção;frança;3980;57250.62;tag cultural distribuidora de filmes ltda;173.0;03.599.148/0001-82;2016;1;7
2016-01-07;diplomatie;E1500902900000;ficção;alemanha;27201;367869.33;providence distribuidora de filmes ltda;12443.0;08.656.129/0001-64;2016;1;7
2016-01-07;spotlight;E1500720200000;ficção;estados unidos;424520;7517025.85;columbia tristar filmes do brasil ltda;84.0;00.979.601/0001-98;2016;1;7
2016-01-07;the good dinosaur;E1500739200000;animação;estados unidos;3597784;48119960.0;the walt disney company (brasil) ltda.;18398.0;73.042.962/0001-87;2016;1;7
2016-01-07;the hateful eight;E1500857700000;ficção;estados unidos;718811;11371474.64;diamond films do brasil produção e distribuição audiovisual ltda.;22724.0;17.095.184/0001-13;2016;1;7
2016-01-07;vai que dá certo 2;B1500870400000;ficção;brasil;923426;12022063.96;wmix distribuidora ltda.;1935.0;03.918.609/0001-32;2016;1;7
2016-01-02;kuma;E1500918500000;ficção;frança;10169;121458.05;bretz filmes distribuidora e produtora ltda - epp;19243.0;39.079.678/0001-47;2016;1;2
2015-12-31;eisenstein in guanajuato;E1500850600000;ficção;bélgica;3981;54067.65;esfera produções culturais eireli;18039.0;11.579.388/0001-43;2015;12;31
2015-12-31;la marche;E1500904100000;ficção;frança;539;7358.08;tag cultural distribuidora de filmes ltda;173.0;03.599.148/0001-82;2015;12;31
2015-12-24;alvin and the chipmunks: the road chip;E1500813800000;animação;estados unidos;3415118;38818305.38;fox film do brasil ltda;256.0;33.110.420/0001-80;2015;12;24
2015-12-24;até que a sorte nos separe 3;B1500904200000;ficção;brasil;3335670;42263286.12;sm distribuidora de filmes ltda;11922.0;08.257.054/0001-49;2015;12;24
2015-12-24;jag är ingrid;E1500825600000;documentário;suécia;13511;173504.97;zeta filmes ltda;22936.0;02.469.679/0001-98;2015;12;24
2015-12-24;macbeth;E1500846400000;ficção;frança;51573;872776.72;diamond films do brasil produção e distribuição audiovisual ltda.;22724.0;17.095.184/0001-13;2015;12;24
2015-12-24;miss you already;E1500725100000;ficção;reino unido;28344;449428.65;wmix distribuidora ltda.;1935.0;03.918.609/0001-32;2015;12;24
2015-12-24;suffragette;E1500717600000;ficção;estados unidos;124008;1903131.73;columbia tristar filmes do brasil ltda;84.0;00.979.601/0001-98;2015;12;24
2015-12-24;the little death;E1500901000000;ficção;austrália;2588;40162.24;antonio fernandes filmes ltda;532.0;02.668.665/0001-01;2015;12;24
2015-12-24;victoria;E1500636900000;ficção;alemanha;3525;46170.48;tag cultural distribuidora de filmes ltda;173.0;03.599.148/0001-82;2015;12;24
2015-12-17;a girl walks home alone at night;E1500708200000;ficção;estados unidos;1492;22375.56;tag cultural distribuidora de filmes ltda;173.0;03.599.148/0001-82;2015;12;17
2015-12-17;hysteria;B1301730400000;documentário;brasil;675;4701.0;raiz distribuidora audiovisual ltda.;11792.0;08.331.280/0001-22;2015;12;17
2015-12-17;im labyrinth des schweigens;E1500772800000;ficção;alemanha;33589;466498.16;mares filmes eireli;6418.0;07.257.887/0001-47;2015;12;17
2015-12-17;la tierra y la sombra;E1500809900000;ficção;colômbia;3341;38855.87;providence distribuidora de filmes ltda;12443.0;08.656.129/0001-64;2015;12;17
2015-12-17;memórias da boca;B1402250900000;documentário;brasil;243;3301.0;cumamue cinema eireli - epp;23256.0;17.214.316/0001-89;2015;12;17
2015-12-17;mia madre;E1500753000000;ficção;itália;17632;249729.94;antonio fernandes filmes ltda;532.0;02.668.665/0001-01;2015;12;17
2015-12-17;star wars: episode vii - the force awakens;E1500738500000;ficção;estados unidos;6725851;110610409.0;the walt disney company (brasil) ltda.;18398.0;73.042.962/0001-87;2015;12;17
2015-12-10;até que a casa caia;B1402219600000;ficção;brasil;1347;13902.03;cinematográfica polifilmes ltda-me;2550.0;60.469.871/0001-80;2015;12;10
2015-12-10;burnt;E1500732900000;ficção;estados unidos;358566;5490709.56;sm distribuidora de filmes ltda;11922.0;08.257.054/0001-49;2015;12;10
2015-12-10;el clan;E1500796900000;ficção;argentina;103295;1653222.2;fox film do brasil ltda;256.0;33.110.420/0001-80;2015;12;10
2015-12-10;em três atos;B1500818400000;ficção;brasil;2096;30777.17;reserva nacional distribuidora de filmes ltda.;11868.0;08.346.733/0001-94;2015;12;10
2015-12-10;norte, hangganan ng kasaysayan;E1402763600000;ficção;filipinas;793;7523.63;omf servicos & consultoria ltda;28508.0;21.437.756/0001-72;2015;12;10
2015-12-10;oração do amor selvagem;B1500868700000;ficção;brasil;1601;18044.24;providence distribuidora de filmes ltda;12443.0;08.656.129/0001-64;2015;12;10
2015-12-10;osvaldão;B1500823700000;documentário;brasil;442;6209.72;fundação mauricio grabois;22073.0;09.512.009/0001-56;2015;12;10
2015-12-10;secret in their eyes;E1500626200000;ficção;estados unidos;213688;3037475.9;diamond films do brasil produção e distribuição audiovisual ltda.;22724.0;17.095.184/0001-13;2015;12;10
2015-12-05;the shining;E1402825800000;ficção;estados unidos;3956;34483.5;cinemark brasil s.a;1843.0;00.779.721/0001-41;2015;12;5
2015-12-05;the shining;E1402825800000;ficção;estados unidos;3691;33943.5;f. j. cines ltda;310.0;61.574.109/0001-27;2015;12;5
2015-12-05;the shining;E1402825800000;ficção;estados unidos;8133;105459.23;warner bros. (south) inc.;265.0;33.015.827/0001-28;2015;12;5
2015-12-03;an;E1500752800000;ficção;japão;15444;213654.56;antonio fernandes filmes ltda;532.0;02.668.665/0001-01;2015;12;3
2015-12-03;aprendi a jogar com você;B1402089600000;documentário;brasil;49;704.0;nossa distribuidora de conteúdo audiovisual ltda.;20772.0;14.589.221/0001-51;2015;12;3
2015-12-03;bem casados;B1500840400000;ficção;brasil;545829;6940418.06;wmix distribuidora ltda.;1935.0;03.918.609/0001-32;2015;12;3
2015-12-03;by the sea;E1500720000000;ficção;estados unidos;27463;469862.52;columbia tristar filmes do brasil ltda;84.0;00.979.601/0001-98;2015;12;3
2015-12-03;califórnia;B1500340300000;ficção;brasil;13849;192329.74;vitrine filmes ltda;16713.0;11.620.976/0001-83;2015;12;3
2015-12-03;cinco vezes chico o velho e sua gente;B1500723200000;documentário;brasil;1149;11667.67;ludwig maia arthouse distribuidora de filmes ltda;22808.0;05.249.852/0001-30;2015;12;3
2015-12-03;in the heart of the sea;E1402739400000;ficção;estados unidos;1031551;15740394.0;warner bros. (south) inc.;265.0;33.015.827/0001-28;2015;12;3
2015-12-03;les deux amis;E1500836300000;ficção;frança;9275;134638.28;tag cultural distribuidora de filmes ltda;173.0;03.599.148/0001-82;2015;12;3
2015-12-03;love the coopers;E1500751300000;ficção;estados unidos;67662;856922.17;sm distribuidora de filmes ltda;11922.0;08.257.054/0001-49;2015;12;3
2015-12-03;marshland;E1500734800000;ficção;espanha;3943;52556.61;rj distribuidora de filmes ltda;5963.0;00.146.442/0001-40;2015;12;3
2015-12-03;o fim e os meios;B1301987400000;ficção;brasil;1049;9774.93;nossa distribuidora de conteúdo audiovisual ltda.;20772.0;14.589.221/0001-51;2015;12;3
2015-12-03;papa ou maman;E1500736500000;ficção;frança;1310;14800.92;tucumán distribuidora de filmes ltda;16132.0;10.681.698/0001-01;2015;12;3
2015-12-03;passarinho lá de nova iorque;B1402089400000;documentário;brasil;60;637.25;nossa distribuidora de conteúdo audiovisual ltda.;20772.0;14.589.221/0001-51;2015;12;3
2015-12-03;ratatouille;E1500365600000;animação;estados unidos;413;3057.0;columbia tristar filmes do brasil ltda;84.0;00.979.601/0001-98;2015;12;3
2015-12-03;ratatouille;E1500365600000;animação;estados unidos;1714;13915.0;the walt disney company (brasil) ltda.;18398.0;73.042.962/0001-87;2015;12;3
2015-12-03;the gift;E1500817500000;ficção;estados unidos;89650;1144239.3;playarte pictures entretenimentos ltda.;443.0;00.943.231/0001-39;2015;12;3
2015-12-03;the smell of us;E1500748700000;ficção;frança;5606;69099.86;zeta filmes ltda;22936.0;02.469.679/0001-98;2015;12;3
2015-12-03;tudo que aprendemos juntos;B1500150200000;ficção;brasil;25816;303608.0;fox film do brasil ltda;256.0;33.110.420/0001-80;2015;12;3
2015-12-03;war room;E1500743300000;ficção;estados unidos;595161;7957330.66;canzion do brasil ltda;31096.0;18.659.925/0001-04;2015;12;3
2015-11-26;american ultra;E1500617000000;ficção;estados unidos;10877;136904.21;sm distribuidora de filmes ltda;11922.0;08.257.054/0001-49;2015;11;26
2015-11-26;através;B1500801000000;ficção;brasil;505;5949.0;estrangeira filmes ltda;21082.0;11.407.304/0001-94;2015;11;26
2015-11-26;ausência;B1500276200000;ficção;chile;4030;53501.93;reserva nacional distribuidora de filmes ltda.;11868.0;08.346.733/0001-94;2015;11;26
2015-11-26;chico - artista brasileiro;B1500777500000;documentário;brasil;126908;1911070.8;columbia tristar filmes do brasil ltda;84.0;00.979.601/0001-98;2015;11;26
2015-11-26;iván -  de volta para o passado;B1201663300000;documentário;brasil;2440;27877.41;moro comunicacao ltda;5224.0;03.827.382/0001-10;2015;11;26
2015-11-26;journey to the shore;E1500752700000;ficção;japão;4641;70674.64;antonio fernandes filmes ltda;532.0;02.668.665/0001-01;2015;11;26
2015-11-26;smultronstället;E1800119500000;ficção;suécia;494;7072.85;f. j. cines ltda;310.0;61.574.109/0001-27;2015;11;26
2015-11-26;the visit;E1500485700000;ficção;estados unidos;209479;2531958.7;columbia tristar filmes do brasil ltda;84.0;00.979.601/0001-98;2015;11;26
2015-11-26;trois souvenirs de ma jeunesse;E1500772600000;ficção;frança;6027;77822.42;mares filmes eireli;6418.0;07.257.887/0001-47;2015;11;26
2015-11-26;victor frankenstein;E1500821400000;ficção;estados unidos;678764;8473819.13;fox film do brasil ltda;256.0;33.110.420/0001-80;2015;11;26
2015-11-26;ídolo;B1500585700000;documentário;brasil;606;7543.39;nossa distribuidora de conteúdo audiovisual ltda.;20772.0;14.589.221/0001-51;2015;11;26
2015-11-19;awake - the life of  yogananda;E1500772500000;documentário;estados unidos;46507;680581.06;circuito cinearte ltda;1083.0;01.425.583/0001-65;2015;11;19
2015-11-19;chatô - o rei do brasil;B1001208900000;ficção;brasil;67061;1001282.58;chato ltda;21106.0;02.854.498/0001-85;2015;11;19
2015-11-19;he named me malala;E1500814300000;documentário;estados unidos;15022;221621.47;fox film do brasil ltda;256.0;33.110.420/0001-80;2015;11;19
2015-11-19;mistress america;E1500741300000;ficção;estados unidos;18062;275768.33;vitrine filmes ltda;16713.0;11.620.976/0001-83;2015;11;19
2015-11-19;ninguém ama ninguém...por mais de dois anos;B1500543700000;ficção;brasil;11833;155169.99;cannes produções s/a;2250.0;72.672.017/0001-04;2015;11;19
2015-11-19;papeles en el viento;E1500798400000;ficção;argentina;2957;37391.0;lanca distribuidora de filmes ltda;25115.0;18.384.267/0001-95;2015;11;19
2015-11-19;pauê - o passo de um vencedor;B1301942700000;documentário;brasil;338;2018.0;raiz distribuidora audiovisual ltda.;11792.0;08.331.280/0001-22;2015;11;19
2015-11-19;piadeiros;B1500689300000;documentário;brasil;687;8608.79;circuito cinearte ltda;1083.0;01.425.583/0001-65;2015;11;19
2015-11-19;simindis kundzuli;E1500742700000;ficção;alemanha;3286;41102.78;zeta filmes ltda;22936.0;02.469.679/0001-98;2015;11;19
2015-11-19;taxi;E1500829300000;ficção;irã;13875;201821.47;tag cultural distribuidora de filmes ltda;173.0;03.599.148/0001-82;2015;11;19
2015-11-19;the hunger games: mockingjay - part 2;E1500672400000;ficção;estados unidos;4418006;63920504.03;sm distribuidora de filmes ltda;11922.0;08.257.054/0001-49;2015;11;19
2015-11-19;toy story 2;E1402545000000;animação;estados unidos;162034;2225107.75;columbia tristar filmes do brasil ltda;84.0;00.979.601/0001-98;2015;11;19
2015-11-19;toy story 2;E1402545000000;animação;estados unidos;2517;22515.0;the walt disney company (brasil) ltda.;18398.0;73.042.962/0001-87;2015;11;19
2015-11-19;when marnie was there;E1500800700000;animação;japão;2188;31740.31;antonio fernandes filmes ltda;532.0;02.668.665/0001-01;2015;11;19
2015-11-18;os tubarões de copacabana;B1402108000000;ficção;brasil;58;766.3;internacional - produções de cinema e vídeo ltda;4758.0;04.964.663/0001-87;2015;11;18
2015-11-14;the sound of music;E1500702000000;ficção;estados unidos;3951;34466.0;fox film do brasil ltda;256.0;33.110.420/0001-80;2015;11;14
2015-11-12;#garotas;B1500311000000;ficção;brasil;969;13780.08;sm distribuidora de filmes ltda;11922.0;08.257.054/0001-49;2015;11;12
2015-11-12;as mil e uma noites: volume 1, o inquieto;E1500806100000;ficção;frança;4085;54505.24;tucumán distribuidora de filmes ltda;16132.0;10.681.698/0001-01;2015;11;12
2015-11-12;black mass;E1500584000000;ficção;estados unidos;216914;3528222.0;warner bros. (south) inc.;265.0;33.015.827/0001-28;2015;11;12
2015-11-12;caminho de volta.;B1500315900000;documentário;brasil;809;8280.5;vilacine serviços cinematográficos s.a.;18499.0;11.276.047/0001-07;2015;11;12
2015-11-12;condado macabro;B1500399800000;ficção;brasil;523;6695.92;encripta s/a;22364.0;15.182.829/0001-20;2015;11;12
2015-11-12;documentário samba & jazz: rio de janeiro - new orleans;B1500740900000;documentário;brasil;1809;21657.66;jeff & sports marketing e comunicação;23364.0;06.935.870/0001-39;2015;11;12
2015-11-12;hippocrate;E1500708900000;ficção;frança;4322;58413.04;circuito cinearte ltda;1083.0;01.425.583/0001-65;2015;11;12
2015-11-12;il capitale umano;E1402765300000;ficção;itália;10260;158168.19;tag cultural distribuidora de filmes ltda;173.0;03.599.148/0001-82;2015;11;12
2015-11-12;os maias (alguns) episódios da vida romântica;B1402275800000;ficção;brasil;2319;24888.74;ludwig maia arthouse distribuidora de filmes ltda;22808.0;05.249.852/0001-30;2015;11;12
2015-11-12;scouts guide to the zombie apocalypse;E1500662700000;ficção;estados unidos;395012;4834718.0;paramount pictures brasil distribuidora de filmes ltda;169.0;27.654.722/0001-16;2015;11;12
2015-11-12;se deus vier que venha armado;B1402133100000;ficção;brasil;1703;21221.91;providence distribuidora de filmes ltda;12443.0;08.656.129/0001-64;2015;11;12
2015-11-12;snow queen 2;E1500729900000;animação;rússia;400472;5032781.61;antonio fernandes filmes ltda;532.0;02.668.665/0001-01;2015;11;12
2015-11-12;two men in town;E1500700500000;ficção;argélia;405;4770.65;tucumán distribuidora de filmes ltda;16132.0;10.681.698/0001-01;2015;11;12
2015-11-12;unfriended;E1500716200000;ficção;estados unidos;45630;594251.61;columbia tristar filmes do brasil ltda;84.0;00.979.601/0001-98;2015;11;12
2015-11-12;órfãos do eldorado;B1500672000000;ficção;brasil;3392;41791.06;freespirit distribuidora de filmes ltda.;4904.0;07.616.202/0001-01;2015;11;12
2015-11-07;the shawshank redemption;E1500165300000;ficção;estados unidos;1476;13224.5;cinemark brasil s.a;1843.0;00.779.721/0001-41;2015;11;7
2015-11-07;the shawshank redemption;E1500165300000;ficção;estados unidos;70;1755.0;warner bros. (south) inc.;265.0;33.015.827/0001-28;2015;11;7
2015-11-05;5 flights up;E1500650300000;ficção;estados unidos;21847;320683.1;mares filmes eireli;6418.0;07.257.887/0001-47;2015;11;5
2015-11-05;a floresta que se move;B1500591500000;ficção;brasil;8581;110064.97;unifilmes distribuidora, importadora e exportadora de filmes ltda;17810.0;12.452.477/0001-97;2015;11;5
2015-11-05;beira-mar;B1402710300000;ficção;brasil;11211;142014.04;vitrine filmes ltda;16713.0;11.620.976/0001-83;2015;11;5
2015-11-05;cidade de deus, 10 anos depois;B1402144800000;documentário;brasil;3633;31770.34;livres distribuidora de audivisual ltda me;21870.0;15.263.576/0001-19;2015;11;5
2015-11-05;depois de tudo;B1500344400000;ficção;brasil;21768;282661.93;wmix distribuidora ltda.;1935.0;03.918.609/0001-32;2015;11;5
2015-11-05;la banda picasso;E1500709000000;ficção;espanha;5408;70240.19;esfera produções culturais eireli;18039.0;11.579.388/0001-43;2015;11;5
2015-11-05;olmo and the seagull;E1500689000000;documentário;brasil;34403;446518.64;providence distribuidora de filmes ltda;12443.0;08.656.129/0001-64;2015;11;5
2015-11-05;pasolini;E1500636800000;ficção;bélgica;6442;91492.4;tag cultural distribuidora de filmes ltda;173.0;03.599.148/0001-82;2015;11;5
2015-11-05;spectre;E1500485800000;ficção;estados unidos;2101350;31089863.14;columbia tristar filmes do brasil ltda;84.0;00.979.601/0001-98;2015;11;5
2015-11-01;andre rieu's 2015 maastricht concert;E1500702700000;vídeomusical;inglaterra;3108;103979.0;cinemark brasil s.a;1843.0;00.779.721/0001-41;2015;11;1
2015-10-29;45 years;E1500640300000;ficção;reino unido;39854;569342.32;tag cultural distribuidora de filmes ltda;173.0;03.599.148/0001-82;2015;10;29
2015-10-29;betinho-a esperança equilibrista;B1500712100000;documentário;brasil;2137;32740.33;elo audiovisual serviços ltda;5672.0;07.700.630/0001-18;2015;10;29
2015-10-29;betinho-a esperança equilibrista;B1500712100000;documentário;brasil;15;30.0;tres tempos filmes ltda;335.0;00.360.459/0001-04;2015;10;29
2015-10-29;dheepan;E1500752900000;ficção;frança;11816;166172.08;antonio fernandes filmes ltda;532.0;02.668.665/0001-01;2015;10;29
2015-10-29;grace of monaco;E1500656800000;ficção;frança;91978;1592314.43;playarte pictures entretenimentos ltda.;443.0;00.943.231/0001-39;2015;10;29
2015-10-29;mamma roma;E1500751500000;ficção;itália;2566;33054.25;f. j. cines ltda;310.0;61.574.109/0001-27;2015;10;29
2015-10-29;sin hijos;E1500740600000;ficção;argentina;12185;173753.23;sm distribuidora de filmes ltda;11922.0;08.257.054/0001-49;2015;10;29
2015-10-29;straight outta compton;E1500674900000;ficção;estados unidos;22736;356032.79;columbia tristar filmes do brasil ltda;84.0;00.979.601/0001-98;2015;10;29
2015-10-29;the 33;E1500617800000;ficção;estados unidos;61569;1048241.0;fox film do brasil ltda;256.0;33.110.420/0001-80;2015;10;29
2015-10-29;the last witch hunter;E1500672300000;ficção;estados unidos;2661882;34504656.56;sm distribuidora de filmes ltda;11922.0;08.257.054/0001-49;2015;10;29
2015-10-24;jaws;E1402577300000;ficção;estados unidos;1328;12194.5;cinemark brasil s.a;1843.0;00.779.721/0001-41;2015;10;24
2015-10-24;jaws;E1402577300000;ficção;estados unidos;461;3303.52;universal pictures international brazil ltda.;33787.0;24.810.280/0001-61;2015;10;24
2015-10-24;jaws;E1402577300000;ficção;estados unidos;2651;45907.5;warner bros. (south) inc.;265.0;33.015.827/0001-28;2015;10;24
2015-10-22;accused (lucia de b.);E1500620700000;ficção;holanda;5145;69538.55;cannes produções s/a;2250.0;72.672.017/0001-04;2015;10;22
2015-10-22;bridge of spies;E1500617600000;ficção;estados unidos;425026;7146668.15;fox film do brasil ltda;256.0;33.110.420/0001-80;2015;10;22
2015-10-22;cars;E1500588000000;animação;estados unidos;8;40.0;columbia tristar filmes do brasil ltda;84.0;00.979.601/0001-98;2015;10;22
2015-10-22;cars;E1500588000000;animação;estados unidos;2248;20424.0;the walt disney company (brasil) ltda.;18398.0;73.042.962/0001-87;2015;10;22
2015-10-22;circo voador - a nave;B1500743500000;documentário;brasil;948;12223.5;arte vital exibições cinematográficas ltda;14200.0;03.459.043/0001-28;2015;10;22
2015-10-22;comet;E1500558300000;ficção;estados unidos;3205;50541.34;tag cultural distribuidora de filmes ltda;173.0;03.599.148/0001-82;2015;10;22
2015-10-22;ed sheeran - jumpers for goalposts;E1500697000000;vídeomusical;estados unidos;5849;128683.5;cinemark brasil s.a;1843.0;00.779.721/0001-41;2015;10;22
2015-10-22;goosebumps;E1500485600000;ficção;estados unidos;522354;7166419.95;columbia tristar filmes do brasil ltda;84.0;00.979.601/0001-98;2015;10;22
2015-10-22;paranormal activity: the ghost dimension;E1500662800000;ficção;estados unidos;1388210;20610193.0;paramount pictures brasil distribuidora de filmes ltda;169.0;27.654.722/0001-16;2015;10;22
2015-10-22;s.o.s. mulheres ao mar 2;B1500778300000;ficção;brasil;1638272;21119066.91;cannes produções s/a;2250.0;72.672.017/0001-04;2015;10;22
2015-10-22;sicario;E1500490400000;ficção;estados unidos;50584;866251.3;sm distribuidora de filmes ltda;11922.0;08.257.054/0001-49;2015;10;22
2015-10-17;the matrix;E1500096600000;ficção;austrália;2547;22459.5;cinemark brasil s.a;1843.0;00.779.721/0001-41;2015;10;17
2015-10-17;the matrix;E1500096600000;ficção;austrália;33249;579742.44;warner bros. (south) inc.;265.0;33.015.827/0001-28;2015;10;17
2015-10-15;crimson peak;E1500485900000;ficção;estados unidos;265810;3807270.84;columbia tristar filmes do brasil ltda;84.0;00.979.601/0001-98;2015;10;15
2015-10-15;heaven knows what;E1500640200000;ficção;estados unidos;522;9168.55;tag cultural distribuidora de filmes ltda;173.0;03.599.148/0001-82;2015;10;15
2015-10-15;operações especiais (ex boletim de ocorrência b.o);B1500701300000;ficção;brasil;348322;4392871.68;sm distribuidora de filmes ltda;11922.0;08.257.054/0001-49;2015;10;15
2015-10-15;parceiras eternas;E1500398700000;ficção;estados unidos;845;11519.01;rj distribuidora de filmes ltda;5963.0;00.146.442/0001-40;2015;10;15
2015-10-15;she's funny that way;E1500268600000;ficção;estados unidos;43872;703415.22;mares filmes eireli;6418.0;07.257.887/0001-47;2015;10;15
2015-10-15;we are your friends;E1500691500000;ficção;estados unidos;2350;32443.35;diamond films do brasil produção e distribuição audiovisual ltda.;22724.0;17.095.184/0001-13;2015;10;15
2015-10-12;mary's land - tierra de maria;E1500682900000;documentário;espanha;68838;980900.5;cinemark brasil s.a;1843.0;00.779.721/0001-41;2015;10;12
2015-10-10;carlota joaquina, princesa do brasil;B0500310700000;ficção;brasil;359;3245.5;cinemark brasil s.a;1843.0;00.779.721/0001-41;2015;10;10
2015-10-08;aqui deste lugar;B1500713000000;documentário;brasil;153;2161.0;gullane entretenimento s.a.;848.0;01.378.559/0001-12;2015;10;8
2015-10-08;dancing arabs;E1500640100000;ficção;alemanha;10279;157733.16;tag cultural distribuidora de filmes ltda;173.0;03.599.148/0001-82;2015;10;8
2015-10-08;knock knock;E1500270800000;ficção;chile;48800;665818.87;sm distribuidora de filmes ltda;11922.0;08.257.054/0001-49;2015;10;8
2015-10-08;lulu femme nue;E1500310700000;ficção;frança;8061;113750.58;circuito cinearte ltda;1083.0;01.425.583/0001-65;2015;10;8
2015-10-08;no escape;E1500334400000;ficção;estados unidos;36763;487697.42;diamond films do brasil produção e distribuição audiovisual ltda.;22724.0;17.095.184/0001-13;2015;10;8
2015-10-08;pan;E1500684400000;ficção;estados unidos;1873400;26691537.0;warner bros. (south) inc.;265.0;33.015.827/0001-28;2015;10;8
2015-10-08;respire;E1500459300000;ficção;frança;5482;78469.12;omf servicos & consultoria ltda;28508.0;21.437.756/0001-72;2015;10;8
2015-10-08;the walk;E1500485500000;ficção;estados unidos;140088;2636944.44;columbia tristar filmes do brasil ltda;84.0;00.979.601/0001-98;2015;10;8
2015-10-08;vivir es fácil con los ojos cerrados;E1500729400000;ficção;espanha;17951;257761.8;antonio fernandes filmes ltda;532.0;02.668.665/0001-01;2015;10;8
2015-10-01;el club;E1500622900000;ficção;chile;21045;308135.88;tag cultural distribuidora de filmes ltda;173.0;03.599.148/0001-82;2015;10;1
2015-10-01;la rançon de la gloire;E1500306800000;ficção;frança;6046;66213.76;mares filmes eireli;6418.0;07.257.887/0001-47;2015;10;1
2015-10-01;possession of michael king;E1500627400000;ficção;estados unidos;97758;1296347.23;playarte pictures entretenimentos ltda.;443.0;00.943.231/0001-39;2015;10;1
2015-10-01;the martian;E1500617500000;ficção;estados unidos;1802671;29107566.0;fox film do brasil ltda;256.0;33.110.420/0001-80;2015;10;1
2015-10-01;toy story;E1402544900000;animação;estados unidos;96973;1308293.25;columbia tristar filmes do brasil ltda;84.0;00.979.601/0001-98;2015;10;1
2015-10-01;toy story;E1402544900000;animação;estados unidos;4074;38919.0;the walt disney company (brasil) ltda.;18398.0;73.042.962/0001-87;2015;10;1
2015-10-01;vai que cola - o filme;B1500654500000;ficção;brasil;3307837;41803908.21;h2o distribuidora de filmes ltda;21541.0;15.372.472/0001-42;2015;10;1
2015-09-29;roger waters the wall;E1500466400000;vídeomusical;inglaterra;19566;541985.0;united cinemas international brasil ltda.;749.0;01.289.530/0001-64;2015;9;29
2015-09-26;amy;E1500626100000;documentário;inglaterra;20787;423926.66;universal music international ltda;16080.0;08.975.642/0001-18;2015;9;26
2015-09-26;enter the dragon;E1500398500000;ficção;estados unidos;1792;17155.0;cinemark brasil s.a;1843.0;00.779.721/0001-41;2015;9;26
2015-09-24;a hora e a vez de augusto matraga;B1201643000000;ficção;brasil;2499;34440.19;nossa distribuidora de conteúdo audiovisual ltda.;20772.0;14.589.221/0001-51;2015;9;24
2015-09-24;everest;E1500484700000;ficção;estados unidos;423857;7244686.86;columbia tristar filmes do brasil ltda;84.0;00.979.601/0001-98;2015;9;24
2015-09-24;guillaume tell;E1402550000000;vídeomusical;inglaterra;906;27106.5;cinemark brasil s.a;1843.0;00.779.721/0001-41;2015;9;24
2015-09-24;hotel transylvania 2;E1500485400000;animação;estados unidos;3275526;42092782.11;columbia tristar filmes do brasil ltda;84.0;00.979.601/0001-98;2015;9;24
2015-09-24;o samba;E1500567600000;documentário;alemanha;395;6388.4;tag cultural distribuidora de filmes ltda;173.0;03.599.148/0001-82;2015;9;24
2015-09-24;orestes;B1500448600000;documentário;brasil;2790;33480.07;c r producoes - foto, cine-video ltda;1772.0;05.780.593/0001-70;2015;9;24
2015-09-24;the intern;E1500493200000;ficção;estados unidos;598084;8836197.0;warner bros. (south) inc.;265.0;33.015.827/0001-28;2015;9;24
2015-09-24;venus in fur;E1500627300000;ficção;frança;31085;469119.49;antonio fernandes filmes ltda;532.0;02.668.665/0001-01;2015;9;24
2015-09-24;vinodentro;E1500652900000;ficção;itália;13366;183400.79;tucumán distribuidora de filmes ltda;16132.0;10.681.698/0001-01;2015;9;24
2015-09-19;rosemary's baby;E1402712000000;ficção;estados unidos;2130;18922.5;cinemark brasil s.a;1843.0;00.779.721/0001-41;2015;9;19
2015-09-17;damas do samba;B1500671700000;documentário;brasil;716;7772.36;elo audiovisual serviços ltda;5672.0;07.700.630/0001-18;2015;9;17
2015-09-17;la tête haute;E1500577300000;ficção;frança;18301;223238.2;mares filmes eireli;6418.0;07.257.887/0001-47;2015;9;17
2015-09-17;lilo & stitch;E1402795700000;animação;estados unidos;1712;14280.0;the walt disney company (brasil) ltda.;18398.0;73.042.962/0001-87;2015;9;17
2015-09-17;maze runner: scorch trials;E1500617400000;ficção;estados unidos;1986250;27272209.0;fox film do brasil ltda;256.0;33.110.420/0001-80;2015;9;17
2015-09-17;mita tova;E1500622700000;ficção;alemanha;7633;112957.63;tag cultural distribuidora de filmes ltda;173.0;03.599.148/0001-82;2015;9;17
2015-09-17;nosferatu - phantom der nacht;E1500656600000;ficção;alemanha;2454;27335.69;f. j. cines ltda;310.0;61.574.109/0001-27;2015;9;17
2015-09-17;rio cigano;B1301943500000;ficção;brasil;1230;12682.0;raiz distribuidora audiovisual ltda.;11792.0;08.331.280/0001-22;2015;9;17
2015-09-17;smultronstället;E1500804700000;ficção;suécia;2988;33083.71;f. j. cines ltda;310.0;61.574.109/0001-27;2015;9;17
2015-09-17;sorg og glæde;E1500690800000;ficção;dinamarca;1313;16674.05;antonio fernandes filmes ltda;532.0;02.668.665/0001-01;2015;9;17
2015-09-12;an officer and a gentleman;E1402546800000;ficção;estados unidos;733;6758.5;cinemark brasil s.a;1843.0;00.779.721/0001-41;2015;9;12
2015-09-12;terra cabocla;B1500290200000;documentário;brasil;318;4948.16;realizart produção audiovisual ltda;5736.0;01.282.220/0001-18;2015;9;12
2015-09-10;eu nunca;B1302013600000;ficção;brasil;491;5970.38;elo audiovisual serviços ltda;5672.0;07.700.630/0001-18;2015;9;10
2015-09-10;homem comum;B1301899200000;ficção;brasil;1970;24120.9;vitrine filmes ltda;16713.0;11.620.976/0001-83;2015;9;10
2015-09-10;infância;B1402378700000;ficção;brasil;3517;49818.28;forte filmes produções artísticas ltda;12699.0;08.787.497/0001-41;2015;9;10
2015-09-10;la bohème;E1402568600000;vídeomusical;inglaterra;1121;34504.0;cinemark brasil s.a;1843.0;00.779.721/0001-41;2015;9;10
2015-09-10;la sapienza;E1402763500000;ficção;frança;12494;150500.75;omf servicos & consultoria ltda;28508.0;21.437.756/0001-72;2015;9;10
2015-09-10;love;E1500589200000;ficção;bélgica;40429;679307.19;tag cultural distribuidora de filmes ltda;173.0;03.599.148/0001-82;2015;9;10
2015-09-10;paysandú 100 anos de payxão;B1500592000000;documentário;brasil;11965;178508.09;urca filmes ltda;1304.0;05.256.465/0001-21;2015;9;10
2015-09-10;pequeno dicionário amoroso 2;B1500339400000;ficção;brasil;16627;245948.16;freespirit distribuidora de filmes ltda.;4904.0;07.616.202/0001-01;2015;9;10
2015-09-10;southpaw;E1500511800000;ficção;estados unidos;24213;457198.14;diamond films do brasil produção e distribuição audiovisual ltda.;22724.0;17.095.184/0001-13;2015;9;10
2015-09-10;the transporter refueled;E1500628900000;ficção;estados unidos;202508;2505070.61;antonio fernandes filmes ltda;532.0;02.668.665/0001-01;2015;9;10
2015-09-10;um filme frances;B1402326200000;ficção;brasil;146;2205.35;livres distribuidora de audivisual ltda me;21870.0;15.263.576/0001-19;2015;9;10
2015-09-10;vacation;E1500493100000;ficção;estados unidos;498362;6216386.0;warner bros. (south) inc.;265.0;33.015.827/0001-28;2015;9;10
2015-09-05;blade runner;E1500245500000;ficção;estados unidos;9389;88397.5;cinemark brasil s.a;1843.0;00.779.721/0001-41;2015;9;5
2015-09-05;blade runner;E1500245500000;ficção;estados unidos;2448;51322.4;warner bros. (south) inc.;265.0;33.015.827/0001-28;2015;9;5
2015-09-03;a esperança é a última que morre;B1500554400000;ficção;brasil;107590;1427955.29;freespirit distribuidora de filmes ltda.;4904.0;07.616.202/0001-01;2015;9;3
2015-09-03;barbie in rock ‘n royals;E1500803600000;animação;estados unidos;7199;88087.6;cinepolis operadora de cinemas do brasil ltda;17266.0;09.652.820/0001-32;2015;9;3
2015-09-03;diary of a chambermaid;E1500313400000;ficção;frança;23631;305069.17;mares filmes eireli;6418.0;07.257.887/0001-47;2015;9;3
2015-09-03;do you believe?;E1500574000000;ficção;estados unidos;306730;3679014.17;antonio fernandes filmes ltda;532.0;02.668.665/0001-01;2015;9;3
2015-09-03;entrando numa roubada;B1500558500000;ficção;brasil;131220;1654741.76;cannes produções s/a;2250.0;72.672.017/0001-04;2015;9;3
2015-09-03;jia zhang-ke, um homem de fenyang;B1500575600000;documentário;brasil;6689;74647.54;videofilmes produções artística ltda;276.0;31.179.864/0001-46;2015;9;3
2015-09-03;man from u.n.c.l.e;E1402747600000;ficção;estados unidos;386183;5550773.0;warner bros. (south) inc.;265.0;33.015.827/0001-28;2015;9;3
2015-09-03;ricki and the flash;E1500484600000;ficção;estados unidos;118665;2102954.62;columbia tristar filmes do brasil ltda;84.0;00.979.601/0001-98;2015;9;3
2015-09-03;shaun the sheep movie;E1500324900000;animação;frança;114199;1400028.71;columbia tristar filmes do brasil ltda;84.0;00.979.601/0001-98;2015;9;3
2015-09-03;sinister 2;E1500399600000;ficção;estados unidos;569119;7257262.11;sm distribuidora de filmes ltda;11922.0;08.257.054/0001-49;2015;9;3
2015-08-29;the untouchables;E1402564900000;ficção;estados unidos;1715;15041.0;cinemark brasil s.a;1843.0;00.779.721/0001-41;2015;8;29
2015-08-27;dior and i;E1500558200000;documentário;frança;10330;176348.01;tag cultural distribuidora de filmes ltda;173.0;03.599.148/0001-82;2015;8;27
2015-08-27;hitman: agent 47;E1500617300000;ficção;estados unidos;310340;4011576.0;fox film do brasil ltda;256.0;33.110.420/0001-80;2015;8;27
2015-08-27;irrational man;E1500434100000;ficção;estados unidos;195067;3391761.37;wmix distribuidora ltda.;1935.0;03.918.609/0001-32;2015;8;27
2015-08-27;it follows;E1500187800000;ficção;estados unidos;75470;919642.67;antonio fernandes filmes ltda;532.0;02.668.665/0001-01;2015;8;27
2015-08-27;mulheres no poder;B1402825200000;ficção;brasil;7804;107063.44;freespirit distribuidora de filmes ltda.;4904.0;07.616.202/0001-01;2015;8;27
2015-08-27;periscópio;B1402122500000;ficção;brasil;1461;13035.68;vitrine filmes ltda;16713.0;11.620.976/0001-83;2015;8;27
2015-08-27;que horas ela volta?;B1500585100000;ficção;brasil;493590;6881297.79;providence distribuidora de filmes ltda;12443.0;08.656.129/0001-64;2015;8;27
2015-08-27;snowpiercer;E1500531100000;ficção;estados unidos;76665;1037397.66;playarte pictures entretenimentos ltda.;443.0;00.943.231/0001-39;2015;8;27
2015-08-27;ted 2;E1500451000000;ficção;estados unidos;743118;9445707.72;columbia tristar filmes do brasil ltda;84.0;00.979.601/0001-98;2015;8;27
2015-08-27;zirig dum brasília;B1402831700000;documentário;brasil;169;1328.08;abr filmes eireli;15440.0;06.881.770/0001-77;2015;8;27
2015-08-22;bram stoker's dracula;E1500595000000;ficção;estados unidos;2386;21797.5;cinemark brasil s.a;1843.0;00.779.721/0001-41;2015;8;22
2015-08-20;8½;E1500883900000;ficção;frança;3244;43713.41;f. j. cines ltda;310.0;61.574.109/0001-27;2015;8;20
2015-08-20;conducta;E1500567800000;ficção;cuba;28112;387996.74;esfera produções culturais eireli;18039.0;11.579.388/0001-43;2015;8;20
2015-08-20;entourage;E1500366800000;ficção;estados unidos;5103;113667.0;warner bros. (south) inc.;265.0;33.015.827/0001-28;2015;8;20
2015-08-20;filme sobre um bom fim;B1500186700000;documentário;brasil;4503;39724.0;boulevard filmes ltda;17484.0;12.126.484/0001-07;2015;8;20
2015-08-20;gett;E1402765400000;ficção;israel;16925;265582.41;tag cultural distribuidora de filmes ltda;173.0;03.599.148/0001-82;2015;8;20
2015-08-20;hipóteses para o amor e a verdade;B1402195100000;ficção;brasil;1711;20728.5;raiz distribuidora audiovisual ltda.;11792.0;08.331.280/0001-22;2015;8;20
2015-08-20;la dolce vita;E1402804500000;ficção;frança;4098;51444.71;f. j. cines ltda;310.0;61.574.109/0001-27;2015;8;20
2015-08-20;linda de morrer;B1500543200000;ficção;brasil;948542;12186625.0;fox film do brasil ltda;256.0;33.110.420/0001-80;2015;8;20
2015-08-20;mulan;E1402787800000;animação;estados unidos;2127;16692.0;the walt disney company (brasil) ltda.;18398.0;73.042.962/0001-87;2015;8;20
2015-08-20;o último cine drive-in;B1402197800000;ficção;brasil;13028;168756.54;vitrine filmes ltda;16713.0;11.620.976/0001-83;2015;8;20
2015-08-20;shuiyin jie;E1500186800000;ficção;china;762;10655.79;omf servicos & consultoria ltda;28508.0;21.437.756/0001-72;2015;8;20
2015-08-20;the little prince;E1500340900000;animação;estados unidos;2043533;27853682.75;sm distribuidora de filmes ltda;11922.0;08.257.054/0001-49;2015;8;20
2015-08-20;the vatican tapes;E1500185400000;ficção;estados unidos;243809;3068588.23;diamond films do brasil produção e distribuição audiovisual ltda.;22724.0;17.095.184/0001-13;2015;8;20
2015-08-20;tu veux ou tu veux pas;E1500307000000;ficção;frança;15982;213333.11;mares filmes eireli;6418.0;07.257.887/0001-47;2015;8;20
2015-08-13;barbecue;E1500482300000;ficção;frança;33068;448465.48;tucumán distribuidora de filmes ltda;16132.0;10.681.698/0001-01;2015;8;13
2015-08-13;cativas - presas pelo coração;B1402144900000;documentário;brasil;1999;19550.5;moro comunicacao ltda;5224.0;03.827.382/0001-10;2015;8;13
2015-08-13;las insoladas;E1500558100000;ficção;argentina;7623;115673.63;tag cultural distribuidora de filmes ltda;173.0;03.599.148/0001-82;2015;8;13
2015-08-13;mission: impossible - rogue nation;E1500406500000;ficção;estados unidos;2711661;37278790.0;paramount pictures brasil distribuidora de filmes ltda;169.0;27.654.722/0001-16;2015;8;13
2015-08-13;next time i'll aim for the heart;E1500481900000;ficção;frança;5213;76074.23;antonio fernandes filmes ltda;532.0;02.668.665/0001-01;2015;8;13
2015-08-13;obra;B1402156500000;ficção;brasil;4276;53735.87;vitrine filmes ltda;16713.0;11.620.976/0001-83;2015;8;13
2015-08-13;pitch perfect 2;E1500311500000;ficção;estados unidos;123023;1458250.2;columbia tristar filmes do brasil ltda;84.0;00.979.601/0001-98;2015;8;13
2015-08-13;vyi;E1500477700000;ficção;belarus (bielorussia);5696;83373.87;encripta s/a;22364.0;15.182.829/0001-20;2015;8;13
2015-08-13;woman in gold;E1500302100000;ficção;estados unidos;87490;1521172.07;diamond films do brasil produção e distribuição audiovisual ltda.;22724.0;17.095.184/0001-13;2015;8;13
2015-08-08;top gun;E1402573700000;ficção;estados unidos;3459;31134.0;cinemark brasil s.a;1843.0;00.779.721/0001-41;2015;8;8
2015-08-07;a casa de cecília;B1402159000000;ficção;brasil;157;1724.3;clarissa appelt baptista san roman;23664.0;PESSOA FÍSICA;2015;8;7
2015-08-06;7500;E1500482000000;ficção;estados unidos;46634;616441.83;playarte pictures entretenimentos ltda.;443.0;00.943.231/0001-39;2015;8;6
2015-08-06;gemma bovery;E1500360900000;ficção;frança;22757;283422.12;mares filmes eireli;6418.0;07.257.887/0001-47;2015;8;6
2015-08-06;jimmy's hall;E1500558000000;ficção;frança;9808;142633.01;tag cultural distribuidora de filmes ltda;173.0;03.599.148/0001-82;2015;8;6
2015-08-06;meia hora e as manchetes que viram manchete;B1402475600000;documentário;brasil;962;8972.66;boulevard filmes ltda;17484.0;12.126.484/0001-07;2015;8;6
2015-08-06;ouro, suor e lágrimas;B1402408400000;documentário;brasil;3119;43810.37;lagoa filmes ltda;18072.0;12.598.893/0001-06;2015;8;6
2015-08-06;party girl;E1500459000000;ficção;frança;2769;30015.81;omf servicos & consultoria ltda;28508.0;21.437.756/0001-72;2015;8;6
2015-08-06;qu'est-ce qu'on a fait du bon diue?;E1500462700000;ficção;frança;108787;1617285.63;cannes produções s/a;2250.0;72.672.017/0001-04;2015;8;6
2015-08-06;real beleza;B1402719200000;ficção;brasil;11208;147516.61;elo audiovisual serviços ltda;5672.0;07.700.630/0001-18;2015;8;6
2015-08-06;the fantastic four;E1500423000000;ficção;estados unidos;1771829;21959665.0;fox film do brasil ltda;256.0;33.110.420/0001-80;2015;8;6
2015-08-01;the breakfast club;E1402609400000;ficção;estados unidos;3695;32216.0;cinemark brasil s.a;1843.0;00.779.721/0001-41;2015;8;1
2015-07-30;alucinados;B1001197000000;ficção;brasil;115;1383.85;freespirit distribuidora de filmes ltda.;4904.0;07.616.202/0001-01;2015;7;30
2015-07-30;dromedário no asfalto;B1500422800000;ficção;brasil;2290;26107.01;lanca distribuidora de filmes ltda;25115.0;18.384.267/0001-95;2015;7;30
2015-07-30;insidious: chapter 3;E1500434800000;ficção;estados unidos;624245;7803157.07;columbia tristar filmes do brasil ltda;84.0;00.979.601/0001-98;2015;7;30
2015-07-30;kidnapping freddy heineken;E1500198600000;ficção;bélgica;108767;2087922.09;wmix distribuidora ltda.;1935.0;03.918.609/0001-32;2015;7;30
2015-07-30;magic mike xxl;E1500367600000;ficção;estados unidos;202347;2748330.0;warner bros. (south) inc.;265.0;33.015.827/0001-28;2015;7;30
2015-07-30;the duff;E1500396700000;ficção;estados unidos;1523;20711.56;diamond films do brasil produção e distribuição audiovisual ltda.;22724.0;17.095.184/0001-13;2015;7;30
2015-07-30;toute première fois;E1500486000000;ficção;frança;6129;82971.2;antonio fernandes filmes ltda;532.0;02.668.665/0001-01;2015;7;30
2015-07-30;tudo por amor ao cinema;B1402215300000;documentário;brasil;602;8333.0;nossa distribuidora de conteúdo audiovisual ltda.;20772.0;14.589.221/0001-51;2015;7;30
2015-07-23;campo de jogo;B1402391100000;documentário;brasil;2279;28511.88;tucumán distribuidora de filmes ltda;16132.0;10.681.698/0001-01;2015;7;23
2015-07-23;carrossel - o filme;B1500453100000;ficção;brasil;2537628;27221239.28;sm distribuidora de filmes ltda;11922.0;08.257.054/0001-49;2015;7;23
2015-07-23;det sjunde inseglet;E1500576400000;ficção;suécia;9338;115590.96;f. j. cines ltda;310.0;61.574.109/0001-27;2015;7;23
2015-07-23;e.t. the extra-terrestrial;E1402648300000;ficção;estados unidos;2527;18929.69;universal pictures international brazil ltda.;33787.0;24.810.280/0001-61;2015;7;23
2015-07-23;e.t. the extra-terrestrial;E1402648300000;ficção;estados unidos;18899;357927.66;warner bros. (south) inc.;265.0;33.015.827/0001-28;2015;7;23
2015-07-23;geronimo;E1402547900000;ficção;frança;858;14223.25;tag cultural distribuidora de filmes ltda;173.0;03.599.148/0001-82;2015;7;23
2015-07-23;hermógenes, professor e poeta do yoga;B1500543600000;documentário;brasil;7680;114746.33;bodhgaya films produções cinematograficas ltda;17583.0;12.026.302/0001-18;2015;7;23
2015-07-23;pixels;E1500311800000;ficção;estados unidos;2355311;33729324.46;columbia tristar filmes do brasil ltda;84.0;00.979.601/0001-98;2015;7;23
2015-07-23;pixels;E1500311800000;ficção;estados unidos;300;6000.0;danielle dos santos borges;nan;PESSOA FÍSICA;2015;7;23
2015-07-23;sous les jupes des filles;E1500241500000;ficção;frança;23682;328836.41;mares filmes eireli;6418.0;07.257.887/0001-47;2015;7;23
2015-07-23;the gallows;E1500366900000;ficção;estados unidos;286661;2562921.0;warner bros. (south) inc.;265.0;33.015.827/0001-28;2015;7;23
2015-07-23;une reencontre;E1500398800000;ficção;frança;7982;109822.38;rj distribuidora de filmes ltda;5963.0;00.146.442/0001-40;2015;7;23
2015-07-16;a nação que não esperou por deus;B1500105700000;documentário;brasil;1472;12119.59;vitrine filmes ltda;16713.0;11.620.976/0001-83;2015;7;16
2015-07-16;ant-man;E1500406600000;ficção;estados unidos;2927606;41539259.0;the walt disney company (brasil) ltda.;18398.0;73.042.962/0001-87;2015;7;16
2015-07-16;fei yue lao ren yuan;E1500395700000;ficção;china;11002;137471.74;esfera produções culturais eireli;18039.0;11.579.388/0001-43;2015;7;16
2015-07-16;infinitely polar bear;E1500278400000;ficção;estados unidos;19868;318538.51;wmix distribuidora ltda.;1935.0;03.918.609/0001-32;2015;7;16
2015-07-16;the new girlfriend;E1500447600000;ficção;frança;33023;491255.94;tag cultural distribuidora de filmes ltda;173.0;03.599.148/0001-82;2015;7;16
2015-07-16;the tales of princes kaguya;E1500377100000;animação;japão;8172;99365.52;antonio fernandes filmes ltda;532.0;02.668.665/0001-01;2015;7;16
2015-07-09;7th dwarf;E1500344700000;animação;alemanha;43420;461088.78;sm distribuidora de filmes ltda;11922.0;08.257.054/0001-49;2015;7;9
2015-07-09;aliyah;E1500116000000;ficção;frança;4396;55560.85;arte vital exibições cinematográficas ltda;14200.0;03.459.043/0001-28;2015;7;9
2015-07-09;citizen kane;E1402796700000;ficção;estados unidos;11;220.0;warner bros. (south) inc.;265.0;33.015.827/0001-28;2015;7;9
2015-07-09;neruda;E1500445600000;ficção;chile;17592;247079.74;circuito cinearte ltda;1083.0;01.425.583/0001-65;2015;7;9
2015-07-09;paper towns;E1500387500000;ficção;estados unidos;1602111;19199490.0;fox film do brasil ltda;256.0;33.110.420/0001-80;2015;7;9
2015-07-09;phoenix;E1500447500000;ficção;alemanha;25913;374515.49;tag cultural distribuidora de filmes ltda;173.0;03.599.148/0001-82;2015;7;9
2015-07-09;samba;E1500377200000;ficção;frança;131491;2104710.85;antonio fernandes filmes ltda;532.0;02.668.665/0001-01;2015;7;9
2015-07-03;dois casamentos;B1402480100000;ficção;brasil;380;4536.42;livres distribuidora de audivisual ltda me;21870.0;15.263.576/0001-19;2015;7;3
2015-07-02;a little chaos;E1500278300000;ficção;reino unido;14827;236248.61;wmix distribuidora ltda.;1935.0;03.918.609/0001-32;2015;7;2
2015-07-02;behind the beautiful forevers;E1500347700000;vídeomusical;inglaterra;42;968.5;united cinemas international brasil ltda.;749.0;01.289.530/0001-64;2015;7;2
2015-07-02;hot pursuit;E1500254600000;ficção;estados unidos;26751;339721.0;warner bros. (south) inc.;265.0;33.015.827/0001-28;2015;7;2
2015-07-02;kirikou et les hommes et les femmes;E1402548000000;animação;frança;2928;38726.18;tag cultural distribuidora de filmes ltda;173.0;03.599.148/0001-82;2015;7;2
2015-07-02;les yeux jaunes des crocodiles;E1500241600000;ficção;frança;12725;152616.46;mares filmes eireli;6418.0;07.257.887/0001-47;2015;7;2
2015-07-02;meu passado me condena 2;B1500437700000;ficção;brasil;2639935;32941689.75;sm distribuidora de filmes ltda;11922.0;08.257.054/0001-49;2015;7;2
2015-07-02;my summer in provence;E1500069800000;ficção;frança;20099;283067.33;rj distribuidora de filmes ltda;5963.0;00.146.442/0001-40;2015;7;2
2015-07-02;terminator genisys;E1500404100000;ficção;estados unidos;2475674;36726832.0;paramount pictures brasil distribuidora de filmes ltda;169.0;27.654.722/0001-16;2015;7;2
2015-07-02;woody allen: a documentary;E1500422200000;documentário;frança;8294;114972.43;bretz filmes distribuidora e produtora ltda - epp;19243.0;39.079.678/0001-47;2015;7;2
2015-06-25;casadentro;E1500844300000;ficção;peru;1926;23045.12;esfera produções culturais eireli;18039.0;11.579.388/0001-43;2015;6;25
2015-06-25;fasle kargadan;E1402548100000;ficção;irã;10264;143964.11;tag cultural distribuidora de filmes ltda;173.0;03.599.148/0001-82;2015;6;25
2015-06-25;jauja;E1402806000000;ficção;argentina;6533;69683.3;vitrine filmes ltda;16713.0;11.620.976/0001-83;2015;6;25
2015-06-25;minions;E1500311600000;animação;estados unidos;8912154;119998788.79;columbia tristar filmes do brasil ltda;84.0;00.979.601/0001-98;2015;6;25
2015-06-25;minions;E1500311600000;animação;estados unidos;7267;60482.01;universal pictures international brazil ltda.;33787.0;24.810.280/0001-61;2015;6;25
2015-06-25;muitos homens num só;B1402201200000;ficção;brasil;2836;45857.25;freespirit distribuidora de filmes ltda.;4904.0;07.616.202/0001-01;2015;6;25
2015-06-25;o gorila;B1500149400000;ficção;brasil;1401;17391.89;camisa treze cultural ltda;4369.0;05.387.293/0001-25;2015;6;25
2015-06-25;queen & country;E1500299900000;ficção;frança;10559;139572.82;sm distribuidora de filmes ltda;11922.0;08.257.054/0001-49;2015;6;25
2015-06-25;the audience;E1500347600000;vídeomusical;inglaterra;236;6989.0;united cinemas international brasil ltda.;749.0;01.289.530/0001-64;2015;6;25
2015-06-25;the rewrite;E1500352700000;ficção;estados unidos;19338;333928.19;diamond films do brasil produção e distribuição audiovisual ltda.;22724.0;17.095.184/0001-13;2015;6;25
2015-06-18;batguano;B1402718400000;ficção;brasil;294;2804.0;vermelho profundo produções audiovisuais ltda;26309.0;19.099.086/0001-80;2015;6;18
2015-06-18;bikes vs. cars;E1500325000000;documentário;suécia;1383;18557.74;maria farinha filmes e produções ltda.;18069.0;12.396.390/0001-40;2015;6;18
2015-06-18;cobain: montage of heck;E1500239800000;documentário;estados unidos;4251;107471.0;cinemark brasil s.a;1843.0;00.779.721/0001-41;2015;6;18
2015-06-18;dark places;E1500268700000;ficção;frança;20251;341425.86;sm distribuidora de filmes ltda;11922.0;08.257.054/0001-49;2015;6;18
2015-06-18;dragonball z: fukkatsu no freeza;E1500387600000;animação;japão;337655;4103059.0;fox film do brasil ltda;256.0;33.110.420/0001-80;2015;6;18
2015-06-18;inside out;E1500351400000;animação;estados unidos;3785178;45683135.11;the walt disney company (brasil) ltda.;18398.0;73.042.962/0001-87;2015;6;18
2015-06-18;jessabelle;E1500174200000;ficção;estados unidos;149377;1819980.39;playarte pictures entretenimentos ltda.;443.0;00.943.231/0001-39;2015;6;18
2015-06-18;kraftidioten;E1402513300000;ficção;noruega;6164;89016.35;tag cultural distribuidora de filmes ltda;173.0;03.599.148/0001-82;2015;6;18
2015-06-18;my old lady;E1500376900000;ficção;reino unido;50527;761582.92;antonio fernandes filmes ltda;532.0;02.668.665/0001-01;2015;6;18
2015-06-18;while we're young;E1500306200000;ficção;estados unidos;71859;1157923.46;mares filmes eireli;6418.0;07.257.887/0001-47;2015;6;18
2015-06-11;a streetcar named desire;E1500347800000;vídeomusical;inglaterra;169;4810.0;united cinemas international brasil ltda.;749.0;01.289.530/0001-64;2015;6;11
2015-06-11;aloha;E1500261700000;ficção;estados unidos;91945;1478266.0;fox film do brasil ltda;256.0;33.110.420/0001-80;2015;6;11
2015-06-11;jurassic world;E1500311700000;ficção;estados unidos;6356870;90711092.96;columbia tristar filmes do brasil ltda;84.0;00.979.601/0001-98;2015;6;11
2015-06-11;jurassic world;E1500311700000;ficção;estados unidos;2506;62811.56;universal pictures international brazil ltda.;33787.0;24.810.280/0001-61;2015;6;11
2015-06-11;playing it cool;E1402806300000;ficção;estados unidos;54078;691426.44;wmix distribuidora ltda.;1935.0;03.918.609/0001-32;2015;6;11
2015-06-11;quase samba;B1301916500000;ficção;brasil;622;4937.0;vitrine filmes ltda;16713.0;11.620.976/0001-83;2015;6;11
2015-06-11;retour a ithaque;E1500398300000;ficção;bélgica;5807;83344.92;tag cultural distribuidora de filmes ltda;173.0;03.599.148/0001-82;2015;6;11
2015-06-11;the lesson;E1500375500000;ficção;bulgária;8796;115770.99;providence distribuidora de filmes ltda;12443.0;08.656.129/0001-64;2015;6;11
2015-06-07;frankenstein with johnny lee miller as the creature;E1500348000000;vídeomusical;inglaterra;179;4850.0;united cinemas international brasil ltda.;749.0;01.289.530/0001-64;2015;6;7
2015-06-06;ballet bolshoi: ivan, the terrible;E1600070100000;vídeomusical;rússia;850;23935.0;united cinemas international brasil ltda.;749.0;01.289.530/0001-64;2015;6;6
2015-06-04;ai weiwei: never sorry;E1600140400000;documentário;estados unidos;718;7975.0;bretz filmes distribuidora e produtora ltda - epp;19243.0;39.079.678/0001-47;2015;6;4
2015-06-04;hamlet;B1402218500000;ficção;brasil;307;3771.0;bela filmes produções ltda me;18625.0;13.359.654/0001-58;2015;6;4
2015-06-04;onde borges tudo vê;B130174300000;ficção;brasil;13;30.0;frederico da cruz machado - me;11990.0;03.553.092/0001-25;2015;6;4
2015-06-04;qualquer gato vira-lata 2;B1500309900000;ficção;brasil;807827;10017232.88;sm distribuidora de filmes ltda;11922.0;08.257.054/0001-49;2015;6;4
2015-06-04;romance policial;B1402131500000;ficção;brasil;3567;45020.9;providence distribuidora de filmes ltda;12443.0;08.656.129/0001-64;2015;6;4
2015-06-04;sangue azul;B1402237400000;ficção;brasil;10044;122453.05;reserva nacional distribuidora de filmes ltda.;11868.0;08.346.733/0001-94;2015;6;4
2015-06-04;second chance, a;E1500376800000;ficção;dinamarca;11145;179386.85;antonio fernandes filmes ltda;532.0;02.668.665/0001-01;2015;6;4
2015-06-04;spy;E1500234500000;ficção;estados unidos;415488;5192860.0;fox film do brasil ltda;256.0;33.110.420/0001-80;2015;6;4
2015-06-04;tomorrowland;E1500277300000;ficção;estados unidos;676655;8762976.0;the walt disney company (brasil) ltda.;18398.0;73.042.962/0001-87;2015;6;4
2015-06-04;top girl oder la déformation professionnelle;E1500187100000;ficção;alemanha;1947;30307.48;omf servicos & consultoria ltda;28508.0;21.437.756/0001-72;2015;6;4
2015-05-28;cauby - começaria tudo outra vez;B1402259600000;documentário;brasil;7418;87099.19;comunicação alternativa ltda;380.0;31.399.272/0001-30;2015;5;28
2015-05-28;l'homme qu'on aimait trop;E1500212900000;ficção;frança;23464;350042.47;mares filmes eireli;6418.0;07.257.887/0001-47;2015;5;28
2015-05-28;naruto movie: the last;E1500281700000;animação;japão;67437;798674.25;playarte pictures entretenimentos ltda.;443.0;00.943.231/0001-39;2015;5;28
2015-05-28;nemez;E1500287700000;ficção;alemanha;997;9484.77;tucumán distribuidora de filmes ltda;16132.0;10.681.698/0001-01;2015;5;28
2015-05-28;o amuleto;B1402391600000;ficção;brasil;2722;30432.99;sm distribuidora de filmes ltda;11922.0;08.257.054/0001-49;2015;5;28
2015-05-28;os ultimos cangaceiros;B1302041500000;documentário;brasil;4308;43907.16;reserva nacional distribuidora de filmes ltda.;11868.0;08.346.733/0001-94;2015;5;28
2015-05-28;permanência;B1500189400000;ficção;brasil;11163;102727.36;vitrine filmes ltda;16713.0;11.620.976/0001-83;2015;5;28
2015-05-28;san andreas;E1500363400000;ficção;estados unidos;2220110;32518952.0;warner bros. (south) inc.;265.0;33.015.827/0001-28;2015;5;28
2015-05-28;território do brincar;B1500388000000;documentário;brasil;5519;73782.88;maria farinha filmes e produções ltda.;18069.0;12.396.390/0001-40;2015;5;28
2015-05-28;the cobbler;E1500198700000;ficção;estados unidos;316468;3895936.17;wmix distribuidora ltda.;1935.0;03.918.609/0001-32;2015;5;28
2015-05-28;the water diviner;E1500242500000;ficção;austrália;28411;465400.01;sm distribuidora de filmes ltda;11922.0;08.257.054/0001-49;2015;5;28
2015-05-21;child 44;E1500245200000;ficção;estados unidos;18179;307072.32;sm distribuidora de filmes ltda;11922.0;08.257.054/0001-49;2015;5;21
2015-05-21;estranhos;B1402246600000;ficção;brasil;427;5338.5;araçá azul produção eventos e turismo ltda;4701.0;01.231.528/0001-34;2015;5;21
2015-05-21;get on up;E1500220000000;documentário;estados unidos;1284;18901.0;estação cinema e cultura ltda;592.0;02.745.624/0001-63;2015;5;21
2015-05-21;miss julie;E1500198500000;ficção;canadá;13500;186900.46;tag cultural distribuidora de filmes ltda;173.0;03.599.148/0001-82;2015;5;21
2015-05-21;o vendedor de passados;B1402689400000;ficção;brasil;80335;1026924.65;wmix distribuidora ltda.;1935.0;03.918.609/0001-32;2015;5;21
2015-05-21;poltergeist;E1500234600000;ficção;estados unidos;1235290;16966300.0;fox film do brasil ltda;256.0;33.110.420/0001-80;2015;5;21
2015-05-21;the age of adaline;E1500133800000;ficção;estados unidos;185706;2834560.7;diamond films do brasil produção e distribuição audiovisual ltda.;22724.0;17.095.184/0001-13;2015;5;21
2015-05-14;a lei da água (novo código florestal);B1402730900000;documentário;brasil;1645;35167.27;o2 produções artísticas e cinematográficas ltda.;63.0;67.431.718/0001-03;2015;5;14
2015-05-14;divã a 2;B1500335800000;ficção;argentina;164589;1982583.38;sm distribuidora de filmes ltda;11922.0;08.257.054/0001-49;2015;5;14
2015-05-14;en duva satt på en gren och funderade på tillvaron;E1500113100000;ficção;alemanha;9306;128477.5;mares filmes eireli;6418.0;07.257.887/0001-47;2015;5;14
2015-05-14;hitono nozomino yorokobiyo;E1500173300000;ficção;japão;4271;62036.82;omf servicos & consultoria ltda;28508.0;21.437.756/0001-72;2015;5;14
2015-05-14;los hermanos: esse é só o começo do fim da nossa vida;B1500224200000;documentário;brasil;10332;210134.28;elimar produções artísticas ltda;506.0;28.026.565/0001-67;2015;5;14
2015-05-14;mad max: fury road;E1500254700000;ficção;estados unidos;2238333;33513160.0;warner bros. (south) inc.;265.0;33.015.827/0001-28;2015;5;14
2015-05-14;metanoia;B1500257500000;ficção;brasil;58176;758160.42;cannes produções s/a;2250.0;72.672.017/0001-04;2015;5;14
2015-05-14;the tribe;E1500403500000;ficção;ucrânia;1412;20547.59;mostra de cinema, cultura e eventos ltda;29957.0;18.167.238/0001-71;2015;5;14
2015-05-07;a estrada 47;B1402125800000;ficção;brasil;34358;439151.77;cannes produções s/a;2250.0;72.672.017/0001-04;2015;5;7
2015-05-07;a vida privada dos hipopótamos;B1402781000000;documentário;brasil;1674;12534.3;vitrine filmes ltda;16713.0;11.620.976/0001-83;2015;5;7
2015-05-07;de gravata e unha vermelha;B1402209700000;documentário;brasil;3548;49546.21;reserva nacional distribuidora de filmes ltda.;11868.0;08.346.733/0001-94;2015;5;7
2015-05-07;listen up philip;E1500224000000;ficção;estados unidos;2735;35816.81;zeta filmes ltda;22936.0;02.469.679/0001-98;2015;5;7
2015-05-07;neka ostane medju nama;E1600010300000;ficção;frança;500;4990.0;frederico da cruz machado - me;11990.0;03.553.092/0001-25;2015;5;7
2015-05-07;sorria, voce está sendo filmado - o filme;B1500014400000;ficção;brasil;39548;514528.72;h2o distribuidora de filmes ltda;21541.0;15.372.472/0001-42;2015;5;7
2015-05-07;superfast!;E1500219200000;ficção;estados unidos;84302;998614.16;diamond films do brasil produção e distribuição audiovisual ltda.;22724.0;17.095.184/0001-13;2015;5;7
2015-05-07;the gunman;E1500242400000;ficção;estados unidos;129226;1705580.19;sm distribuidora de filmes ltda;11922.0;08.257.054/0001-49;2015;5;7
2015-05-07;the second best exotic marigold hotel;E1500254800000;ficção;estados unidos;66487;1104054.0;fox film do brasil ltda;256.0;33.110.420/0001-80;2015;5;7
2015-05-07;últimas conversas;B1500218600000;documentário;brasil;14498;187626.54;videofilmes produções artística ltda;276.0;31.179.864/0001-46;2015;5;7
2015-05-02;back to the future 2;E1500169400000;ficção;estados unidos;6805;60885.85;cinemark brasil s.a;1843.0;00.779.721/0001-41;2015;5;2
2015-04-30;3 coeurs;E1500212300000;ficção;frança;23779;335431.33;mares filmes eireli;6418.0;07.257.887/0001-47;2015;4;30
2015-04-30;anna k.;B1402543600000;ficção;brasil;719;10008.88;preta portê filmes e produções culturais ltda;16197.0;11.265.176/0001-91;2015;4;30
2015-04-30;are you here;E1500245400000;ficção;estados unidos;8656;143046.89;sm distribuidora de filmes ltda;11922.0;08.257.054/0001-49;2015;4;30
2015-04-30;bande de filles;E1402513200000;ficção;frança;1615;24774.16;tag cultural distribuidora de filmes ltda;173.0;03.599.148/0001-82;2015;4;30
2015-04-30;cake;E1500305300000;ficção;estados unidos;33118;595544.76;antonio fernandes filmes ltda;532.0;02.668.665/0001-01;2015;4;30
2015-04-30;entre abelhas;B1500183700000;ficção;brasil;438782;5738814.7;wmix distribuidora ltda.;1935.0;03.918.609/0001-32;2015;4;30
2015-04-30;ilo ilo;E1500163400000;ficção;cingapura;6244;79006.12;esfera produções culturais eireli;18039.0;11.579.388/0001-43;2015;4;30
2015-04-30;p´tit quin quin;E1500583300000;ficção;frança;1916;20998.5;mostra de cinema, cultura e eventos ltda;29957.0;18.167.238/0001-71;2015;4;30
2015-04-30;run all night;E1500103300000;ficção;estados unidos;275966;3514885.0;warner bros. (south) inc.;265.0;33.015.827/0001-28;2015;4;30
2015-04-30;the longest ride;E1500187900000;ficção;estados unidos;119586;1683757.0;fox film do brasil ltda;256.0;33.110.420/0001-80;2015;4;30
2015-04-30;winter sleep;E1500170200000;ficção;turquia;8309;99318.46;rj distribuidora de filmes ltda;5963.0;00.146.442/0001-40;2015;4;30
2015-04-23;a viagem de yoani;B1500265900000;documentário;brasil;1001;17409.62;elo audiovisual serviços ltda;5672.0;07.700.630/0001-18;2015;4;23
2015-04-23;dólares de arena;E1500173500000;ficção;argentina;5822;70396.7;tucumán distribuidora de filmes ltda;16132.0;10.681.698/0001-01;2015;4;23
2015-04-23;o rio nos pertence;B1301872000000;ficção;brasil;189;1569.23;daza produção cultural ltda me;17547.0;12.240.058/0001-91;2015;4;23
2015-04-23;o uivo da gaita;B1301871900000;ficção;brasil;301;3051.73;daza produção cultural ltda me;17547.0;12.240.058/0001-91;2015;4;23
2015-04-23;the avengers: age of ultron;E1500563200000;ficção;estados unidos;10130740;146203312.5;the walt disney company (brasil) ltda.;18398.0;73.042.962/0001-87;2015;4;23
2015-04-23;um sonho intenso;B1402229600000;documentário;brasil;3449;37026.66;pan filmes producao e distribuicao ltda;29227.0;13.675.070/0001-91;2015;4;23
2015-04-23;white bird in a blizzard;E1402358200000;ficção;estados unidos;9615;145942.75;tag cultural distribuidora de filmes ltda;173.0;03.599.148/0001-82;2015;4;23
2015-04-21;marina abramovic: the artists is present;E1500176700000;documentário;estados unidos;629;9412.0;bretz filmes distribuidora e produtora ltda - epp;19243.0;39.079.678/0001-47;2015;4;21
2015-04-18;backstreet boys: show: em what you're made of;E1500036600000;documentário;inglaterra;2713;69529.0;united cinemas international brasil ltda.;749.0;01.289.530/0001-64;2015;4;18
2015-04-16;casa grande;B1402131600000;ficção;brasil;38075;524262.14;film connection distribuidora de filmes ltda;5587.0;07.819.481/0001-00;2015;4;16
2015-04-16;chappie;E1500132700000;ficção;estados unidos;348980;4518554.3;columbia tristar filmes do brasil ltda;84.0;00.979.601/0001-98;2015;4;16
2015-04-16;club sandwich;E1500163300000;ficção;méxico;9379;123307.88;esfera produções culturais eireli;18039.0;11.579.388/0001-43;2015;4;16
2015-04-16;danny collins;E1500142100000;ficção;estados unidos;164713;2825690.58;wmix distribuidora ltda.;1935.0;03.918.609/0001-32;2015;4;16
2015-04-16;desert dancer;E1500245300000;ficção;reino unido;13411;205657.73;sm distribuidora de filmes ltda;11922.0;08.257.054/0001-49;2015;4;16
2015-04-16;frank;E1500099000000;ficção;inglaterra;3636;48958.49;mares filmes eireli;6418.0;07.257.887/0001-47;2015;4;16
2015-04-16;le meraviglie;E1500069600000;ficção;itália;11070;143078.35;rj distribuidora de filmes ltda;5963.0;00.146.442/0001-40;2015;4;16
2015-04-16;the notebook;E1402714500000;ficção;alemanha;8767;118377.45;cannes produções s/a;2250.0;72.672.017/0001-04;2015;4;16
2015-04-09;good people;E1500043800000;ficção;estados unidos;76618;1164853.56;antonio fernandes filmes ltda;532.0;02.668.665/0001-01;2015;4;9
2015-04-09;home;E1500073800000;animação;estados unidos;1783872;23097128.0;fox film do brasil ltda;256.0;33.110.420/0001-80;2015;4;9
2015-04-09;nuits blanches sur la jetée;E1402825900000;ficção;frança;3022;42464.77;omf servicos & consultoria ltda;28508.0;21.437.756/0001-72;2015;4;9
2015-04-04;the exorcist;E1500099900000;ficção;estados unidos;3121;28012.5;cinemark brasil s.a;1843.0;00.779.721/0001-41;2015;4;4
2015-04-04;the exorcist;E1500099900000;ficção;estados unidos;1056;18638.5;warner bros. (south) inc.;265.0;33.015.827/0001-28;2015;4;4
2015-04-02;furious seven;E1500161300000;ficção;estados unidos;9857968;142466037.02;columbia tristar filmes do brasil ltda;84.0;00.979.601/0001-98;2015;4;2
2015-04-02;le week-end;E1500069100000;ficção;reino unido;50913;730740.38;rj distribuidora de filmes ltda;5963.0;00.146.442/0001-40;2015;4;2
2015-04-02;les combattants;E1402548200000;ficção;frança;3274;46741.09;tag cultural distribuidora de filmes ltda;173.0;03.599.148/0001-82;2015;4;2
2015-04-02;o ano mais violento;E1500086500000;ficção;estados unidos;10016;165111.26;sm distribuidora de filmes ltda;11922.0;08.257.054/0001-49;2015;4;2
2015-04-02;the humbling;E1402767600000;ficção;estados unidos;13652;214424.79;antonio fernandes filmes ltda;532.0;02.668.665/0001-01;2015;4;2
2015-04-02;you're not you;E1500146900000;ficção;estados unidos;11619;158079.61;h20 produções ltda;24619.0;18.351.980/0001-32;2015;4;2
2015-03-26;cinderella;E1500085600000;ficção;estados unidos;4200736;50089182.05;the walt disney company (brasil) ltda.;18398.0;73.042.962/0001-87;2015;3;26
2015-03-26;dans la cour;E1402836800000;ficção;frança;23438;300740.4;mares filmes eireli;6418.0;07.257.887/0001-47;2015;3;26
2015-03-26;eduardo coutinho, 7 de outubro;B1402117400000;documentário;brasil;587;8884.83;servico social do comercio - sesc - administracao regional no estado de sao paulo;2295.0;03.667.884/0001-20;2015;3;26
2015-03-26;inherent vice;E1402739300000;ficção;estados unidos;20564;331860.99;warner bros. (south) inc.;265.0;33.015.827/0001-28;2015;3;26
2015-03-26;le sel de la terre;E1402769900000;documentário;frança;138214;1984541.11;tag cultural distribuidora de filmes ltda;173.0;03.599.148/0001-82;2015;3;26
2015-03-26;no meio do rio entre as árvores;B1101348800000;documentário;brasil;264;2739.0;raiz distribuidora audiovisual ltda.;11792.0;08.331.280/0001-22;2015;3;26
2015-03-26;ponte aérea;B1500138300000;ficção;brasil;34566;477345.14;sm distribuidora de filmes ltda;11922.0;08.257.054/0001-49;2015;3;26
2015-03-26;the boy next door;E1500161000000;ficção;estados unidos;77108;986769.76;columbia tristar filmes do brasil ltda;84.0;00.979.601/0001-98;2015;3;26
2015-03-26;watermark;E1500065500000;documentário;canadá;4297;61050.96;circuito cinearte ltda;1083.0;01.425.583/0001-65;2015;3;26
2015-03-19;branco sai preto fica;B1402653000000;ficção;brasil;19130;213293.63;vitrine filmes ltda;16713.0;11.620.976/0001-83;2015;3;19
2015-03-19;die geliebten schwestern;E1402625400000;ficção;alemanha;6688;82735.82;mares filmes eireli;6418.0;07.257.887/0001-47;2015;3;19
2015-03-19;eden;E1402717000000;ficção;frança;2291;24931.5;tag cultural distribuidora de filmes ltda;173.0;03.599.148/0001-82;2015;3;19
2015-03-19;insubordinados;B1402071500000;ficção;brasil;777;7940.96;providence distribuidora de filmes ltda;12443.0;08.656.129/0001-64;2015;3;19
2015-03-19;maps to the stars;E1402302900000;ficção;alemanha;41551;582631.15;sm distribuidora de filmes ltda;11922.0;08.257.054/0001-49;2015;3;19
2015-03-19;meus dois amores;B1201696600000;ficção;brasil;22661;281806.53;freespirit distribuidora de filmes ltda.;4904.0;07.616.202/0001-01;2015;3;19
2015-03-19;o duelo;B1500193000000;ficção;brasil;14337;184598.0;warner bros. (south) inc.;265.0;33.015.827/0001-28;2015;3;19
2015-03-19;the divergent series - insurgent;E1500121900000;ficção;estados unidos;2819819;39037040.04;sm distribuidora de filmes ltda;11922.0;08.257.054/0001-49;2015;3;19
2015-03-19;the homesman;E1500100200000;ficção;estados unidos;17066;255082.45;antonio fernandes filmes ltda;532.0;02.668.665/0001-01;2015;3;19
2015-03-19;third person;E1500105300000;ficção;bélgica;19141;314288.82;playarte pictures entretenimentos ltda.;443.0;00.943.231/0001-39;2015;3;19
2015-03-12;focus;E1402747300000;ficção;estados unidos;1288436;16411314.0;warner bros. (south) inc.;265.0;33.015.827/0001-28;2015;3;12
2015-03-12;love is strange;E1402760300000;ficção;estados unidos;19431;232695.18;rj distribuidora de filmes ltda;5963.0;00.146.442/0001-40;2015;3;12
2015-03-12;mortdecai;E1500015700000;ficção;reino unido;33450;462972.27;sm distribuidora de filmes ltda;11922.0;08.257.054/0001-49;2015;3;12
2015-03-12;my name is paul;E1500011100000;ficção;estados unidos;5112;55335.34;dunamys films produções cinematográficas ltda. me;21494.0;06.065.140/0001-24;2015;3;12
2015-03-12;seventh son, the;E1500132800000;ficção;estados unidos;499919;7045823.53;columbia tristar filmes do brasil ltda;84.0;00.979.601/0001-98;2015;3;12
2015-03-12;still alice;E1500113000000;ficção;estados unidos;401160;6068189.97;diamond films do brasil produção e distribuição audiovisual ltda.;22724.0;17.095.184/0001-13;2015;3;12
2015-03-12;sykt lykkelig;E1402548700000;ficção;noruega;6366;69661.35;vilacine serviços cinematográficos s.a.;18499.0;11.276.047/0001-07;2015;3;12
2015-03-12;the disappearance of eleonor rigby;E1500099800000;ficção;estados unidos;3352;49772.03;antonio fernandes filmes ltda;532.0;02.668.665/0001-01;2015;3;12
2015-03-12;un jeune poète;E1402826000000;ficção;frança;1104;8903.13;omf servicos & consultoria ltda;28508.0;21.437.756/0001-72;2015;3;12
2015-03-05;blind;E1500587700000;ficção;holanda;6231;78076.18;tag cultural distribuidora de filmes ltda;173.0;03.599.148/0001-82;2015;3;5
2015-03-05;fala sério!;B1101456300000;ficção;brasil;499;4028.0;raiz distribuidora audiovisual ltda.;11792.0;08.331.280/0001-22;2015;3;5
2015-03-05;force majeure;E1402767300000;ficção;suécia;13719;193506.8;antonio fernandes filmes ltda;532.0;02.668.665/0001-01;2015;3;5
2015-03-05;kingsman: the secret service;E1500073500000;ficção;reino unido;893501;11581438.0;fox film do brasil ltda;256.0;33.110.420/0001-80;2015;3;5
2015-03-05;love, rosie;E1402627500000;ficção;estados unidos;489722;5878253.73;wmix distribuidora ltda.;1935.0;03.918.609/0001-32;2015;3;5
2015-03-05;rosewater;E1500112900000;ficção;estados unidos;6766;99799.54;diamond films do brasil produção e distribuição audiovisual ltda.;22724.0;17.095.184/0001-13;2015;3;5
2015-03-05;the lazarus effect;E1500122000000;ficção;estados unidos;446515;5464833.27;sm distribuidora de filmes ltda;11922.0;08.257.054/0001-49;2015;3;5
2015-02-28;back to the future;E1402513800000;ficção;estados unidos;5699;50155.18;cinemark brasil s.a;1843.0;00.779.721/0001-41;2015;2;28
2015-02-28;back to the future;E1402513800000;ficção;estados unidos;2773;20520.76;universal pictures international brazil ltda.;33787.0;24.810.280/0001-61;2015;2;28
2015-02-26;a historia da eternidade;B1402133800000;ficção;brasil;13061;114221.88;ludwig maia arthouse distribuidora de filmes ltda;22808.0;05.249.852/0001-30;2015;2;26
2015-02-26;historia del miedo;E1402566700000;ficção;argentina;3727;40568.54;tucumán distribuidora de filmes ltda;16132.0;10.681.698/0001-01;2015;2;26
2015-02-26;life of crime;E1402473300000;ficção;estados unidos;20109;260301.07;h20 produções ltda;24619.0;18.351.980/0001-32;2015;2;26
2015-02-26;mr. kaplan;E1500019600000;ficção;uruguai;19480;240069.4;providence distribuidora de filmes ltda;12443.0;08.656.129/0001-64;2015;2;26
2015-02-26;superpai;B1500091200000;ficção;brasil;439410;5159394.63;columbia tristar filmes do brasil ltda;84.0;00.979.601/0001-98;2015;2;26
2015-02-26;the double;E1402380300000;ficção;reino unido;4710;57522.45;mares filmes eireli;6418.0;07.257.887/0001-47;2015;2;26
2015-02-26;tinkerbell and the legend of the neverbeast;E1402823700000;animação;estados unidos;610854;8401218.0;the walt disney company (brasil) ltda.;18398.0;73.042.962/0001-87;2015;2;26
2015-02-26;vai vai: 80 anos nas ruas;B1301949900000;documentário;brasil;385;6253.61;blood cinematografica ­ eireli ­ me;16758.0;07.424.485/0001-90;2015;2;26
2015-02-19;american sniper;E1402739100000;ficção;estados unidos;1162596;16787677.5;warner bros. (south) inc.;265.0;33.015.827/0001-28;2015;2;19
2015-02-19;st. vincent;E1500015900000;ficção;estados unidos;96570;1325116.37;sm distribuidora de filmes ltda;11922.0;08.257.054/0001-49;2015;2;19
2015-02-12;20,000 days on earth;E1500022900000;documentário;reino unido;4317;52546.47;zeta filmes ltda;22936.0;02.469.679/0001-98;2015;2;12
2015-02-12;annie;E1402627100000;ficção;estados unidos;85447;972297.32;columbia tristar filmes do brasil ltda;84.0;00.979.601/0001-98;2015;2;12
2015-02-12;belle et sébastien;E1402548300000;ficção;frança;4680;67169.9;tag cultural distribuidora de filmes ltda;173.0;03.599.148/0001-82;2015;2;12
2015-02-12;demonic;E1500086600000;ficção;estados unidos;302468;3687362.93;sm distribuidora de filmes ltda;11922.0;08.257.054/0001-49;2015;2;12
2015-02-12;fifty shades of grey;E1402627400000;ficção;estados unidos;6685559;87750057.07;columbia tristar filmes do brasil ltda;84.0;00.979.601/0001-98;2015;2;12
2015-02-12;fifty shades of grey;E1402627400000;ficção;estados unidos;99;1012.77;universal pictures international brazil ltda.;33787.0;24.810.280/0001-61;2015;2;12
2015-02-12;outcast;E1402769500000;ficção;china;83550;1023877.45;wmix distribuidora ltda.;1935.0;03.918.609/0001-32;2015;2;12
2015-02-05;deux jours, une nuit;E1402314400000;ficção;itália;55475;736158.12;tag cultural distribuidora de filmes ltda;173.0;03.599.148/0001-82;2015;2;5
2015-02-05;fury;E1402627000000;ficção;estados unidos;437532;5793883.55;columbia tristar filmes do brasil ltda;84.0;00.979.601/0001-98;2015;2;5
2015-02-05;jupiter ascending;E1500247800000;ficção;estados unidos;1233711;17081394.0;warner bros. (south) inc.;265.0;33.015.827/0001-28;2015;2;5
2015-02-05;selma;E1500058100000;ficção;estados unidos;33422;509571.0;the walt disney company (brasil) ltda.;18398.0;73.042.962/0001-87;2015;2;5
2015-02-05;the imitation game;E1402629800000;ficção;reino unido;545643;7892070.09;diamond films do brasil produção e distribuição audiovisual ltda.;22724.0;17.095.184/0001-13;2015;2;5
2015-02-05;the spongebob movie: sponge out of water;E1402756400000;animação;estados unidos;3719487;48261491.0;paramount pictures brasil distribuidora de filmes ltda;169.0;27.654.722/0001-16;2015;2;5
2015-01-31;psycho;E1402577400000;ficção;estados unidos;2619;23585.5;cinemark brasil s.a;1843.0;00.779.721/0001-41;2015;1;31
2015-01-29;big eyes;E1500015800000;ficção;estados unidos;78307;1080740.33;sm distribuidora de filmes ltda;11922.0;08.257.054/0001-49;2015;1;29
2015-01-29;birdman: or (the unexpected virtue of ignorance);E1402766900000;ficção;estados unidos;423994;6514107.3;fox film do brasil ltda;256.0;33.110.420/0001-80;2015;1;29
2015-01-29;cássia eller;B1500018400000;documentário;brasil;75133;952434.35;h2o distribuidora de filmes ltda;21541.0;15.372.472/0001-42;2015;1;29
2015-01-29;into the woods;E1402545300000;ficção;estados unidos;388533;5081664.0;the walt disney company (brasil) ltda.;18398.0;73.042.962/0001-87;2015;1;29
2015-01-29;station of the cross;E1402714400000;ficção;alemanha;4090;54011.24;cannes produções s/a;2250.0;72.672.017/0001-04;2015;1;29
2015-01-29;surfar é coisa de rico;B1500071300000;documentário;brasil;102;1493.9;elo audiovisual serviços ltda;5672.0;07.700.630/0001-18;2015;1;29
2015-01-29;the interview;E1402626800000;ficção;estados unidos;116670;1450405.66;columbia tristar filmes do brasil ltda;84.0;00.979.601/0001-98;2015;1;29
2015-01-29;the theory of everything;E1402505800000;ficção;reino unido;763660;11299634.51;columbia tristar filmes do brasil ltda;84.0;00.979.601/0001-98;2015;1;29
2015-01-29;the woman in black 2 angel of death;E1402787200000;ficção;reino unido;354679;4352690.01;diamond films do brasil produção e distribuição audiovisual ltda.;22724.0;17.095.184/0001-13;2015;1;29
2015-01-22;amor, plástico e barulho;B1402446800000;ficção;brasil;5665;32087.71;boulevard filmes ltda;17484.0;12.126.484/0001-07;2015;1;22
2015-01-22;before i go to sleep;E1402767700000;ficção;estados unidos;14606;234680.95;antonio fernandes filmes ltda;532.0;02.668.665/0001-01;2015;1;22
2015-01-22;casablanca;E1500044300000;ficção;estados unidos;244;15185.0;warner bros. (south) inc.;265.0;33.015.827/0001-28;2015;1;22
2015-01-22;foxcatcher;E1402566800000;ficção;estados unidos;46149;786126.63;columbia tristar filmes do brasil ltda;84.0;00.979.601/0001-98;2015;1;22
2015-01-22;minuscule - la vallée des fourmis perdues;E1402447200000;animação;frança;74745;969794.19;sm distribuidora de filmes ltda;11922.0;08.257.054/0001-49;2015;1;22
2015-01-22;snow white and the seven dwarfs;E1402545200000;animação;estados unidos;18031;156567.0;the walt disney company (brasil) ltda.;18398.0;73.042.962/0001-87;2015;1;22
2015-01-22;taken 3;E1402377500000;ficção;estados unidos;1480960;19132457.6;fox film do brasil ltda;256.0;33.110.420/0001-80;2015;1;22
2015-01-22;timbuktu;E1402547800000;ficção;frança;25293;351665.01;tag cultural distribuidora de filmes ltda;173.0;03.599.148/0001-82;2015;1;22
2015-01-22;tudo que deus criou;B1402277500000;ficção;brasil;601;4656.88;adriano jose lirio de souza;2884.0;PESSOA FÍSICA;2015;1;22
2015-01-22;tudo que deus criou;B1402277500000;ficção;brasil;627;4644.0;pipa nativa produção cultural ltda;5467.0;05.933.574/0001-36;2015;1;22
2015-01-15;depois da chuva;B1402082600000;ficção;brasil;16247;185152.29;circuito cinearte ltda;1083.0;01.425.583/0001-65;2015;1;15
2015-01-15;futatsume no mado;E1402767500000;ficção;japão;4297;63787.26;antonio fernandes filmes ltda;532.0;02.668.665/0001-01;2015;1;15
2015-01-15;leviathan;E1402433100000;ficção;rússia;41192;535819.83;tag cultural distribuidora de filmes ltda;173.0;03.599.148/0001-82;2015;1;15
2015-01-15;nostalgia de la luz;E1402805900000;documentário;frança;10040;117065.84;bretz filmes distribuidora e produtora ltda - epp;19243.0;39.079.678/0001-47;2015;1;15
2015-01-15;playing dead;E1402566600000;ficção;frança;8694;106425.34;tucumán distribuidora de filmes ltda;16132.0;10.681.698/0001-01;2015;1;15
2015-01-15;the penguins of madagascar;E1500150600000;animação;estados unidos;3133464;40479073.0;fox film do brasil ltda;256.0;33.110.420/0001-80;2015;1;15
2015-01-15;the penguins of madagascar;E1500150600000;animação;estados unidos;363;3942.1;the walt disney company (brasil) ltda.;18398.0;73.042.962/0001-87;2015;1;15
2015-01-15;unbroken;E1402627200000;ficção;estados unidos;242045;3673641.66;columbia tristar filmes do brasil ltda;84.0;00.979.601/0001-98;2015;1;15
2015-01-15;wild;E1402767100000;ficção;estados unidos;90073;1427373.0;fox film do brasil ltda;256.0;33.110.420/0001-80;2015;1;15
2015-01-08;clouds of sils maria;E1402767400000;ficção;frança;45665;626740.28;antonio fernandes filmes ltda;532.0;02.668.665/0001-01;2015;1;8
2015-01-08;loucas pra casar;B1402704900000;ficção;brasil;3726547;45688069.53;freespirit distribuidora de filmes ltda.;4904.0;07.616.202/0001-01;2015;1;8
2015-01-08;whiplash;E1500147500000;ficção;estados unidos;119028;1800194.54;columbia tristar filmes do brasil ltda;84.0;00.979.601/0001-98;2015;1;8
2015-01-01;night at the museum: secret of the tomb;E1500147400000;ficção;estados unidos;2707296;30904464.0;fox film do brasil ltda;256.0;33.110.420/0001-80;2015;1;1
2014-12-27;a clockwork orange;E1500164300000;ficção;estados unidos;11244;102343.44;cinemark brasil s.a;1843.0;00.779.721/0001-41;2014;12;27
2014-12-27;a clockwork orange;E1500164300000;ficção;estados unidos;7306;50270.5;f. j. cines ltda;310.0;61.574.109/0001-27;2014;12;27
2014-12-27;a clockwork orange;E1500164300000;ficção;estados unidos;1326;28467.0;warner bros. (south) inc.;265.0;33.015.827/0001-28;2014;12;27
2014-12-25;big hero 6;E1500091700000;animação;estados unidos;2718652;34543829.5;the walt disney company (brasil) ltda.;18398.0;73.042.962/0001-87;2014;12;25
2014-12-25;el critico;E1402782200000;ficção;argentina;36820;431971.18;esfera produções culturais eireli;18039.0;11.579.388/0001-43;2014;12;25
2014-12-25;exodus: gods and kings;E1500147300000;ficção;espanha;4151658;62521544.0;fox film do brasil ltda;256.0;33.110.420/0001-80;2014;12;25
2014-12-25;ida;E1402706800000;ficção;polônia;96772;1206033.37;zeta filmes ltda;22936.0;02.469.679/0001-98;2014;12;25
2014-12-25;la famille belier;E1402769300000;ficção;frança;90129;1308711.34;sm distribuidora de filmes ltda;11922.0;08.257.054/0001-49;2014;12;25
2014-12-25;les vacances du petit nicolas;E1500669000000;ficção;frança;55314;738965.48;tag cultural distribuidora de filmes ltda;173.0;03.599.148/0001-82;2014;12;25
2014-12-18;a noite da virada;B1402723400000;ficção;brasil;348293;4148146.83;sm distribuidora de filmes ltda;11922.0;08.257.054/0001-49;2014;12;18
2014-12-18;nightcrawler;E1402378600000;ficção;estados unidos;118568;1878547.62;diamond films do brasil produção e distribuição audiovisual ltda.;22724.0;17.095.184/0001-13;2014;12;18
2014-12-18;o segredo dos diamantes;B1402245600000;ficção;brasil;8308;95432.86;circuito cinearte ltda;1083.0;01.425.583/0001-65;2014;12;18
2014-12-18;run & jump;E1600106800000;ficção;irlanda;1986;26558.84;mostra internacional de cinema ltda;1797.0;52.009.305/0001-68;2014;12;18
2014-12-13;ballet bolshoi: the legend of love;E1600070000000;vídeomusical;rússia;798;21873.0;united cinemas international brasil ltda.;749.0;01.289.530/0001-64;2014;12;13
2014-12-11;as aventuras do avião vermelho;B1402521900000;animação;brasil;21696;222862.05;wmix distribuidora ltda.;1935.0;03.918.609/0001-32;2014;12;11
2014-12-11;esse viver ninguém me tira;B1402593100000;documentário;brasil;2264;30922.38;bsb serviços cinegroup ltda;2647.0;06.900.652/0001-69;2014;12;11
2014-12-11;kill the messenger;E1500090300000;ficção;estados unidos;8997;162772.34;wmix distribuidora ltda.;1935.0;03.918.609/0001-32;2014;12;11
2014-12-11;la rizière;E1500844400000;ficção;china;6080;73152.5;esfera produções culturais eireli;18039.0;11.579.388/0001-43;2014;12;11
2014-12-11;mommy;E1402385800000;ficção;canadá;21245;264067.5;mares filmes eireli;6418.0;07.257.887/0001-47;2014;12;11
2014-12-11;o senhor do labirinto;B1402693700000;ficção;brasil;3293;34977.07;e.h. filmes ltda;461.0;00.338.948/0001-51;2014;12;11
2014-12-11;ouija;E1402447100000;ficção;estados unidos;519001;6324737.89;h20 produções ltda;24619.0;18.351.980/0001-32;2014;12;11
2014-12-11;the hobbit: battle of the five armies;E1402451000000;ficção;estados unidos;3614097;51153012.2;warner bros. (south) inc.;265.0;33.015.827/0001-28;2014;12;11
2014-12-04;a walk among the tombstones;E1500184300000;ficção;estados unidos;373532;4326044.0;the walt disney company (brasil) ltda.;18398.0;73.042.962/0001-87;2014;12;4
2014-12-04;alguém qualquer;B1301944100000;ficção;brasil;568;7833.79;panda filmes ltda;941.0;04.980.287/0001-14;2014;12;4
2014-12-04;brincante;B1402203900000;documentário;brasil;7222;94837.54;circuito cinearte ltda;1083.0;01.425.583/0001-65;2014;12;4
2014-12-04;horrible bosses 2;E1500168800000;ficção;estados unidos;577587;7027295.0;warner bros. (south) inc.;265.0;33.015.827/0001-28;2014;12;4
2014-12-04;men, women & children;E1402389500000;ficção;estados unidos;91291;1392185.0;paramount pictures brasil distribuidora de filmes ltda;169.0;27.654.722/0001-16;2014;12;4
2014-12-04;michael kohlhaas;E1402435900000;ficção;alemanha;3981;48984.18;h20 produções ltda;24619.0;18.351.980/0001-32;2014;12;4
2014-12-04;paddington;E1402380000000;ficção;reino unido;353373;3765118.28;diamond films do brasil produção e distribuição audiovisual ltda.;22724.0;17.095.184/0001-13;2014;12;4
2014-12-04;sopro;B1402635200000;documentário;brasil;1350;6431.57;frederico da cruz machado - me;11990.0;03.553.092/0001-25;2014;12;4
2014-12-04;the captive;E1402379500000;ficção;canadá;4923;92108.57;wmix distribuidora ltda.;1935.0;03.918.609/0001-32;2014;12;4
2014-12-04;the purge: anarchy;E1402362500000;ficção;estados unidos;7400;85275.53;h20 produções ltda;24619.0;18.351.980/0001-32;2014;12;4
2014-11-29;pretty woman;E1402794600000;ficção;estados unidos;4063;34956.0;cinemark brasil s.a;1843.0;00.779.721/0001-41;2014;11;29
2014-11-27;boa sorte;B1402300400000;ficção;brasil;145890;1888580.47;wmix distribuidora ltda.;1935.0;03.918.609/0001-32;2014;11;27
2014-11-27;elsa & fred;E1500623300000;ficção;estados unidos;27271;344957.01;diamond films do brasil produção e distribuição audiovisual ltda.;22724.0;17.095.184/0001-13;2014;11;27
2014-11-27;john wick;E1402425800000;ficção;canadá;254;3417.22;sm distribuidora de filmes ltda;11922.0;08.257.054/0001-49;2014;11;27
2014-11-27;john wick;E1402425800000;ficção;canadá;314582;3916210.4;wmix distribuidora ltda.;1935.0;03.918.609/0001-32;2014;11;27
2014-11-27;o casamento de gorete;B1402192100000;ficção;brasil;92246;998440.05;cannes produções s/a;2250.0;72.672.017/0001-04;2014;11;27
2014-11-27;os amigos;B1402192700000;ficção;brasil;5513;69936.81;reserva nacional distribuidora de filmes ltda.;11868.0;08.346.733/0001-94;2014;11;27
2014-11-27;septimo;E1402856300000;ficção;espanha;59774;840034.0;fox film do brasil ltda;256.0;33.110.420/0001-80;2014;11;27
2014-11-25;os caras de pau;B1402271000000;ficção;brasil;1892337;22614310.17;wmix distribuidora ltda.;1935.0;03.918.609/0001-32;2014;11;25
2014-11-24;queen rock montreal 1981;E1402513400000;vídeomusical;canadá;278;6474.0;united cinemas international brasil ltda.;749.0;01.289.530/0001-64;2014;11;24
2014-11-22;scarface;E1402577700000;ficção;estados unidos;4482;41734.0;cinemark brasil s.a;1843.0;00.779.721/0001-41;2014;11;22
2014-11-20;a promise;E1402363700000;ficção;bélgica;12136;160840.37;mares filmes eireli;6418.0;07.257.887/0001-47;2014;11;20
2014-11-20;dumb and dumber to;E1500090200000;ficção;estados unidos;3071422;35482978.72;wmix distribuidora ltda.;1935.0;03.918.609/0001-32;2014;11;20
2014-11-20;karen llora en un bus;E1600161400000;ficção;colômbia;2284;31130.97;frederico da cruz machado - me;11990.0;03.553.092/0001-25;2014;11;20
2014-11-20;la jalousie;E1402461600000;ficção;frança;18616;223346.82;tucumán distribuidora de filmes ltda;16132.0;10.681.698/0001-01;2014;11;20
2014-11-20;the hunger games: mockingjay- part 1;E1402432300000;ficção;estados unidos;4799018;56410075.31;sm distribuidora de filmes ltda;11922.0;08.257.054/0001-49;2014;11;20
2014-11-20;vi är bäst!;E1402544000000;ficção;suécia;4741;59138.05;zeta filmes ltda;22936.0;02.469.679/0001-98;2014;11;20
2014-11-15;love story;E1402511500000;ficção;estados unidos;1379;10549.1;cinemark brasil s.a;1843.0;00.779.721/0001-41;2014;11;15
2014-11-13;elsa y fred;E1700239600000;ficção;argentina;26438;193311.37;centro de cultura cinematográfica providence;333.0;01.368.016/0001-14;2014;11;13
2014-11-13;irmã dulce;B1402406800000;ficção;brasil;205157;2373703.61;freespirit distribuidora de filmes ltda.;4904.0;07.616.202/0001-01;2014;11;13
2014-11-13;redeemed;E1402303500000;ficção;estados unidos;34361;365553.09;graça filmes produtora e distribuidora ltda;16514.0;11.292.373/0001-08;2014;11;13
2014-11-13;saint laurent;E1402424400000;ficção;frança;31467;476420.48;tag cultural distribuidora de filmes ltda;173.0;03.599.148/0001-82;2014;11;13
2014-11-13;the identical;E1402377800000;ficção;estados unidos;2320;41039.68;diamond films do brasil produção e distribuição audiovisual ltda.;22724.0;17.095.184/0001-13;2014;11;13
2014-11-13;trinta;B1402332500000;ficção;brasil;21783;286907.0;fox film do brasil ltda;256.0;33.110.420/0001-80;2014;11;13
2014-11-13;ventos de agosto;B1402265700000;ficção;brasil;8109;90138.42;vitrine filmes ltda;16713.0;11.620.976/0001-83;2014;11;13
2014-11-08;ballet bolshoi: la bayadere;E1600070600000;vídeomusical;rússia;875;24735.0;united cinemas international brasil ltda.;749.0;01.289.530/0001-64;2014;11;8
2014-11-08;bonnie & clyde;E1500178400000;ficção;estados unidos;2111;18875.0;cinemark brasil s.a;1843.0;00.779.721/0001-41;2014;11;8
2014-11-08;bonnie & clyde;E1500178400000;ficção;estados unidos;184;2607.05;warner bros. (south) inc.;265.0;33.015.827/0001-28;2014;11;8
2014-11-06;a thousand times good night;E1500546500000;ficção;noruega;49570;613489.29;mares filmes eireli;6418.0;07.257.887/0001-47;2014;11;6
2014-11-06;apneia;B1402480200000;ficção;brasil;5293;50672.71;elo audiovisual serviços ltda;5672.0;07.700.630/0001-18;2014;11;6
2014-11-06;cupcakes;E1402505700000;ficção;frança;1378;14767.73;providence distribuidora de filmes ltda;12443.0;08.656.129/0001-64;2014;11;6
2014-11-06;interstellar;E1402450800000;ficção;estados unidos;1622430;24844344.59;warner bros. (south) inc.;265.0;33.015.827/0001-28;2014;11;6
2014-11-06;l'extravagant voyage du jeune et prodigieux t.s. spivet;E1402543900000;ficção;frança;14899;252059.49;antonio fernandes filmes ltda;532.0;02.668.665/0001-01;2014;11;6
2014-11-06;made in china;B1402543500000;ficção;brasil;381889;4171611.46;h2o distribuidora de filmes ltda;21541.0;15.372.472/0001-42;2014;11;6
2014-11-06;mão na luva;B1402126100000;ficção;brasil;740;9678.4;alberto bitelli international films ltda;136.0;54.881.404/0001-60;2014;11;6
2014-11-06;nosotros los nobles;E1600069900000;ficção;méxico;1596;16827.46;tucumán distribuidora de filmes ltda;16132.0;10.681.698/0001-01;2014;11;6
2014-11-06;the house of magic;E1402627600000;animação;bélgica;300819;3978620.0;wmix distribuidora ltda.;1935.0;03.918.609/0001-32;2014;11;6
2014-11-06;the november man;E1402429000000;ficção;estados unidos;76221;964835.77;playarte pictures entretenimentos ltda.;443.0;00.943.231/0001-39;2014;11;6
2014-11-06;uma passagem para mário;B1402449000000;documentário;brasil;2462;14091.52;laurence produções audiovisuais ltda epp;22511.0;16.100.516/0001-48;2014;11;6
2014-11-01;footloose;E1402691300000;ficção;estados unidos;2547;21800.0;cinemark brasil s.a;1843.0;00.779.721/0001-41;2014;11;1
2014-10-30;até que a sbórnia nos separe;B1301874500000;animação;brasil;1;20.0;kompanhia teatro multimídia de são paulo;57643.0;60.740.149/0001-39;2014;10;30
2014-10-30;até que a sbórnia nos separe;B1301874500000;animação;brasil;14416;179372.18;lotado filmes ltda - baixada;22667.0;17.042.174/0001-10;2014;10;30
2014-10-30;boyhood;E1402379100000;ficção;estados unidos;164926;2434472.61;columbia tristar filmes do brasil ltda;84.0;00.979.601/0001-98;2014;10;30
2014-10-30;the best of me;E1402786400000;ficção;estados unidos;118073;1468263.21;wmix distribuidora ltda.;1935.0;03.918.609/0001-32;2014;10;30
2014-10-30;tim maia;B1402280500000;ficção;brasil;777699;10266056.05;freespirit distribuidora de filmes ltda.;4904.0;07.616.202/0001-01;2014;10;30
2014-10-25;raging bull;E1300000100000;ficção;estados unidos;1878;15732.5;cinemark brasil s.a;1843.0;00.779.721/0001-41;2014;10;25
2014-10-23;alexander and the terrible, horrible, not good, very bad day;E1402794900000;ficção;estados unidos;265690;2804453.0;the walt disney company (brasil) ltda.;18398.0;73.042.962/0001-87;2014;10;23
2014-10-23;amitiés sinceres;E1500676400000;ficção;frança;8386;101160.57;cannes produções s/a;2250.0;72.672.017/0001-04;2014;10;23
2014-10-23;cantinflas;E1402390300000;ficção;méxico;2342;31563.3;sm distribuidora de filmes ltda;11922.0;08.257.054/0001-49;2014;10;23
2014-10-23;dracula untold;E1402379600000;ficção;estados unidos;2710137;32166202.53;columbia tristar filmes do brasil ltda;84.0;00.979.601/0001-98;2014;10;23
2014-10-23;left behind;E1402433000000;ficção;estados unidos;632876;6917548.37;wmix distribuidora ltda.;1935.0;03.918.609/0001-32;2014;10;23
2014-10-23;o grande kilapy;B1301996600000;ficção;brasil;618;7624.21;reserva nacional distribuidora de filmes ltda.;11868.0;08.346.733/0001-94;2014;10;23
2014-10-23;pour une femme;E1500670300000;ficção;frança;6223;74211.83;tag cultural distribuidora de filmes ltda;173.0;03.599.148/0001-82;2014;10;23
2014-10-23;relatos salvajes;E1500251900000;ficção;argentina;469523;6914584.82;warner bros. (south) inc.;265.0;33.015.827/0001-28;2014;10;23
2014-10-18;ballet bolshoi: the pharaoh's daughter;E1600070500000;vídeomusical;rússia;955;25785.0;united cinemas international brasil ltda.;749.0;01.289.530/0001-64;2014;10;18
2014-10-18;democracia em preto e branco;B1402183000000;documentário;brasil;1274;17983.5;tv zero cinema ltda;4586.0;03.360.320/0001-40;2014;10;18
2014-10-17;meninos da vila - a magia do santos;B1402261200000;documentário;brasil;35;393.22;elo audiovisual serviços ltda;5672.0;07.700.630/0001-18;2014;10;17
2014-10-16;na quebrada;B1402380600000;ficção;brasil;256046;2948394.64;sm distribuidora de filmes ltda;11922.0;08.257.054/0001-49;2014;10;16
2014-10-16;sobrevivente urbano;B1402285000000;ficção;brasil;366;4156.0;ze´s produções ltda.;22810.0;04.734.514/0001-21;2014;10;16
2014-10-16;the book of life;E1500010700000;animação;estados unidos;1058571;13048654.0;fox film do brasil ltda;256.0;33.110.420/0001-80;2014;10;16
2014-10-16;the judge;E1500146700000;ficção;estados unidos;426540;5859828.0;warner bros. (south) inc.;265.0;33.015.827/0001-28;2014;10;16
2014-10-16;tokarev;E1402601500000;ficção;estados unidos;141404;1626316.32;antonio fernandes filmes ltda;532.0;02.668.665/0001-01;2014;10;16
2014-10-16;à queima roupa;B1402145600000;documentário;brasil;1372;17486.66;freespirit distribuidora de filmes ltda.;4904.0;07.616.202/0001-01;2014;10;16
2014-10-11;ghostbusters;E1402588800000;ficção;estados unidos;6097;50613.0;cinemark brasil s.a;1843.0;00.779.721/0001-41;2014;10;11
2014-10-09;a most wanted man;E1500009100000;ficção;alemanha;38175;623509.79;diamond films do brasil produção e distribuição audiovisual ltda.;22724.0;17.095.184/0001-13;2014;10;9
2014-10-09;and so it goes;E1500617100000;ficção;estados unidos;60851;847685.19;playarte pictures entretenimentos ltda.;443.0;00.943.231/0001-39;2014;10;9
2014-10-09;annabelle;E1500094100000;ficção;estados unidos;3719394;41892480.0;warner bros. (south) inc.;265.0;33.015.827/0001-28;2014;10;9
2014-10-09;attila marcel;E1500668000000;ficção;frança;14162;174788.93;tag cultural distribuidora de filmes ltda;173.0;03.599.148/0001-82;2014;10;9
2014-10-09;ilegal;B1402269700000;documentário;brasil;5659;73888.54;circuito cinearte ltda;1083.0;01.425.583/0001-65;2014;10;9
2014-10-09;legends of oz: dorothy's return;E1402302700000;animação;estados unidos;540780;6740906.11;sm distribuidora de filmes ltda;11922.0;08.257.054/0001-49;2014;10;9
2014-10-09;the games maker;E1600106400000;ficção;argentina;55969;746409.0;the walt disney company (brasil) ltda.;18398.0;73.042.962/0001-87;2014;10;9
2014-10-09;the physician;E1402432700000;ficção;alemanha;95600;1322920.04;wmix distribuidora ltda.;1935.0;03.918.609/0001-32;2014;10;9
2014-10-09;trash;B1402294200000;ficção;brasil;259283;3040946.35;columbia tristar filmes do brasil ltda;84.0;00.979.601/0001-98;2014;10;9
2014-10-04;full metal jacket;E1500192300000;ficção;estados unidos;3330;29210.0;cinemark brasil s.a;1843.0;00.779.721/0001-41;2014;10;4
2014-10-04;full metal jacket;E1500192300000;ficção;estados unidos;375;14013.0;warner bros. (south) inc.;265.0;33.015.827/0001-28;2014;10;4
2014-10-02;a late quartet;E1500681800000;ficção;estados unidos;14929;183630.83;cannes produções s/a;2250.0;72.672.017/0001-04;2014;10;2
2014-10-02;free angela and all political prisoners;E1402315000000;documentário;estados unidos;3014;35811.13;tag cultural distribuidora de filmes ltda;173.0;03.599.148/0001-82;2014;10;2
2014-10-02;gone girl;E1402836900000;ficção;estados unidos;533249;7232269.0;fox film do brasil ltda;256.0;33.110.420/0001-80;2014;10;2
2014-10-02;o candidato honesto;B1402260600000;ficção;brasil;2237776;24827669.51;freespirit distribuidora de filmes ltda.;4904.0;07.616.202/0001-01;2014;10;2
2014-10-02;ritos de passagem;B1201628900000;animação;brasil;966;5224.5;pipa nativa produção cultural ltda;5467.0;05.933.574/0001-36;2014;10;2
2014-10-02;sem pena;B1402173200000;documentário;brasil;7434;94240.62;circuito cinearte ltda;1083.0;01.425.583/0001-65;2014;10;2
2014-10-02;the boxtrolls;E1402373000000;animação;estados unidos;309120;3858518.95;columbia tristar filmes do brasil ltda;84.0;00.979.601/0001-98;2014;10;2
2014-10-02;to rome with love;E1500600400000;ficção;espanha;657329;8361747.25;sm distribuidora de filmes ltda;11922.0;08.257.054/0001-49;2014;10;2
2014-10-01;guns´n roses 3d appetite for democracy ao vivo the hard rock casino;E1600227400000;vídeomusical;estados unidos;1873;47661.0;united cinemas international brasil ltda.;749.0;01.289.530/0001-64;2014;10;1
2014-09-27;ghost;E1402645100000;ficção;estados unidos;2039;18756.5;cinemark brasil s.a;1843.0;00.779.721/0001-41;2014;9;27
2014-09-25;12 de junho de 1993 ¿ o dia paixão palmeirense;B1402089200000;documentário;brasil;1236;17102.01;elo audiovisual serviços ltda;5672.0;07.700.630/0001-18;2014;9;25
2014-09-25;a pelada;B1302034700000;ficção;brasil;7526;76353.27;freespirit distribuidora de filmes ltda.;4904.0;07.616.202/0001-01;2014;9;25
2014-09-25;belle et la bête, la;E1402766600000;ficção;canadá;513425;5369206.34;antonio fernandes filmes ltda;532.0;02.668.665/0001-01;2014;9;25
2014-09-25;belle et la bête, la;E1402766600000;ficção;canadá;7577;65339.5;the walt disney company (brasil) ltda.;18398.0;73.042.962/0001-87;2014;9;25
2014-09-25;jardim europa;B1101366000000;ficção;brasil;1593;15288.0;raiz distribuidora audiovisual ltda.;11792.0;08.331.280/0001-22;2014;9;25
2014-09-25;little fugitive;E1600114900000;ficção;estados unidos;3485;46274.86;circuito cinearte ltda;1083.0;01.425.583/0001-65;2014;9;25
2014-09-25;miss violence;E1500844700000;ficção;grécia;11460;104756.0;esfera produções culturais eireli;18039.0;11.579.388/0001-43;2014;9;25
2014-09-25;sin city 2: a dame to kill for;E1402433300000;ficção;estados unidos;86010;1304633.38;wmix distribuidora ltda.;1935.0;03.918.609/0001-32;2014;9;25
2014-09-25;the equalizer;E1402674700000;ficção;estados unidos;706600;8884651.66;columbia tristar filmes do brasil ltda;84.0;00.979.601/0001-98;2014;9;25
2014-09-25;what if;E1500009500000;ficção;canadá;47678;587231.44;diamond films do brasil produção e distribuição audiovisual ltda.;22724.0;17.095.184/0001-13;2014;9;25
2014-09-20;chinatown;E1402593900000;ficção;estados unidos;2549;22335.0;cinemark brasil s.a;1843.0;00.779.721/0001-41;2014;9;20
2014-09-18;a million ways to die in the west;E1402596200000;ficção;estados unidos;51587;600726.52;h20 produções ltda;24619.0;18.351.980/0001-32;2014;9;18
2014-09-18;begin again;E1500045200000;ficção;estados unidos;120531;1896350.52;wmix distribuidora ltda.;1935.0;03.918.609/0001-32;2014;9;18
2014-09-18;cuba libre;B1101349700000;documentário;brasil;940;8993.86;raiz distribuidora audiovisual ltda.;11792.0;08.331.280/0001-22;2014;9;18
2014-09-18;deliver us from evil;E1402856200000;ficção;estados unidos;905364;10123590.72;columbia tristar filmes do brasil ltda;84.0;00.979.601/0001-98;2014;9;18
2014-09-18;isolados;B1402233800000;ficção;brasil;81367;910796.46;freespirit distribuidora de filmes ltda.;4904.0;07.616.202/0001-01;2014;9;18
2014-09-18;lascados;B1402243500000;ficção;brasil;25999;327317.11;santa rita filmes ltda;21756.0;15.479.865/0001-50;2014;9;18
2014-09-18;the face of love;E1402451400000;ficção;estados unidos;12710;198398.66;antonio fernandes filmes ltda;532.0;02.668.665/0001-01;2014;9;18
2014-09-18;the maze runner;E1402596300000;ficção;estados unidos;1564886;17955118.0;fox film do brasil ltda;256.0;33.110.420/0001-80;2014;9;18
2014-09-18;the railway man;E1402601200000;ficção;austrália;22389;348159.4;antonio fernandes filmes ltda;532.0;02.668.665/0001-01;2014;9;18
2014-09-18;une autre vie;E1500667600000;ficção;frança;7652;109005.32;tag cultural distribuidora de filmes ltda;173.0;03.599.148/0001-82;2014;9;18
2014-09-14;meteora;E1600108000000;ficção;grécia;4652;65152.73;mostra internacional de cinema ltda;1797.0;52.009.305/0001-68;2014;9;14
2014-09-13;it's a wonderful life;E1600227700000;ficção;estados unidos;2743;24639.5;cinemark brasil s.a;1843.0;00.779.721/0001-41;2014;9;13
2014-09-11;3 days to kill;E1402441600000;ficção;estados unidos;20770;298570.23;antonio fernandes filmes ltda;532.0;02.668.665/0001-01;2014;9;11
2014-09-11;a história do homem henry sobel;B1402217800000;documentário;brasil;1390;17411.55;circuito cinearte ltda;1083.0;01.425.583/0001-65;2014;9;11
2014-09-11;dolphin tale 2;E1402826800000;ficção;estados unidos;58030;673649.0;warner bros. (south) inc.;265.0;33.015.827/0001-28;2014;9;11
2014-09-11;rio, eu te amo;B1402269500000;ficção;brasil;98990;1239716.0;warner bros. (south) inc.;265.0;33.015.827/0001-28;2014;9;11
2014-09-11;saint seya - legends of sanctuary;E1500880200000;animação;japão;510641;5732309.93;diamond films do brasil produção e distribuição audiovisual ltda.;22724.0;17.095.184/0001-13;2014;9;11
2014-09-11;the giver;E1402445200000;ficção;estados unidos;573704;6639873.79;sm distribuidora de filmes ltda;11922.0;08.257.054/0001-49;2014;9;11
2014-09-11;the immigrant;E1600106500000;ficção;estados unidos;54470;792266.91;cannes produções s/a;2250.0;72.672.017/0001-04;2014;9;11
2014-09-11;the immigrant;E1600106500000;ficção;estados unidos;51;384.0;mostra internacional de cinema ltda;1797.0;52.009.305/0001-68;2014;9;11
2014-09-06;the godfather: part ii;E1402517400000;ficção;estados unidos;5694;51366.0;cinemark brasil s.a;1843.0;00.779.721/0001-41;2014;9;6
2014-09-04;22 jump street;E1402674000000;ficção;estados unidos;465905;5288114.73;columbia tristar filmes do brasil ltda;84.0;00.979.601/0001-98;2014;9;4
2014-09-04;a balada do provisório;B1402098200000;ficção;brasil;20;150.0;campo audiovisual ltda;14771.0;10.320.244/0001-05;2014;9;4
2014-09-04;de menor;B1402172000000;ficção;brasil;7968;96000.55;circuito cinearte ltda;1083.0;01.425.583/0001-65;2014;9;4
2014-09-04;hercules;E1402324100000;ficção;estados unidos;2452143;33237809.0;paramount pictures brasil distribuidora de filmes ltda;169.0;27.654.722/0001-16;2014;9;4
2014-09-04;if i stay;E1402673400000;ficção;estados unidos;577255;6435781.0;warner bros. (south) inc.;265.0;33.015.827/0001-28;2014;9;4
2014-09-04;la ritournelle;E1500261900000;ficção;frança;30638;366794.37;tucumán distribuidora de filmes ltda;16132.0;10.681.698/0001-01;2014;9;4
2014-09-04;welcome to new york;E1500673600000;ficção;estados unidos;16240;225292.34;tag cultural distribuidora de filmes ltda;173.0;03.599.148/0001-82;2014;9;4
2014-09-02;the godfather;E1402517300000;ficção;estados unidos;17944;169579.5;cinemark brasil s.a;1843.0;00.779.721/0001-41;2014;9;2
2014-09-02;the godfather;E1402517300000;ficção;estados unidos;12059;288517.67;paramount pictures brasil distribuidora de filmes ltda;169.0;27.654.722/0001-16;2014;9;2
2014-08-28;a oeste do fim do mundo;B1301910400000;ficção;brasil;4780;58339.37;circuito cinearte ltda;1083.0;01.425.583/0001-65;2014;8;28
2014-08-28;another year;E1600079200000;ficção;reino unido;9187;115499.0;bretz filmes distribuidora e produtora ltda - epp;19243.0;39.079.678/0001-47;2014;8;28
2014-08-28;into the storm;E1402744600000;ficção;estados unidos;460167;5344625.0;warner bros. (south) inc.;265.0;33.015.827/0001-28;2014;8;28
2014-08-28;lucy;E1402324200000;ficção;frança;1784275;21766342.21;columbia tristar filmes do brasil ltda;84.0;00.979.601/0001-98;2014;8;28
2014-08-28;magic in the moonlight;E1402627700000;ficção;estados unidos;240780;3684154.97;wmix distribuidora ltda.;1935.0;03.918.609/0001-32;2014;8;28
2014-08-28;only lovers left alive;E1402445100000;ficção;estados unidos;15283;207506.58;sm distribuidora de filmes ltda;11922.0;08.257.054/0001-49;2014;8;28
2014-08-28;the hundred foot journey;E1402795100000;ficção;estados unidos;57466;955671.91;the walt disney company (brasil) ltda.;18398.0;73.042.962/0001-87;2014;8;28
2014-08-28;violette;E1500635600000;ficção;bélgica;12808;141508.97;tag cultural distribuidora de filmes ltda;173.0;03.599.148/0001-82;2014;8;28
2014-08-23;lawrence of arabia;E1600227800000;ficção;reino unido;3350;29228.0;cinemark brasil s.a;1843.0;00.779.721/0001-41;2014;8;23
2014-08-21;a casa elétrica;B1301869200000;ficção;brasil;351;2752.35;panda filmes ltda;941.0;04.980.287/0001-14;2014;8;21
2014-08-21;god's not dead;E1600112700000;ficção;estados unidos;291227;2756482.65;graça filmes produtora e distribuidora ltda;16514.0;11.292.373/0001-08;2014;8;21
2014-08-21;hateship loveship;E1402445300000;ficção;estados unidos;3092;38298.72;sm distribuidora de filmes ltda;11922.0;08.257.054/0001-49;2014;8;21
2014-08-21;sex tape;E1402397600000;ficção;estados unidos;342572;4311726.35;columbia tristar filmes do brasil ltda;84.0;00.979.601/0001-98;2014;8;21
2014-08-21;sobrevivi ao holocausto;B1402202200000;documentário;brasil;1699;22981.07;sm distribuidora de filmes ltda;11922.0;08.257.054/0001-49;2014;8;21
2014-08-21;swim little fish swim;E1600107200000;ficção;estados unidos;14119;184952.48;providence distribuidora de filmes ltda;12443.0;08.656.129/0001-64;2014;8;21
2014-08-21;syngué sabour, pierre de patience;E1500635500000;ficção;afeganistão;6158;80665.68;tag cultural distribuidora de filmes ltda;173.0;03.599.148/0001-82;2014;8;21
2014-08-21;the expendables 3;E1402602700000;ficção;estados unidos;2108500;24583284.69;antonio fernandes filmes ltda;532.0;02.668.665/0001-01;2014;8;21
2014-08-21;the nut job;E1500365400000;animação;estados unidos;245534;2756154.34;playarte pictures entretenimentos ltda.;443.0;00.943.231/0001-39;2014;8;21
2014-08-21;un beau dimanche;E1600106700000;ficção;frança;6551;83590.49;mares filmes eireli;6418.0;07.257.887/0001-47;2014;8;21
2014-08-14;chef;E1600230400000;ficção;estados unidos;112050;1902017.73;wmix distribuidora ltda.;1935.0;03.918.609/0001-32;2014;8;14
2014-08-14;estação liberdade;B1301763500000;ficção;brasil;504;7474.29;elo audiovisual serviços ltda;5672.0;07.700.630/0001-18;2014;8;14
2014-08-14;may in the summer;E1500669300000;ficção;estados unidos;6696;83908.05;tag cultural distribuidora de filmes ltda;173.0;03.599.148/0001-82;2014;8;14
2014-08-14;não pare na pista: a melhor história de paulo coelho;B1402201100000;ficção;brasil;94145;1143063.46;cuatro damas filmes ltda.;16194.0;10.645.237/0001-83;2014;8;14
2014-08-14;teenage mutant ninja turtles;E1402550400000;ficção;estados unidos;3366952;43787612.0;paramount pictures brasil distribuidora de filmes ltda;169.0;27.654.722/0001-16;2014;8;14
2014-08-14;the first grader;E1500711200000;ficção;estados unidos;11318;139788.51;cannes produções s/a;2250.0;72.672.017/0001-04;2014;8;14
2014-08-14;uma dose violenta de qualquer coisa;B1402065100000;ficção;brasil;3667;37165.79;okna produções culturais ltda;11871.0;08.267.476/0001-03;2014;8;14
2014-08-09;the neverending story;E1402805300000;ficção;alemanha;6405;55707.5;cinemark brasil s.a;1843.0;00.779.721/0001-41;2014;8;9
2014-08-09;the neverending story;E1402805300000;ficção;alemanha;797;6969.0;f. j. cines ltda;310.0;61.574.109/0001-27;2014;8;9
2014-08-07;o mercado de notícias;B1402139200000;documentário;brasil;13324;152694.21;circuito cinearte ltda;1083.0;01.425.583/0001-65;2014;8;7
2014-08-07;paraiso;E1500670000000;ficção;méxico;6208;84088.79;tag cultural distribuidora de filmes ltda;173.0;03.599.148/0001-82;2014;8;7
2014-08-07;the rover;E1402693400000;ficção;austrália;10208;140225.63;vitrine filmes ltda;16713.0;11.620.976/0001-83;2014;8;7
2014-08-07;vestido pra casar;B1402241100000;ficção;brasil;1258720;14756458.84;wmix distribuidora ltda.;1935.0;03.918.609/0001-32;2014;8;7
2014-08-02;empire of the sun;E1402797800000;ficção;estados unidos;3931;35487.5;cinemark brasil s.a;1843.0;00.779.721/0001-41;2014;8;2
2014-07-31;chrzest;E1500651100000;ficção;polônia;974;10162.0;frederico da cruz machado - me;11990.0;03.553.092/0001-25;2014;7;31
2014-07-31;guardians of the galaxy;E1402418300000;ficção;estados unidos;2864909;38074833.79;the walt disney company (brasil) ltda.;18398.0;73.042.962/0001-87;2014;7;31
2014-07-31;hélio oiticica;B1402146400000;documentário;brasil;4078;48711.96;nossa distribuidora de conteúdo audiovisual ltda.;20772.0;14.589.221/0001-51;2014;7;31
2014-07-31;o homem das multidões;B1402214200000;ficção;brasil;11532;132702.4;circuito cinearte ltda;1083.0;01.425.583/0001-65;2014;7;31
2014-07-31;ozualdo candeias e o cinema;B1402118500000;documentário;brasil;269;1545.0;tucumán distribuidora de filmes ltda;16132.0;10.681.698/0001-01;2014;7;31
2014-07-26;forrest gump;E1402573400000;ficção;estados unidos;8029;72350.5;cinemark brasil s.a;1843.0;00.779.721/0001-41;2014;7;26
2014-07-24;aimer, boire et chanter;E1500565800000;ficção;frança;37139;505621.55;tag cultural distribuidora de filmes ltda;173.0;03.599.148/0001-82;2014;7;24
2014-07-24;dawn of the planet of the apes;E1402397400000;ficção;estados unidos;4104086;55435732.0;fox film do brasil ltda;256.0;33.110.420/0001-80;2014;7;24
2014-07-24;devil's knot;E1600107800000;ficção;estados unidos;18015;298682.74;sm distribuidora de filmes ltda;11922.0;08.257.054/0001-49;2014;7;24
2014-07-24;el estudiante;E1700239300000;ficção;méxico;4603;35376.7;antonio fernandes filmes ltda;532.0;02.668.665/0001-01;2014;7;24
2014-07-24;el estudiante;E1500401800000;ficção;argentina;10779;129769.02;providence distribuidora de filmes ltda;12443.0;08.656.129/0001-64;2014;7;24
2014-07-24;one chance;E1500009200000;ficção;estados unidos;36873;581830.02;diamond films do brasil produção e distribuição audiovisual ltda.;22724.0;17.095.184/0001-13;2014;7;24
2014-07-17;blended;E1402743500000;ficção;estados unidos;1979624;23074147.0;warner bros. (south) inc.;265.0;33.015.827/0001-28;2014;7;17
2014-07-17;brasserie romantiek;E1500844600000;ficção;bélgica;34945;494459.66;esfera produções culturais eireli;18039.0;11.579.388/0001-43;2014;7;17
2014-07-17;días de pesca;E1500841400000;ficção;argentina;10437;127106.1;esfera produções culturais eireli;18039.0;11.579.388/0001-43;2014;7;17
2014-07-17;planes fire and rescue;E1402337700000;animação;estados unidos;624882;7351945.0;the walt disney company (brasil) ltda.;18398.0;73.042.962/0001-87;2014;7;17
2014-07-17;the best offer;E1500528900000;ficção;itália;40380;620034.01;sm distribuidora de filmes ltda;11922.0;08.257.054/0001-49;2014;7;17
2014-07-17;the deep;E1500566800000;ficção;islândia;4056;57789.04;tag cultural distribuidora de filmes ltda;173.0;03.599.148/0001-82;2014;7;17
2014-07-17;transformers: age of extinction;E1402417200000;ficção;china;4587481;61736185.54;paramount pictures brasil distribuidora de filmes ltda;169.0;27.654.722/0001-16;2014;7;17
2014-07-12;eles voltam;B1302036500000;ficção;brasil;5516;38663.75;vitrine filmes ltda;16713.0;11.620.976/0001-83;2014;7;12
2014-07-10;ain't them bodies saints;E1500528500000;ficção;estados unidos;2870;45850.57;sm distribuidora de filmes ltda;11922.0;08.257.054/0001-49;2014;7;10
2014-07-10;monty python's the meaning of life;E1402514300000;ficção;estados unidos;4292;56113.8;circuito cinearte ltda;1083.0;01.425.583/0001-65;2014;7;10
2014-07-10;the quiet ones;E1500409800000;ficção;estados unidos;41892;473402.24;wmix distribuidora ltda.;1935.0;03.918.609/0001-32;2014;7;10
2014-07-10;the zero theorem;E1500410400000;ficção;estados unidos;11335;173557.34;wmix distribuidora ltda.;1935.0;03.918.609/0001-32;2014;7;10
2014-07-10;viva la libertà;E1500578100000;ficção;itália;24095;295122.11;mares filmes eireli;6418.0;07.257.887/0001-47;2014;7;10
2014-07-05;breakfast at tiffany's;E1402649600000;ficção;estados unidos;8633;76481.0;cinemark brasil s.a;1843.0;00.779.721/0001-41;2014;7;5
2014-07-03;a onda da vida;B1402070900000;ficção;brasil;4849;59878.11;idéias ideais design & produções ltda;1027.0;01.475.173/0001-29;2014;7;3
2014-07-03;causa e efeito;B1402148600000;ficção;brasil;83413;983325.25;sm distribuidora de filmes ltda;11922.0;08.257.054/0001-49;2014;7;3
2014-07-03;heaven is for real;E1402358700000;ficção;estados unidos;17873;240386.01;columbia tristar filmes do brasil ltda;84.0;00.979.601/0001-98;2014;7;3
2014-07-03;hermano;E1500402600000;ficção;venezuela;355;3313.5;frederico da cruz machado - me;11990.0;03.553.092/0001-25;2014;7;3
2014-07-03;khumba;E1500410700000;animação;áfrica do sul;236077;2918095.96;wmix distribuidora ltda.;1935.0;03.918.609/0001-32;2014;7;3
2014-07-03;l'amour est un crime parfait;E1600108200000;ficção;frança;9959;121705.16;providence distribuidora de filmes ltda;12443.0;08.656.129/0001-64;2014;7;3
2014-07-03;mr. morgan's last love;E1600110900000;ficção;alemanha;32091;400756.1;tucumán distribuidora de filmes ltda;16132.0;10.681.698/0001-01;2014;7;3
2014-07-03;no se aceptan devoluciones;E1600111100000;ficção;méxico;28823;379123.6;antonio fernandes filmes ltda;532.0;02.668.665/0001-01;2014;7;3
2014-07-03;oculus;E1402414500000;ficção;estados unidos;151639;1923894.57;playarte pictures entretenimentos ltda.;443.0;00.943.231/0001-39;2014;7;3
2014-07-03;the grand budapest hotel;E1500119000000;ficção;estados unidos;365411;5642279.0;fox film do brasil ltda;256.0;33.110.420/0001-80;2014;7;3
2014-06-29;setenta;B1402151100000;documentário;brasil;1249;17330.87;livres distribuidora de audivisual ltda me;21870.0;15.263.576/0001-19;2014;6;29
2014-06-28;a montanha de matterhorn;E1600133500000;ficção;holanda;923;12048.46;mostra internacional de cinema ltda;1797.0;52.009.305/0001-68;2014;6;28
2014-06-28;grease;E1402644200000;ficção;estados unidos;11429;101356.12;cinemark brasil s.a;1843.0;00.779.721/0001-41;2014;6;28
2014-06-26;bernardes;B1402117800000;documentário;brasil;1681;21400.33;nossa distribuidora de conteúdo audiovisual ltda.;20772.0;14.589.221/0001-51;2014;6;26
2014-06-26;breathe in;E1500045500000;ficção;estados unidos;3426;45193.89;sm distribuidora de filmes ltda;11922.0;08.257.054/0001-49;2014;6;26
2014-06-26;jersey boys;E1402743700000;ficção;estados unidos;20691;346799.0;warner bros. (south) inc.;265.0;33.015.827/0001-28;2014;6;26
2014-06-26;muppets most wanted;E1402642100000;ficção;estados unidos;61425;631498.0;the walt disney company (brasil) ltda.;18398.0;73.042.962/0001-87;2014;6;26
2014-06-26;neuf mois ferme;E1600112800000;ficção;frança;9342;111604.19;cannes produções s/a;2250.0;72.672.017/0001-04;2014;6;26
2014-06-26;violetta: en concierto;E1600111000000;vídeomusical;argentina;11969;157253.0;the walt disney company (brasil) ltda.;18398.0;73.042.962/0001-87;2014;6;26
2014-06-21;saturday night fever;E1402513100000;ficção;estados unidos;6121;49559.0;cinemark brasil s.a;1843.0;00.779.721/0001-41;2014;6;21
2014-06-19;brick mansions;E1402414300000;ficção;frança;98259;1208134.43;antonio fernandes filmes ltda;532.0;02.668.665/0001-01;2014;6;19
2014-06-19;casse-tête chinois;E1500194000000;ficção;frança;27726;425556.4;sm distribuidora de filmes ltda;11922.0;08.257.054/0001-49;2014;6;19
2014-06-19;coração de leão;B1302055400000;ficção;brasil;25936;372720.93;h2o distribuidora de filmes ltda;21541.0;15.372.472/0001-42;2014;6;19
2014-06-19;em busca de um lugar comum;B1201696800000;documentário;brasil;200;901.0;ludwig maia arthouse distribuidora de filmes ltda;22808.0;05.249.852/0001-30;2014;6;19
2014-06-19;enemy;E1500046200000;ficção;canadá;34989;460337.5;wmix distribuidora ltda.;1935.0;03.918.609/0001-32;2014;6;19
2014-06-19;how to train your dragon 2;E1500734400000;animação;estados unidos;4612561;55054137.62;fox film do brasil ltda;256.0;33.110.420/0001-80;2014;6;19
2014-06-19;how to train your dragon 2;E1500734400000;animação;estados unidos;509;5202.4;the walt disney company (brasil) ltda.;18398.0;73.042.962/0001-87;2014;6;19
2014-06-19;hymyilevä mies;E1700297900000;ficção;alemanha;2059;25473.41;zeta filmes ltda;22936.0;02.469.679/0001-98;2014;6;19
2014-06-19;jogo das decapitações;B1301938400000;ficção;brasil;1355;14162.07;providence distribuidora de filmes ltda;12443.0;08.656.129/0001-64;2014;6;19
2014-06-19;love punch;E1500074900000;ficção;frança;63076;877801.63;playarte pictures entretenimentos ltda.;443.0;00.943.231/0001-39;2014;6;19
2014-06-19;neighbors;E1402421500000;ficção;estados unidos;476610;5799198.0;columbia tristar filmes do brasil ltda;84.0;00.979.601/0001-98;2014;6;19
2014-06-19;neighbors;E1402421500000;ficção;estados unidos;77;943.83;universal pictures international brazil ltda.;33787.0;24.810.280/0001-61;2014;6;19
2014-06-19;o menino no espelho;B1402175100000;ficção;brasil;22864;223420.21;freespirit distribuidora de filmes ltda.;4904.0;07.616.202/0001-01;2014;6;19
2014-06-19;tarja branca;B1402178100000;documentário;brasil;14892;193057.4;marcos bessa nisti - me (baixado);15848.0;08.177.451/0001-00;2014;6;19
2014-06-19;transcendence;E1402445700000;ficção;reino unido;300356;3904643.94;diamond films do brasil produção e distribuição audiovisual ltda.;22724.0;17.095.184/0001-13;2014;6;19
2014-06-19;vic+flo ont vu un ours;E1600119800000;ficção;canadá;2089;19867.59;zeta filmes ltda;22936.0;02.469.679/0001-98;2014;6;19
2014-06-12;avant l'hiver;E1600113000000;ficção;frança;21845;256745.3;mares filmes eireli;6418.0;07.257.887/0001-47;2014;6;12
2014-06-12;avanti popolo;B1301880900000;ficção;brasil;2798;32427.95;vitrine filmes ltda;16713.0;11.620.976/0001-83;2014;6;12
2014-06-12;castanha;B1402141800000;ficção;brasil;3180;28712.82;vitrine filmes ltda;16713.0;11.620.976/0001-83;2014;6;12
2014-06-12;el fantastico mundo de juan orol;E1600119900000;ficção;méxico;374;4324.49;cinematográfica polifilmes ltda-me;2550.0;60.469.871/0001-80;2014;6;12
2014-06-12;endless love;E1402417100000;ficção;estados unidos;12228;151140.43;h20 produções ltda;24619.0;18.351.980/0001-32;2014;6;12
2014-06-12;haunt;E1500409900000;ficção;estados unidos;48961;582370.76;wmix distribuidora ltda.;1935.0;03.918.609/0001-32;2014;6;12
2014-06-12;kill your darlings;E1500050700000;ficção;estados unidos;7799;113459.5;sm distribuidora de filmes ltda;11922.0;08.257.054/0001-49;2014;6;12
2014-06-12;wakolda;E1500432500000;ficção;argentina;19393;243373.63;tag cultural distribuidora de filmes ltda;173.0;03.599.148/0001-82;2014;6;12
2014-06-07;pulp fiction;E1500454300000;ficção;estados unidos;17804;158510.36;cinemark brasil s.a;1843.0;00.779.721/0001-41;2014;6;7
2014-06-05;che strano chiamarsi federico;E1500432300000;ficção;itália;11249;152389.93;tag cultural distribuidora de filmes ltda;173.0;03.599.148/0001-82;2014;6;5
2014-06-05;meninos de kichute;B1001288800000;ficção;brasil;2005;17950.98;providence distribuidora de filmes ltda;12443.0;08.656.129/0001-64;2014;6;5
2014-06-05;o lobo atrás da porta;B1301926100000;ficção;brasil;26710;346178.94;wmix distribuidora ltda.;1935.0;03.918.609/0001-32;2014;6;5
2014-06-05;oldboy;E1500054700000;ficção;estados unidos;5237;73934.37;sm distribuidora de filmes ltda;11922.0;08.257.054/0001-49;2014;6;5
2014-06-05;riocorrente;B1302034400000;ficção;brasil;3970;51295.98;antonio fernandes filmes ltda;532.0;02.668.665/0001-01;2014;6;5
2014-06-05;still life;E1600110500000;ficção;reino unido;4408;39122.5;f. j. cines ltda;310.0;61.574.109/0001-27;2014;6;5
2014-06-05;the fault in our stars;E1402308800000;ficção;estados unidos;6165793;69101206.0;fox film do brasil ltda;256.0;33.110.420/0001-80;2014;6;5
2014-06-05;tim lopes - histórias de arcanjo;B1402168700000;documentário;brasil;1676;21160.31;cannes produções s/a;2250.0;72.672.017/0001-04;2014;6;5
2014-06-05;tree of life;E1500425100000;ficção;estados unidos;75;449.68;centro de cultura cinematográfica providence;333.0;01.368.016/0001-14;2014;6;5
2014-06-05;tree of life;E1500425100000;ficção;estados unidos;329903;3693003.8;wmix distribuidora ltda.;1935.0;03.918.609/0001-32;2014;6;5
2014-06-05;vermelho brasil - filme;B1402156100000;ficção;brasil;538;6555.01;h2o distribuidora de filmes ltda;21541.0;15.372.472/0001-42;2014;6;5
2014-06-04;junho;B1402176400000;documentário;brasil;3706;48219.09;o2 produções artísticas e cinematográficas ltda.;63.0;67.431.718/0001-03;2014;6;4
2014-05-29;""" a primeira missa""";B1301902100000;ficção;brasil;767;6889.91;providence distribuidora de filmes ltda;12443.0;08.656.129/0001-64;2014;5;29
2014-05-29;a farra do circo;B1302020900000;documentário;brasil;942;14199.54;ludwig maia arthouse distribuidora de filmes ltda;22808.0;05.249.852/0001-30;2014;5;29
2014-05-29;anni felici;E1500667800000;ficção;frança;7347;96495.25;tag cultural distribuidora de filmes ltda;173.0;03.599.148/0001-82;2014;5;29
2014-05-29;edge of tomorrow;E1402743600000;ficção;estados unidos;772618;9988177.0;warner bros. (south) inc.;265.0;33.015.827/0001-28;2014;5;29
2014-05-29;maleficent;E1500120000000;ficção;estados unidos;5756545;73652346.52;the walt disney company (brasil) ltda.;18398.0;73.042.962/0001-87;2014;5;29
2014-05-29;os homens são de marte...e é prá lá que eu vou!;B1402137200000;ficção;brasil;1793239;21750981.39;freespirit distribuidora de filmes ltda.;4904.0;07.616.202/0001-01;2014;5;29
2014-05-29;oslo, august 31;E1500651300000;ficção;noruega;3939;44783.86;frederico da cruz machado - me;11990.0;03.553.092/0001-25;2014;5;29
2014-05-29;rio em chamas;B1402186400000;documentário;brasil;970;4875.0;cavideo produções comércio e locação de filmes ltda;11893.0;01.666.326/0001-15;2014;5;29
2014-05-29;taxi driver;E1600243600000;ficção;estados unidos;9843;87236.0;cinemark brasil s.a;1843.0;00.779.721/0001-41;2014;5;29
2014-05-29;taxi driver;E1600243600000;ficção;estados unidos;1373;13636.0;f. j. cines ltda;310.0;61.574.109/0001-27;2014;5;29
2014-05-29;walesa;E1402821000000;ficção;polônia;4505;57383.93;esfera produções culturais eireli;18039.0;11.579.388/0001-43;2014;5;29
2014-05-22;a long way down;E1600112500000;ficção;inglaterra;4079;58790.05;antonio fernandes filmes ltda;532.0;02.668.665/0001-01;2014;5;22
2014-05-22;abus de faiblesse;E1600112600000;ficção;frança;4081;44150.3;tucumán distribuidora de filmes ltda;16132.0;10.681.698/0001-01;2014;5;22
2014-05-22;dominguinhos;B1402161500000;documentário;brasil;10280;120400.47;circuito cinearte ltda;1083.0;01.425.583/0001-65;2014;5;22
2014-05-22;draft day;E1402823000000;ficção;estados unidos;4947;70286.13;sm distribuidora de filmes ltda;11922.0;08.257.054/0001-49;2014;5;22
2014-05-22;heli;E1600119300000;ficção;méxico;2409;22632.49;zeta filmes ltda;22936.0;02.469.679/0001-98;2014;5;22
2014-05-22;una pistola en cada mano;E1600133200000;ficção;espanha;94812;1284203.1;activity filmes do brasil ltda.;309.0;04.268.162/0001-66;2014;5;22
2014-05-22;x-men: days of future past;E1500054300000;ficção;estados unidos;4923664;64417536.0;fox film do brasil ltda;256.0;33.110.420/0001-80;2014;5;22
2014-05-15;do lado de fora;B1402150700000;ficção;brasil;11916;152438.03;elo audiovisual serviços ltda;5672.0;07.700.630/0001-18;2014;5;15
2014-05-15;dom hemingway;E1600113700000;ficção;reino unido;26247;426513.33;h20 produções ltda;24619.0;18.351.980/0001-32;2014;5;15
2014-05-15;gata velha ainda mia;B1302053000000;ficção;brasil;3180;41418.1;cinematográfica polifilmes ltda-me;2550.0;60.469.871/0001-80;2014;5;15
2014-05-15;godzilla;E1500258800000;ficção;estados unidos;1314631;17986302.0;warner bros. (south) inc.;265.0;33.015.827/0001-28;2014;5;15
2014-05-15;olho nu;B1302060500000;documentário;brasil;9435;103867.83;vitrine filmes ltda;16713.0;11.620.976/0001-83;2014;5;15
2014-05-15;operários da bola;B1402155300000;documentário;brasil;175;1942.42;circuito cinearte ltda;1083.0;01.425.583/0001-65;2014;5;15
2014-05-15;pozitia copilului;E1500065300000;ficção;romênia;9344;119552.46;tag cultural distribuidora de filmes ltda;173.0;03.599.148/0001-82;2014;5;15
2014-05-15;praia do futuro;B1402146300000;ficção;brasil;133086;1728214.85;antonio fernandes filmes ltda;532.0;02.668.665/0001-01;2014;5;15
2014-05-15;sementes do nosso quintal;B1301754000000;documentário;brasil;2192;21416.16;aiuê produtora e editora ltda - me;18678.0;09.225.539/0001-13;2014;5;15
2014-05-15;under the skin;E1600112400000;ficção;reino unido;19643;289304.77;sm distribuidora de filmes ltda;11922.0;08.257.054/0001-49;2014;5;15
2014-05-08;a grande vitoria;B1402149200000;ficção;brasil;26550;310608.29;sm distribuidora de filmes ltda;11922.0;08.257.054/0001-49;2014;5;8
2014-05-08;entre vales;B1301935400000;ficção;brasil;3869;37372.93;reserva nacional distribuidora de filmes ltda.;11868.0;08.346.733/0001-94;2014;5;8
2014-05-08;garçons et guillaume, à table!, les;E1500197000000;ficção;frança;52612;696278.46;mares filmes eireli;6418.0;07.257.887/0001-47;2014;5;8
2014-05-08;life of a king;E1402696900000;ficção;estados unidos;2120;28318.96;santos filmes ltda;25754.0;13.999.462/0001-06;2014;5;8
2014-05-08;pau brasil - uma vila perdida no tempo;B1001167100000;ficção;brasil;301;3516.04;caliban produções cinematográficas ltda.;854.0;27.651.181/0001-72;2014;5;8
2014-05-08;remar é...;B1301939800000;documentário;brasil;91;903.0;raconto producoes artisticas ltda;13044.0;09.095.244/0001-70;2014;5;8
2014-05-08;the other woman;E1402641600000;ficção;estados unidos;512308;6073276.0;fox film do brasil ltda;256.0;33.110.420/0001-80;2014;5;8
2014-05-08;the past;E1600114400000;ficção;frança;19815;280927.6;antonio fernandes filmes ltda;532.0;02.668.665/0001-01;2014;5;8
2014-05-01;fading gigolo;E1500046300000;ficção;estados unidos;228700;3643415.51;wmix distribuidora ltda.;1935.0;03.918.609/0001-32;2014;5;1
2014-05-01;florbela;E1500432400000;ficção;portugal;5666;64158.65;tag cultural distribuidora de filmes ltda;173.0;03.599.148/0001-82;2014;5;1
2014-05-01;getúlio;B1402159100000;ficção;brasil;508968;6448691.54;elimar produções artísticas ltda;506.0;28.026.565/0001-67;2014;5;1
2014-05-01;longwave;E1600113800000;ficção;frança;1711;21652.21;providence distribuidora de filmes ltda;12443.0;08.656.129/0001-64;2014;5;1
2014-05-01;the amazing spider-man 2;E1600117500000;ficção;estados unidos;4100615;55227320.56;columbia tristar filmes do brasil ltda;84.0;00.979.601/0001-98;2014;5;1
2014-04-24;7 cajas;E1600137200000;ficção;paraguai;11216;130573.52;tucumán distribuidora de filmes ltda;16132.0;10.681.698/0001-01;2014;4;24
2014-04-24;a haunted house 2;E1402600300000;ficção;estados unidos;296574;3562320.94;playarte pictures entretenimentos ltda.;443.0;00.943.231/0001-39;2014;4;24
2014-04-24;jackie;E1402650600000;ficção;holanda;2733;35858.19;cafco filmes eireli - me (baixado);24886.0;18.538.296/0001-64;2014;4;24
2014-04-24;jiau you (aka stray dogs);E1600113100000;ficção;taiwan;1514;12432.0;mostra internacional de cinema ltda;1797.0;52.009.305/0001-68;2014;4;24
2014-04-24;os dias com ele;B1402150900000;documentário;brasil;1048;12157.17;vitrine filmes ltda;16713.0;11.620.976/0001-83;2014;4;24
2014-04-24;the bag man;E1600113900000;ficção;frança;11832;166261.64;antonio fernandes filmes ltda;532.0;02.668.665/0001-01;2014;4;24
2014-04-24;yves saint laurent;E1600114800000;ficção;frança;44156;678485.06;sm distribuidora de filmes ltda;11922.0;08.257.054/0001-49;2014;4;24
2014-04-17;copa de elite;B1402145700000;ficção;brasil;646224;7793226.0;fox film do brasil ltda;256.0;33.110.420/0001-80;2014;4;17
2014-04-17;divergent;E1402640000000;ficção;estados unidos;1206219;14366548.73;sm distribuidora de filmes ltda;11922.0;08.257.054/0001-49;2014;4;17
2014-04-17;julio sumiu;B1402115000000;ficção;brasil;179745;2237498.32;wmix distribuidora ltda.;1935.0;03.918.609/0001-32;2014;4;17
2014-04-17;pelo malo;E1500844500000;ficção;venezuela;14877;185340.17;esfera produções culturais eireli;18039.0;11.579.388/0001-43;2014;4;17
2014-04-17;quai d'orsay;E1500670400000;ficção;frança;15212;205530.28;tag cultural distribuidora de filmes ltda;173.0;03.599.148/0001-82;2014;4;17
2014-04-17;son of god;E1402397700000;ficção;estados unidos;104166;1248397.45;diamond films do brasil produção e distribuição audiovisual ltda.;22724.0;17.095.184/0001-13;2014;4;17
2014-04-17;the grand master;E1600135100000;ficção;china;9004;130799.29;antonio fernandes filmes ltda;532.0;02.668.665/0001-01;2014;4;17
2014-04-10;captain america: the winter soldier;E1402820700000;ficção;estados unidos;4621130;62818373.0;the walt disney company (brasil) ltda.;18398.0;73.042.962/0001-87;2014;4;10
2014-04-10;confia em mim;B1301902700000;ficção;brasil;42811;550019.13;freespirit distribuidora de filmes ltda.;4904.0;07.616.202/0001-01;2014;4;10
2014-04-10;hoje eu quero voltar sozinho;B1402094700000;ficção;brasil;204825;2394036.87;vitrine filmes ltda;16713.0;11.620.976/0001-83;2014;4;10
2014-04-10;marina;E1600607500000;ficção;bélgica;12796;174743.24;circuito cinearte ltda;1083.0;01.425.583/0001-65;2014;4;10
2014-04-10;pardé;E1500844100000;ficção;irã;3084;34345.53;esfera produções culturais eireli;18039.0;11.579.388/0001-43;2014;4;10
2014-04-03;bethlehem;E1500706800000;ficção;alemanha;4755;62251.23;cannes produções s/a;2250.0;72.672.017/0001-04;2014;4;3
2014-04-03;futebol de várzea;B1101402500000;documentário;brasil;52;320.0;cinematográfica polifilmes ltda-me;2550.0;60.469.871/0001-80;2014;4;3
2014-04-03;grand piano;E1500445500000;ficção;espanha;29847;434480.32;playarte pictures entretenimentos ltda.;443.0;00.943.231/0001-39;2014;4;3
2014-04-03;noah;E1402510400000;ficção;estados unidos;4887284;68477613.0;paramount pictures brasil distribuidora de filmes ltda;169.0;27.654.722/0001-16;2014;4;3
2014-03-28;imagine - life spent on the edge;E1600118800000;documentário;frança;120;3344.0;united cinemas international brasil ltda.;749.0;01.289.530/0001-64;2014;3;28
2014-03-28;sobre sete ondas verdes espumantes;B1302014400000;documentário;brasil;1128;6271.0;boulevard filmes ltda;17484.0;12.126.484/0001-07;2014;3;28
2014-03-27;em busca de iara;B1301938500000;documentário;brasil;7563;80229.75;kinoscópio cinematográfica e comércio ltda - epp;2320.0;02.395.043/0001-49;2014;3;27
2014-03-27;entre nós;B1402086200000;ficção;brasil;70751;927138.44;sm distribuidora de filmes ltda;11922.0;08.257.054/0001-49;2014;3;27
2014-03-27;la playa d.c;B1301810400000;ficção;brasil;536;5447.5;tucumán distribuidora de filmes ltda;16132.0;10.681.698/0001-01;2014;3;27
2014-03-27;out of the furnace;E1500411500000;ficção;estados unidos;43092;674464.56;wmix distribuidora ltda.;1935.0;03.918.609/0001-32;2014;3;27
2014-03-27;rio 2;E1402667700000;animação;estados unidos;5214078;63908611.0;fox film do brasil ltda;256.0;33.110.420/0001-80;2014;3;27
2014-03-27;the congress;E1500673700000;animação;alemanha;3732;49883.63;tag cultural distribuidora de filmes ltda;173.0;03.599.148/0001-82;2014;3;27
2014-03-21;dallas buyers club;E1402441000000;ficção;estados unidos;127549;1920904.67;columbia tristar filmes do brasil ltda;84.0;00.979.601/0001-98;2014;3;21
2014-03-20;an episode in the life of an iron picker;E1600119400000;ficção;bósnia-herzegóvina;855;10640.18;zeta filmes ltda;22936.0;02.469.679/0001-98;2014;3;20
2014-03-20;aos ventos que virão;B1301732600000;ficção;brasil;2266;22420.46;providence distribuidora de filmes ltda;12443.0;08.656.129/0001-64;2014;3;20
2014-03-20;arrêtez-moi;E1500843900000;ficção;frança;9624;126156.54;esfera produções culturais eireli;18039.0;11.579.388/0001-43;2014;3;20
2014-03-20;birds, the;E1402600700000;ficção;estados unidos;4313;51394.0;circuito cinearte ltda;1083.0;01.425.583/0001-65;2014;3;20
2014-03-20;jogo de xadrez;B1402107400000;ficção;brasil;521;6707.83;elo audiovisual serviços ltda;5672.0;07.700.630/0001-18;2014;3;20
2014-03-20;lone survivor;E1600120100000;ficção;estados unidos;98884;1311282.23;sm distribuidora de filmes ltda;11922.0;08.257.054/0001-49;2014;3;20
2014-03-20;mentiras sinceras;B1201544500000;documentário;brasil;200;1260.0;livres distribuidora de audivisual ltda me;21870.0;15.263.576/0001-19;2014;3;20
2014-03-20;minutos atrás;B1302041800000;ficção;brasil;860;8530.29;h2o distribuidora de filmes ltda;21541.0;15.372.472/0001-42;2014;3;20
2014-03-20;s.o.s. mulheres ao mar;B1402106900000;ficção;brasil;1776579;20732500.0;the walt disney company (brasil) ltda.;18398.0;73.042.962/0001-87;2014;3;20
2014-03-20;that awkward moment;E1600119000000;ficção;estados unidos;281780;3379555.0;wmix distribuidora ltda.;1935.0;03.918.609/0001-32;2014;3;20
2014-03-13;alemão;B1402081900000;ficção;brasil;955841;11339991.54;freespirit distribuidora de filmes ltda.;4904.0;07.616.202/0001-01;2014;3;13
2014-03-13;justin and the knights of valour;E1402672400000;animação;espanha;45084;629630.68;playarte pictures entretenimentos ltda.;443.0;00.943.231/0001-39;2014;3;13
2014-03-13;labor day;E1402691100000;ficção;estados unidos;20160;391898.0;paramount pictures brasil distribuidora de filmes ltda;169.0;27.654.722/0001-16;2014;3;13
2014-03-13;need for speed;E1402820800000;ficção;estados unidos;592431;7829526.0;the walt disney company (brasil) ltda.;18398.0;73.042.962/0001-87;2014;3;13
2014-03-13;nymphomaniac  ii;E1402444100000;ficção;bélgica;100039;1294477.68;antonio fernandes filmes ltda;532.0;02.668.665/0001-01;2014;3;13
2014-03-13;svecenikova djeca;E1600117700000;ficção;croácia (hrvatska);30750;396386.8;providence distribuidora de filmes ltda;12443.0;08.656.129/0001-64;2014;3;13
2014-03-07;300: rise of an empire;E1500110200000;ficção;estados unidos;2839023;40450403.0;warner bros. (south) inc.;265.0;33.015.827/0001-28;2014;3;7
2014-03-07;all is lost;E1500616600000;ficção;estados unidos;28839;409413.16;sm distribuidora de filmes ltda;11922.0;08.257.054/0001-49;2014;3;7
2014-02-28;anchorman 2: the legend continues;E1402650700000;ficção;estados unidos;68971;820959.0;paramount pictures brasil distribuidora de filmes ltda;169.0;27.654.722/0001-16;2014;2;28
2014-02-28;dabba;E1600120000000;ficção;índia;20729;274759.07;tag cultural distribuidora de filmes ltda;173.0;03.599.148/0001-82;2014;2;28
2014-02-28;justin bieber- believe;E1600228300000;documentário;estados unidos;83077;966799.26;diamond films do brasil produção e distribuição audiovisual ltda.;22724.0;17.095.184/0001-13;2014;2;28
2014-02-28;kaze tachinu;E1500054100000;animação;japão;20147;246067.57;antonio fernandes filmes ltda;532.0;02.668.665/0001-01;2014;2;28
2014-02-28;la cage dorée;E1500546800000;ficção;frança;31832;374464.04;mares filmes eireli;6418.0;07.257.887/0001-47;2014;2;28
2014-02-28;latitudes;B1302057500000;ficção;brasil;1505;17987.79;o2 produções artísticas e cinematográficas ltda.;63.0;67.431.718/0001-03;2014;2;28
2014-02-28;mr. peabody & sherman;E1500735300000;animação;estados unidos;1195543;15098639.0;fox film do brasil ltda;256.0;33.110.420/0001-80;2014;2;28
2014-02-28;non-stop;E1402642500000;ficção;estados unidos;903041;10596856.19;sm distribuidora de filmes ltda;11922.0;08.257.054/0001-49;2014;2;28
2014-02-26;amazônia planeta verde;B1402080700000;ficção;brasil;79317;979964.95;reserva nacional distribuidora de filmes ltda.;11868.0;08.346.733/0001-94;2014;2;26
2014-02-21;12 years a slave;E1402440000000;ficção;estados unidos;501990;7005899.0;the walt disney company (brasil) ltda.;18398.0;73.042.962/0001-87;2014;2;21
2014-02-21;inside llewyn davis;E1402631100000;ficção;estados unidos;23619;308824.04;sm distribuidora de filmes ltda;11922.0;08.257.054/0001-49;2014;2;21
2014-02-21;pompeii;E1402436500000;ficção;alemanha;779766;11741348.0;wmix distribuidora ltda.;1935.0;03.918.609/0001-32;2014;2;21
2014-02-21;robocop;E1600129100000;ficção;estados unidos;2816772;33468464.81;columbia tristar filmes do brasil ltda;84.0;00.979.601/0001-98;2014;2;21
2014-02-21;rodencia y el diente de la princesa;E1600148700000;animação;argentina;28951;379618.25;h20 produções ltda;24619.0;18.351.980/0001-32;2014;2;21
2014-02-21;winter's tale;E1500259000000;ficção;estados unidos;52195;586960.0;warner bros. (south) inc.;265.0;33.015.827/0001-28;2014;2;21
2014-02-14;amazônia eterna;B1201629200000;documentário;brasil;241;2946.55;elo audiovisual serviços ltda;5672.0;07.700.630/0001-18;2014;2;14
2014-02-14;her;E1600129200000;ficção;estados unidos;169913;2386009.69;columbia tristar filmes do brasil ltda;84.0;00.979.601/0001-98;2014;2;14
2014-02-14;insônia;B1302053700000;ficção;brasil;2079;25215.7;circuito cinearte ltda;1083.0;01.425.583/0001-65;2014;2;14
2014-02-14;nebraska;E1600144800000;ficção;estados unidos;29273;425323.18;columbia tristar filmes do brasil ltda;84.0;00.979.601/0001-98;2014;2;14
2014-02-14;philomena;E1600120400000;ficção;estados unidos;207214;2972806.96;sm distribuidora de filmes ltda;11922.0;08.257.054/0001-49;2014;2;14
2014-02-14;tango libre;E1500065400000;ficção;bélgica;8144;96971.85;tag cultural distribuidora de filmes ltda;173.0;03.599.148/0001-82;2014;2;14
2014-02-14;the monuments men;E1402436400000;ficção;estados unidos;519277;6655332.0;fox film do brasil ltda;256.0;33.110.420/0001-80;2014;2;14
2014-02-07;american hustle;E1600129500000;ficção;estados unidos;633395;8978771.34;columbia tristar filmes do brasil ltda;84.0;00.979.601/0001-98;2014;2;7
2014-02-07;jack ryan: shadow recruit;E1402436300000;ficção;estados unidos;329047;4092733.0;paramount pictures brasil distribuidora de filmes ltda;169.0;27.654.722/0001-16;2014;2;7
2014-02-07;l'image manquante;E1600119100000;documentário;camboja;3131;33861.38;h20 produções ltda;24619.0;18.351.980/0001-32;2014;2;7
2014-02-07;salinger;E1500806400000;documentário;estados unidos;847;10407.45;sm distribuidora de filmes ltda;11922.0;08.257.054/0001-49;2014;2;7
2014-02-07;the legend of hercules;E1402325900000;ficção;estados unidos;653138;8697439.18;diamond films do brasil produção e distribuição audiovisual ltda.;22724.0;17.095.184/0001-13;2014;2;7
2014-02-07;the lego movie;E1500178000000;animação;estados unidos;1036201;13479446.0;warner bros. (south) inc.;265.0;33.015.827/0001-28;2014;2;7
2014-02-07;tokyo monogatari;E1500842500000;ficção;japão;5025;37359.75;esfera produções culturais eireli;18039.0;11.579.388/0001-43;2014;2;7
2014-01-31;47 ronin;E1402623500000;ficção;estados unidos;536918;7414591.81;columbia tristar filmes do brasil ltda;84.0;00.979.601/0001-98;2014;1;31
2014-01-31;fruitvale station;E1600120200000;ficção;estados unidos;7456;105533.37;sm distribuidora de filmes ltda;11922.0;08.257.054/0001-49;2014;1;31
2014-01-31;gloria;E1500131100000;ficção;chile;29256;331805.03;tag cultural distribuidora de filmes ltda;173.0;03.599.148/0001-82;2014;1;31
2014-01-31;joven y alocada;E1600157900000;ficção;chile;1155;13572.71;cinematográfica polifilmes ltda-me;2550.0;60.469.871/0001-80;2014;1;31
2014-01-31;quando eu era vivo;B1302031600000;ficção;brasil;7731;86851.32;vitrine filmes ltda;16713.0;11.620.976/0001-83;2014;1;31
2014-01-31;the book thief;E1500738800000;ficção;estados unidos;1376548;15996220.0;fox film do brasil ltda;256.0;33.110.420/0001-80;2014;1;31
2014-01-31;the loneliest planet;E1500661700000;ficção;alemanha;1769;17254.5;frederico da cruz machado - me;11990.0;03.553.092/0001-25;2014;1;31
2014-01-24;crónica del fin del mundo;E1600137600000;ficção;colômbia;2382;27605.36;tucumán distribuidora de filmes ltda;16132.0;10.681.698/0001-01;2014;1;24
2014-01-24;devil's due;E1600120300000;ficção;estados unidos;312823;3792942.0;fox film do brasil ltda;256.0;33.110.420/0001-80;2014;1;24
2014-01-24;electrick children;E1500706900000;ficção;estados unidos;1320;15290.0;cannes produções s/a;2250.0;72.672.017/0001-04;2014;1;24
2014-01-24;everyday;E1500844200000;ficção;reino unido;5977;70584.74;esfera produções culturais eireli;18039.0;11.579.388/0001-43;2014;1;24
2014-01-24;grand central;E1600134800000;ficção;áustria;2653;36321.4;antonio fernandes filmes ltda;532.0;02.668.665/0001-01;2014;1;24
2014-01-24;i, frankenstein;E1402415700000;ficção;estados unidos;1037248;14107008.31;playarte pictures entretenimentos ltda.;443.0;00.943.231/0001-39;2014;1;24
2014-01-24;le grand soir;E1402552800000;ficção;frança;2934;33398.91;tag cultural distribuidora de filmes ltda;173.0;03.599.148/0001-82;2014;1;24
2014-01-24;the wolf of wall street;E1500825300000;ficção;estados unidos;1069614;14683639.84;sm distribuidora de filmes ltda;11922.0;08.257.054/0001-49;2014;1;24
2014-01-17;o gebo e a sombra;E1500325300000;ficção;portugal;3811;39406.92;mostra internacional de cinema ltda;1797.0;52.009.305/0001-68;2014;1;17
2014-01-17;tarzan;E1500410500000;animação;alemanha;901617;11868162.44;wmix distribuidora ltda.;1935.0;03.918.609/0001-32;2014;1;17
2014-01-17;the broken circle breakdown;E1402552700000;ficção;bélgica;24516;322221.8;tag cultural distribuidora de filmes ltda;173.0;03.599.148/0001-82;2014;1;17
2014-01-17;walking with dinosaurs;E1600130000000;animação;austrália;614426;8298774.5;fox film do brasil ltda;256.0;33.110.420/0001-80;2014;1;17
2014-01-13;le grand voyage;E1300000100000;ficção;frança;191;792.0;antonio fernandes filmes ltda;532.0;02.668.665/0001-01;2014;1;13
2014-01-10;confissões de adolescente - o filme;B1301999100000;ficção;brasil;817086;8605812.48;columbia tristar filmes do brasil ltda;84.0;00.979.601/0001-98;2014;1;10
2014-01-10;delivery man;E1600133600000;ficção;estados unidos;139500;1582686.0;the walt disney company (brasil) ltda.;18398.0;73.042.962/0001-87;2014;1;10
2014-01-10;grudge match;E1600132900000;ficção;estados unidos;110570;1372539.0;warner bros. (south) inc.;265.0;33.015.827/0001-28;2014;1;10
2014-01-10;muita calma nessa hora 2;B1302050600000;ficção;brasil;1429862;15888595.19;freespirit distribuidora de filmes ltda.;4904.0;07.616.202/0001-01;2014;1;10
2014-01-10;nymphomaniac: vol. i;E1500381600000;ficção;frança;262906;3340706.79;antonio fernandes filmes ltda;532.0;02.668.665/0001-01;2014;1;10
2014-01-10;paranormal activity: the marked ones;E1402489400000;ficção;estados unidos;1034040;12014764.0;paramount pictures brasil distribuidora de filmes ltda;169.0;27.654.722/0001-16;2014;1;10
2014-01-10;twixt;E1500711100000;ficção;estados unidos;4157;53035.41;cannes produções s/a;2250.0;72.672.017/0001-04;2014;1;10
2014-01-10;what maisie knew;E1500844000000;ficção;estados unidos;20724;254945.17;esfera produções culturais eireli;18039.0;11.579.388/0001-43;2014;1;10
2014-01-03;boy meets girl;E1600133100000;ficção;frança;2620;28958.43;providence distribuidora de filmes ltda;12443.0;08.656.129/0001-64;2014;1;3
2014-01-03;inch'allah;E1500666600000;ficção;canadá;7086;85474.88;tag cultural distribuidora de filmes ltda;173.0;03.599.148/0001-82;2014;1;3
2014-01-03;mauvais sang;E1500873300000;ficção;frança;2622;28479.05;providence distribuidora de filmes ltda;12443.0;08.656.129/0001-64;2014;1;3
2014-01-03;o menino e o mundo;B1301989000000;animação;brasil;61152;633901.25;circuito cinearte ltda;1083.0;01.425.583/0001-65;2014;1;3
2014-01-03;o menino e o mundo;B1301989000000;animação;brasil;214;1892.08;elo audiovisual serviços ltda;5672.0;07.700.630/0001-18;2014;1;3
2013-12-27;até que a sorte nos separe 2;B1302035000000;ficção;brasil;3978191;45274441.66;sm distribuidora de filmes ltda;11922.0;08.257.054/0001-49;2013;12;27
2013-12-27;august: osage county;E1500411400000;ficção;estados unidos;323906;4428703.1;wmix distribuidora ltda.;1935.0;03.918.609/0001-32;2013;12;27
2013-12-27;du vent dans mes mollets;E1500842700000;ficção;frança;8743;116149.4;esfera produções culturais eireli;18039.0;11.579.388/0001-43;2013;12;27
2013-12-27;frozen;E1500922200000;animação;estados unidos;4261622;51595703.0;the walt disney company (brasil) ltda.;18398.0;73.042.962/0001-87;2013;12;27
2013-12-27;soshite chichi ni naru;E1600129600000;ficção;japão;25480;342371.81;tag cultural distribuidora de filmes ltda;173.0;03.599.148/0001-82;2013;12;27
2013-12-27;são silvestre;B1301963900000;documentário;brasil;1;1.0;kompanhia teatro multimídia de são paulo;57643.0;60.740.149/0001-39;2013;12;27
2013-12-27;são silvestre;B1301963900000;documentário;brasil;1622;17973.12;providence distribuidora de filmes ltda;12443.0;08.656.129/0001-64;2013;12;27
2013-12-20;about time;E1402624700000;ficção;estados unidos;154116;1969262.54;columbia tristar filmes do brasil ltda;84.0;00.979.601/0001-98;2013;12;20
2013-12-20;elle s'en va;E1500841500000;ficção;frança;51439;643615.63;esfera produções culturais eireli;18039.0;11.579.388/0001-43;2013;12;20
2013-12-20;ender's game;E1600133000000;ficção;estados unidos;478168;5296353.8;sm distribuidora de filmes ltda;11922.0;08.257.054/0001-49;2013;12;20
2013-12-20;eu não faço a menor ideia do que eu tô fazendo com a minha vida;B1302008300000;ficção;brasil;11595;129769.46;vitrine filmes ltda;16713.0;11.620.976/0001-83;2013;12;20
2013-12-20;io e te;E1402442200000;ficção;itália;12312;154233.81;antonio fernandes filmes ltda;532.0;02.668.665/0001-01;2013;12;20
2013-12-20;la grande bellezza;E1500298300000;ficção;itália;174041;2203415.29;mares filmes eireli;6418.0;07.257.887/0001-47;2013;12;20
2013-12-20;minhocas;B1301864200000;animação;brasil;163072;1615129.0;fox film do brasil ltda;256.0;33.110.420/0001-80;2013;12;20
2013-12-20;the secret life of walter mitty;E1600134100000;ficção;estados unidos;781961;9827483.0;fox film do brasil ltda;256.0;33.110.420/0001-80;2013;12;20
2013-12-13;a touch of sin;E1600132700000;ficção;china;7525;85899.63;sm distribuidora de filmes ltda;11922.0;08.257.054/0001-49;2013;12;13
2013-12-13;educação sentimental;B1301968400000;ficção;brasil;991;12614.94;ludwig maia arthouse distribuidora de filmes ltda;22808.0;05.249.852/0001-30;2013;12;13
2013-12-13;l'inconnu du lac;E1500522100000;ficção;frança;15446;177148.48;tag cultural distribuidora de filmes ltda;173.0;03.599.148/0001-82;2013;12;13
2013-12-13;nobody's daugther haewon;E1600134300000;ficção;coréia do sul;3747;44182.79;antonio fernandes filmes ltda;532.0;02.668.665/0001-01;2013;12;13
2013-12-13;out in the dark;E1500523700000;ficção;estados unidos;8088;98653.32;cannes produções s/a;2250.0;72.672.017/0001-04;2013;12;13
2013-12-13;starlet;E1600139700000;ficção;estados unidos;9024;99754.62;tucumán distribuidora de filmes ltda;16132.0;10.681.698/0001-01;2013;12;13
2013-12-13;the hobbit: the desolation of smaug;E1500100000000;ficção;estados unidos;3017522;41348966.4;warner bros. (south) inc.;265.0;33.015.827/0001-28;2013;12;13
2013-12-13;we are what we are;E1500524500000;ficção;estados unidos;7104;84198.5;esfera produções culturais eireli;18039.0;11.579.388/0001-43;2013;12;13
2013-12-11;exercício do caos;B1301887000000;ficção;brasil;4890;37381.8;frederico da cruz machado - me;11990.0;03.553.092/0001-25;2013;12;11
2013-12-06;anita e garibaldi;B1301738800000;ficção;brasil;1027;11809.54;cinematográfica polifilmes ltda-me;2550.0;60.469.871/0001-80;2013;12;6
2013-12-06;carrie;E1500490800000;ficção;estados unidos;603178;6598905.5;columbia tristar filmes do brasil ltda;84.0;00.979.601/0001-98;2013;12;6
2013-12-06;don jon;E1500410800000;ficção;estados unidos;149741;1774177.92;wmix distribuidora ltda.;1935.0;03.918.609/0001-32;2013;12;6
2013-12-06;enough said;E1500733600000;ficção;estados unidos;22468;323695.0;fox film do brasil ltda;256.0;33.110.420/0001-80;2013;12;6
2013-12-06;homefront;E1500600000000;ficção;estados unidos;30781;320844.21;antonio fernandes filmes ltda;532.0;02.668.665/0001-01;2013;12;6
2013-12-06;la jaula de oro;E1600137400000;ficção;méxico;3174;37559.55;cafco filmes eireli - me (baixado);24886.0;18.538.296/0001-64;2013;12;6
2013-12-06;la vie d'adèle - chapitres 1 et 2 aka le bleu est une couleur chaude e la vie d'adèle;E1500911100000;ficção;bélgica;119275;1457287.31;tag cultural distribuidora de filmes ltda;173.0;03.599.148/0001-82;2013;12;6
2013-12-06;last vegas;E1402435300000;ficção;estados unidos;697751;8510762.37;sm distribuidora de filmes ltda;11922.0;08.257.054/0001-49;2013;12;6
2013-12-06;simone;B1301776900000;ficção;brasil;815;5909.28;tucumán distribuidora de filmes ltda;16132.0;10.681.698/0001-01;2013;12;6
2013-12-06;vertigo;E1402578100000;ficção;estados unidos;11573;130315.37;circuito cinearte ltda;1083.0;01.425.583/0001-65;2013;12;6
2013-11-29;a floresta de jonathas;B1301846600000;ficção;brasil;1179;9404.25;vitrine filmes ltda;16713.0;11.620.976/0001-83;2013;11;29
2013-11-29;crô - o filme;B1302000200000;ficção;brasil;1716774;18673695.63;sm distribuidora de filmes ltda;11922.0;08.257.054/0001-49;2013;11;29
2013-11-29;ensaio;B1201574300000;ficção;brasil;1293;15692.17;wmix distribuidora ltda.;1935.0;03.918.609/0001-32;2013;11;29
2013-11-29;hyde park on hudson;E1600177100000;ficção;reino unido;12611;180176.92;playarte pictures entretenimentos ltda.;443.0;00.943.231/0001-39;2013;11;29
2013-11-29;jackass presents: bad grandpa .5;E1402668000000;ficção;estados unidos;453400;5026521.0;paramount pictures brasil distribuidora de filmes ltda;169.0;27.654.722/0001-16;2013;11;29
2013-11-29;metegol;E1500781600000;animação;holanda;347343;3920088.1;columbia tristar filmes do brasil ltda;84.0;00.979.601/0001-98;2013;11;29
2013-11-29;morro dos prazeres;B1301873000000;documentário;brasil;2283;28026.14;circuito cinearte ltda;1083.0;01.425.583/0001-65;2013;11;29
2013-11-29;night train to lisbon;E1600145600000;ficção;alemanha;72783;874185.93;cannes produções s/a;2250.0;72.672.017/0001-04;2013;11;29
2013-11-29;o primeiro dia de um ano qualquer;B1301806500000;ficção;brasil;1158;14763.08;forte filmes produções artísticas ltda;12699.0;08.787.497/0001-41;2013;11;29
2013-11-29;paixão e acaso;B1301824300000;ficção;brasil;844;10624.73;forte filmes produções artísticas ltda;12699.0;08.787.497/0001-41;2013;11;29
2013-11-29;qualé o teu negócio;B1301743300000;documentário;brasil;153;1300.19;brazucah produções culturais ltda;12061.0;05.357.127/0001-86;2013;11;29
2013-11-29;stranded;E1600140900000;ficção;canadá;42423;518311.25;h20 produções ltda;24619.0;18.351.980/0001-32;2013;11;29
2013-11-25;tokiori - dobras do tempo;B1301981200000;documentário;brasil;540;5263.18;frederico da cruz machado - me;11990.0;03.553.092/0001-25;2013;11;25
2013-11-22;cidade cinza;B1301984500000;documentário;brasil;11347;132139.06;circuito cinearte ltda;1083.0;01.425.583/0001-65;2013;11;22
2013-11-22;i am breathing;E1500285300000;documentário;dinamarca;757;8389.26;circuito cinearte ltda;1083.0;01.425.583/0001-65;2013;11;22
2013-11-22;insidious: chapter 2;E1600144700000;ficção;estados unidos;369706;4089934.25;columbia tristar filmes do brasil ltda;84.0;00.979.601/0001-98;2013;11;22
2013-11-22;jeune et jolie;E1600137500000;ficção;frança;37563;450960.49;mares filmes eireli;6418.0;07.257.887/0001-47;2013;11;22
2013-11-22;mais uma canção;B1302026800000;documentário;brasil;183;1414.0;estação elétrica produção de cinema e vídeo ltda.;1897.0;04.791.421/0001-39;2013;11;22
2013-11-22;mataram meu irmão;B1301835500000;documentário;brasil;745;5538.02;bela filmes produções ltda me;18625.0;13.359.654/0001-58;2013;11;22
2013-11-22;midnight's children;E1600140300000;ficção;canadá;3392;37635.44;sm distribuidora de filmes ltda;11922.0;08.257.054/0001-49;2013;11;22
2013-11-22;santo marcos, goleiro de placa;B1302007900000;documentário;brasil;2557;32997.93;maff distribuicao e comercializacao de filmes e obras culturais ltda;21823.0;04.828.220/0001-69;2013;11;22
2013-11-22;vazio coração;B1301979600000;ficção;brasil;2479;27563.59;antonio fernandes filmes ltda;532.0;02.668.665/0001-01;2013;11;22
2013-11-15;blue jasmine;E1500410000000;ficção;estados unidos;385552;5561139.29;wmix distribuidora ltda.;1935.0;03.918.609/0001-32;2013;11;15
2013-11-15;habi, la extranjera;B1301945700000;ficção;brasil;5681;73132.6;videofilmes produções artística ltda;276.0;31.179.864/0001-46;2013;11;15
2013-11-15;hunger games: the catching fire;E1500624200000;ficção;estados unidos;3552801;39921930.23;sm distribuidora de filmes ltda;11922.0;08.257.054/0001-49;2013;11;15
2013-11-15;lira paulistana e a vanguarda paulista;B1201671900000;documentário;brasil;1577;20377.44;busca vida filmes e produções ltda;18932.0;13.491.810/0001-30;2013;11;15
2013-11-15;lira paulistana e a vanguarda paulista;B1201671900000;documentário;brasil;49;630.14;kompanhia teatro multimídia de são paulo;57643.0;60.740.149/0001-39;2013;11;15
2013-11-15;pulmão da arquibancada;B1201652700000;documentário;brasil;150;2021.42;ludwig maia arthouse distribuidora de filmes ltda;22808.0;05.249.852/0001-30;2013;11;15
2013-11-15;tatuagem;B1301947600000;ficção;brasil;46618;448762.43;reserva nacional distribuidora de filmes ltda.;11868.0;08.346.733/0001-94;2013;11;15
2013-11-08;captain phillips;E1600145300000;ficção;estados unidos;613159;8196311.25;columbia tristar filmes do brasil ltda;84.0;00.979.601/0001-98;2013;11;8
2013-11-08;free birds;E1500410300000;animação;estados unidos;945588;10662405.3;wmix distribuidora ltda.;1935.0;03.918.609/0001-32;2013;11;8
2013-11-08;imogene (aka girl most likely);E1600140200000;ficção;estados unidos;6199;69492.41;sm distribuidora de filmes ltda;11922.0;08.257.054/0001-49;2013;11;8
2013-11-08;trampolim do forte;B1101372000000;ficção;brasil;2616;21156.8;pipa nativa produção cultural ltda;5467.0;05.933.574/0001-36;2013;11;8
2013-11-05;a nave - uma viagem com a jazz sinfônica de são paulo;B1302047400000;documentário;brasil;365;1104.0;drama filmes ltda.;610.0;02.902.219/0001-01;2013;11;5
2013-11-01;alceste à bicyclette;E1500410100000;ficção;frança;15962;174560.13;wmix distribuidora ltda.;1935.0;03.918.609/0001-32;2013;11;1
2013-11-01;caleuche, o chamado do mar;B1301815500000;ficção;brasil;497;6528.0;the walt disney company (brasil) ltda.;18398.0;73.042.962/0001-87;2013;11;1
2013-11-01;laura;B1201652800000;documentário;brasil;996;11425.02;vitrine filmes ltda;16713.0;11.620.976/0001-83;2013;11;1
2013-11-01;mud;E1600102600000;ficção;estados unidos;15954;211478.06;antonio fernandes filmes ltda;532.0;02.668.665/0001-01;2013;11;1
2013-11-01;sobral;B1201682600000;documentário;brasil;4550;51515.22;serendip filmes ltda;4626.0;06.911.780/0001-08;2013;11;1
2013-11-01;solidões;B1301888400000;ficção;brasil;1971;29109.04;oswaldo montenegro produções artísticas ltda;6707.0;31.264.070/0001-80;2013;11;1
2013-11-01;the butler;E1600229100000;ficção;estados unidos;72304;1133115.96;diamond films do brasil produção e distribuição audiovisual ltda.;22724.0;17.095.184/0001-13;2013;11;1
2013-11-01;the purge;E1402606300000;ficção;estados unidos;40652;452581.75;columbia tristar filmes do brasil ltda;84.0;00.979.601/0001-98;2013;11;1
2013-11-01;thor: the dark world;E1500692500000;ficção;estados unidos;4835497;61710489.88;the walt disney company (brasil) ltda.;18398.0;73.042.962/0001-87;2013;11;1
2013-11-01;un château en italie;E1402752100000;ficção;frança;14108;166811.59;tag cultural distribuidora de filmes ltda;173.0;03.599.148/0001-82;2013;11;1
2013-10-25;fla x flu;B1301983400000;documentário;brasil;2591;35003.62;elo audiovisual serviços ltda;5672.0;07.700.630/0001-18;2013;10;25
2013-10-25;juan y eva;E1600141200000;ficção;argentina;6824;69956.19;tucumán distribuidora de filmes ltda;16132.0;10.681.698/0001-01;2013;10;25
2013-10-25;la mer à l'aube;E1500841600000;ficção;alemanha;4616;57817.0;esfera produções culturais eireli;18039.0;11.579.388/0001-43;2013;10;25
2013-10-25;meu passado me condena o filme;B1301940300000;ficção;brasil;3140771;34826391.63;sm distribuidora de filmes ltda;11922.0;08.257.054/0001-49;2013;10;25
2013-10-25;serra pelada;B1301836900000;documentário;brasil;797;6332.82;tv zero cinema ltda;4586.0;03.360.320/0001-40;2013;10;25
2013-10-25;sibila;E1600623600000;documentário;espanha;144;1087.0;tucumán distribuidora de filmes ltda;16132.0;10.681.698/0001-01;2013;10;25
2013-10-25;the counselor;E1600144900000;ficção;estados unidos;246379;3147292.0;fox film do brasil ltda;256.0;33.110.420/0001-80;2013;10;25
2013-10-25;the way way back;E1600229000000;ficção;estados unidos;7563;111415.24;diamond films do brasil produção e distribuição audiovisual ltda.;22724.0;17.095.184/0001-13;2013;10;25
2013-10-18;diana;E1600563000000;ficção;inglaterra;64489;918378.79;wmix distribuidora ltda.;1935.0;03.918.609/0001-32;2013;10;18
2013-10-18;kick ass 2;E1600145400000;ficção;estados unidos;36820;414473.0;columbia tristar filmes do brasil ltda;84.0;00.979.601/0001-98;2013;10;18
2013-10-18;les salauds;E1500490300000;ficção;alemanha;11285;152881.53;tag cultural distribuidora de filmes ltda;173.0;03.599.148/0001-82;2013;10;18
2013-10-18;paranoia;E1600232200000;ficção;frança;20863;241725.47;diamond films do brasil produção e distribuição audiovisual ltda.;22724.0;17.095.184/0001-13;2013;10;18
2013-10-18;prisoners;E1600228900000;ficção;estados unidos;453602;5368347.75;sm distribuidora de filmes ltda;11922.0;08.257.054/0001-49;2013;10;18
2013-10-18;serra pelada;B1301969600000;ficção;brasil;405688;4219527.0;warner bros. (south) inc.;265.0;33.015.827/0001-28;2013;10;18
2013-10-11;a batalha do passinho;B1301805800000;documentário;brasil;2640;17781.5;arte vital exibições cinematográficas ltda;14200.0;03.459.043/0001-28;2013;10;11
2013-10-11;bright days ahead;E1600026800000;ficção;frança;41762;502379.98;tag cultural distribuidora de filmes ltda;173.0;03.599.148/0001-82;2013;10;11
2013-10-11;corda bamba;B1101527400000;ficção;brasil;1591;14828.67;elimar produções artísticas ltda;506.0;28.026.565/0001-67;2013;10;11
2013-10-11;corpo presente;B1201590900000;ficção;brasil;5;50.0;embauba filmes ltda;23638.0;15.144.532/0001-70;2013;10;11
2013-10-11;corpo presente;B1201590900000;ficção;brasil;587;7139.06;raiz distribuidora audiovisual ltda.;11792.0;08.331.280/0001-22;2013;10;11
2013-10-11;dragon ball z: the battle of gods;E1600232900000;animação;japão;378235;3547367.6;diamond films do brasil produção e distribuição audiovisual ltda.;22724.0;17.095.184/0001-13;2013;10;11
2013-10-11;escape plan;E1600139900000;ficção;estados unidos;458268;4615890.7;sm distribuidora de filmes ltda;11922.0;08.257.054/0001-49;2013;10;11
2013-10-11;gravity;E1500095600000;ficção;estados unidos;1184941;19428452.0;warner bros. (south) inc.;265.0;33.015.827/0001-28;2013;10;11
2013-10-11;lore;E1500523800000;ficção;alemanha;22367;231736.94;mares filmes eireli;6418.0;07.257.887/0001-47;2013;10;11
2013-10-11;o inventor de sonhos;B1301898100000;ficção;brasil;3708;41410.44;cannes produções s/a;2250.0;72.672.017/0001-04;2013;10;11
2013-10-11;riddick;E1500411100000;ficção;estados unidos;357220;3620140.34;wmix distribuidora ltda.;1935.0;03.918.609/0001-32;2013;10;11
2013-10-11;silent hill: revelation;E1600186300000;ficção;canadá;88948;1109299.15;playarte pictures entretenimentos ltda.;443.0;00.943.231/0001-39;2013;10;11
2013-10-11;terraferma;E1500842600000;ficção;itália;9041;111676.8;esfera produções culturais eireli;18039.0;11.579.388/0001-43;2013;10;11
2013-10-11;this is the end;E1500839500000;ficção;estados unidos;159657;1612596.75;columbia tristar filmes do brasil ltda;84.0;00.979.601/0001-98;2013;10;11
2013-10-04;cloudy with a chance of meatballs 2;E1600120700000;animação;estados unidos;2480998;28733596.25;columbia tristar filmes do brasil ltda;84.0;00.979.601/0001-98;2013;10;4
2013-10-04;le capital;E1600144600000;ficção;frança;27869;350622.17;sm distribuidora de filmes ltda;11922.0;08.257.054/0001-49;2013;10;4
2013-10-04;mato sem cachorro;B1301940000000;ficção;brasil;1134768;11588161.96;wmix distribuidora ltda.;1935.0;03.918.609/0001-32;2013;10;4
2013-10-04;metallica through the never;E1500491100000;vídeomusical;estados unidos;18025;280103.27;h20 produções ltda;24619.0;18.351.980/0001-32;2013;10;4
2013-10-04;nove crônicas para um coração aos berros;B1301906100000;ficção;brasil;1611;12323.13;vitrine filmes ltda;16713.0;11.620.976/0001-83;2013;10;4
2013-10-04;runner,runner;E1500680800000;ficção;estados unidos;208632;2658176.0;fox film do brasil ltda;256.0;33.110.420/0001-80;2013;10;4
2013-10-04;the paperboy;E1600188300000;ficção;estados unidos;24880;302913.5;cannes produções s/a;2250.0;72.672.017/0001-04;2013;10;4
2013-10-01;dilma sequestrada;B1301966300000;ficção;brasil;14132;70660.0;luciano da luz moucks;2985.0;02.743.258/0001-03;2013;10;1
2013-09-30;one direction: this is us;E1600140700000;documentário;estados unidos;132509;1830208.25;columbia tristar filmes do brasil ltda;84.0;00.979.601/0001-98;2013;9;30
2013-09-27;a última estação;B1201614400000;ficção;brasil;1977;22172.45;cinematográfica polifilmes ltda-me;2550.0;60.469.871/0001-80;2013;9;27
2013-09-27;lemale et ha'halal;E1600140100000;ficção;israel;15003;180378.16;cafco filmes eireli - me (baixado);24886.0;18.538.296/0001-64;2013;9;27
2013-09-27;more than honey;E1500499800000;documentário;suíça;634;9828.94;tag cultural distribuidora de filmes ltda;173.0;03.599.148/0001-82;2013;9;27
2013-09-27;quelques heurs de printemp;E1600146000000;ficção;frança;9578;102144.97;tucumán distribuidora de filmes ltda;16132.0;10.681.698/0001-01;2013;9;27
2013-09-27;r.i.p.d.;E1402520300000;ficção;estados unidos;216065;2881914.75;columbia tristar filmes do brasil ltda;84.0;00.979.601/0001-98;2013;9;27
2013-09-27;we´re the millers;E1600149300000;ficção;estados unidos;511353;5385557.0;warner bros. (south) inc.;265.0;33.015.827/0001-28;2013;9;27
2013-09-20;elysium;E1500835900000;ficção;estados unidos;1742686;20140533.5;columbia tristar filmes do brasil ltda;84.0;00.979.601/0001-98;2013;9;20
2013-09-20;foxfire;E1500499200000;ficção;canadá;2570;34367.19;tag cultural distribuidora de filmes ltda;173.0;03.599.148/0001-82;2013;9;20
2013-09-20;malavita;E1500627500000;ficção;estados unidos;158583;2049872.43;sm distribuidora de filmes ltda;11922.0;08.257.054/0001-49;2013;9;20
2013-09-20;o tempo e o vento;B1301930900000;ficção;brasil;4085518;43919194.33;freespirit distribuidora de filmes ltda.;4904.0;07.616.202/0001-01;2013;9;20
2013-09-20;por trás do véu;B1301936500000;documentário;brasil;15;232.0;freespirit distribuidora de filmes ltda.;4904.0;07.616.202/0001-01;2013;9;20
2013-09-20;the heat;E1500592800000;ficção;estados unidos;733829;7847480.0;fox film do brasil ltda;256.0;33.110.420/0001-80;2013;9;20
2013-09-20;télé gaucho;E1600628300000;ficção;frança;5061;63318.56;mares filmes eireli;6418.0;07.257.887/0001-47;2013;9;20
2013-09-13;2 guns;E1500107000000;ficção;estados unidos;195923;2142002.78;wmix distribuidora ltda.;1935.0;03.918.609/0001-32;2013;9;13
2013-09-13;dores de amores;B1201682700000;ficção;brasil;444;2162.72;kinotv ltda.;762.0;02.298.682/0001-96;2013;9;13
2013-09-13;i, anna;E1500499400000;ficção;alemanha;17337;215706.87;tag cultural distribuidora de filmes ltda;173.0;03.599.148/0001-82;2013;9;13
2013-09-13;lovelace;E1600140800000;ficção;estados unidos;11863;152873.48;sm distribuidora de filmes ltda;11922.0;08.257.054/0001-49;2013;9;13
2013-09-13;planes;E1600149500000;animação;estados unidos;1207258;14302678.0;the walt disney company (brasil) ltda.;18398.0;73.042.962/0001-87;2013;9;13
2013-09-13;rush;E1500434600000;ficção;alemanha;200681;2808088.12;antonio fernandes filmes ltda;532.0;02.668.665/0001-01;2013;9;13
2013-09-13;satyrianas, 78horas em 78 min;B1301898000000;documentário;brasil;100;1260.44;vitrine filmes ltda;16713.0;11.620.976/0001-83;2013;9;13
2013-09-13;tanta agua;E1402825400000;ficção;uruguai;3009;27640.14;providence distribuidora de filmes ltda;12443.0;08.656.129/0001-64;2013;9;13
2013-09-13;the conjuring;E1500097000000;ficção;estados unidos;1617717;17383448.4;warner bros. (south) inc.;265.0;33.015.827/0001-28;2013;9;13
2013-09-13;xico stockinger;B1201667800000;documentário;brasil;356;2479.33;lanca distribuidora de filmes ltda;25115.0;18.384.267/0001-95;2013;9;13
2013-09-06;a coleção invisível;B1201666700000;ficção;brasil;8595;68288.87;providence distribuidora de filmes ltda;12443.0;08.656.129/0001-64;2013;9;6
2013-09-06;casa da mãe joana 2;B1301910300000;ficção;brasil;152596;1599981.15;wmix distribuidora ltda.;1935.0;03.918.609/0001-32;2013;9;6
2013-09-06;esse amor que nos consome;B1301924200000;ficção;brasil;1946;15079.38;vitrine filmes ltda;16713.0;11.620.976/0001-83;2013;9;6
2013-09-06;hijab, mulheres de véu;B1301904700000;documentário;brasil;769;10007.06;formosa produção e distribuição de filmes ltda;16462.0;11.310.494/0001-27;2013;9;6
2013-09-06;jobs;E1500349000000;ficção;estados unidos;248830;3331327.25;playarte pictures entretenimentos ltda.;443.0;00.943.231/0001-39;2013;9;6
2013-09-06;la religieuse;E1402380400000;ficção;alemanha;9156;101777.44;tag cultural distribuidora de filmes ltda;173.0;03.599.148/0001-82;2013;9;6
2013-09-06;las acacias;E1600148800000;ficção;argentina;10325;77537.45;vitrine filmes ltda;16713.0;11.620.976/0001-83;2013;9;6
2013-09-06;white house down;E1500839800000;ficção;estados unidos;718668;8046826.0;columbia tristar filmes do brasil ltda;84.0;00.979.601/0001-98;2013;9;6
2013-08-30;bibliotheque pascal;E1600218900000;ficção;hungria;2573;27616.03;tucumán distribuidora de filmes ltda;16132.0;10.681.698/0001-01;2013;8;30
2013-08-30;des gens qui s'embrassent;E1500842900000;ficção;frança;18499;230620.0;esfera produções culturais eireli;18039.0;11.579.388/0001-43;2013;8;30
2013-08-30;le skylab;E1600149200000;ficção;frança;19416;248926.09;providence distribuidora de filmes ltda;12443.0;08.656.129/0001-64;2013;8;30
2013-08-30;ovsyanki;E1600161000000;ficção;rússia;1992;12949.4;mostra internacional de cinema ltda;1797.0;52.009.305/0001-68;2013;8;30
2013-08-30;se puder...dirija!;B1301917000000;ficção;brasil;360808;4454754.0;the walt disney company (brasil) ltda.;18398.0;73.042.962/0001-87;2013;8;30
2013-08-30;the big wedding;E1500106300000;ficção;estados unidos;174335;2224473.8;wmix distribuidora ltda.;1935.0;03.918.609/0001-32;2013;8;30
2013-08-30;the internship;E1500620600000;ficção;estados unidos;900121;10257850.0;fox film do brasil ltda;256.0;33.110.420/0001-80;2013;8;30
2013-08-23;a sorte em suas mãos;B1301971700000;ficção;brasil;25088;316108.79;reserva nacional distribuidora de filmes ltda.;11868.0;08.346.733/0001-94;2013;8;23
2013-08-23;boa sorte, meu amor;B1301899900000;ficção;brasil;4032;31674.35;cicatrix finalizadora e produtora de cinema ltda - me;23272.0;14.914.296/0001-60;2013;8;23
2013-08-23;cuica de santo amaro;B1301990000000;documentário;brasil;750;5938.5;doc filmes produções audiovisuais ltda me;5421.0;07.718.282/0001-06;2013;8;23
2013-08-23;frances ha;E1600149600000;ficção;brasil;64347;780787.62;vitrine filmes ltda;16713.0;11.620.976/0001-83;2013;8;23
2013-08-23;les saveurs du palais;E1500547000000;ficção;frança;21444;257889.16;mares filmes eireli;6418.0;07.257.887/0001-47;2013;8;23
2013-08-23;mortal instruments city of bones;E1600149000000;ficção;estados unidos;650555;6910214.93;sm distribuidora de filmes ltda;11922.0;08.257.054/0001-49;2013;8;23
2013-08-23;much ado about nothing;E1600149100000;ficção;estados unidos;5714;85703.58;h20 produções ltda;24619.0;18.351.980/0001-32;2013;8;23
2013-08-23;no lugar errado;B1201659800000;ficção;brasil;221;1867.16;vitrine filmes ltda;16713.0;11.620.976/0001-83;2013;8;23
2013-08-23;pain & gain;E1500619600000;ficção;estados unidos;87259;1009517.0;paramount pictures brasil distribuidora de filmes ltda;169.0;27.654.722/0001-16;2013;8;23
2013-08-23;repare bem;B1301925900000;documentário;brasil;1570;18524.9;instituto via br;24513.0;06.224.558/0001-37;2013;8;23
2013-08-23;the oranges;E1500100400000;ficção;estados unidos;20497;231334.92;cannes produções s/a;2250.0;72.672.017/0001-04;2013;8;23
2013-08-16;flores raras;B1201696900000;ficção;brasil;275497;3402184.5;wmix distribuidora ltda.;1935.0;03.918.609/0001-32;2013;8;16
2013-08-16;grown ups 2;E1500836000000;ficção;estados unidos;1577212;17098242.5;columbia tristar filmes do brasil ltda;84.0;00.979.601/0001-98;2013;8;16
2013-08-16;jurassic park;E1402442400000;ficção;estados unidos;40;818.4;columbia tristar filmes do brasil ltda;84.0;00.979.601/0001-98;2013;8;16
2013-08-16;jurassic park;E1402442400000;ficção;estados unidos;11961;180186.0;paramount pictures brasil distribuidora de filmes ltda;169.0;27.654.722/0001-16;2013;8;16
2013-08-16;jurassic park;E1402442400000;ficção;estados unidos;6180;92116.6;universal pictures international brazil ltda.;33787.0;24.810.280/0001-61;2013;8;16
2013-08-16;percy jackson: sea of monsters;E1500676900000;ficção;estados unidos;2147952;26423696.0;fox film do brasil ltda;256.0;33.110.420/0001-80;2013;8;16
2013-08-16;por que você partiu?;B1301772600000;documentário;brasil;2887;36875.48;reserva nacional distribuidora de filmes ltda.;11868.0;08.346.733/0001-94;2013;8;16
2013-08-16;the bling ring;E1600233100000;ficção;frança;101195;1356146.24;diamond films do brasil produção e distribuição audiovisual ltda.;22724.0;17.095.184/0001-13;2013;8;16
2013-08-09;camille claudel 1915;E1600102400000;ficção;frança;19597;230862.65;antonio fernandes filmes ltda;532.0;02.668.665/0001-01;2013;8;9
2013-08-09;cine holliúdy;B1201647900000;ficção;brasil;487646;5058248.8;freespirit distribuidora de filmes ltda.;4904.0;07.616.202/0001-01;2013;8;9
2013-08-09;dark skies;E1500410200000;ficção;estados unidos;79115;879198.2;wmix distribuidora ltda.;1935.0;03.918.609/0001-32;2013;8;9
2013-08-09;kon-tiki;E1600186400000;ficção;dinamarca;10653;135659.28;h20 produções ltda;24619.0;18.351.980/0001-32;2013;8;9
2013-08-09;o renascimento do parto - o filme;B1301816900000;documentário;brasil;30127;328817.61;circuito cinearte ltda;1083.0;01.425.583/0001-65;2013;8;9
2013-08-09;pacific rim;E1500259100000;ficção;estados unidos;1165714;14825290.93;warner bros. (south) inc.;265.0;33.015.827/0001-28;2013;8;9
2013-08-09;vendo ou alugo;B1301769500000;ficção;brasil;152303;1648359.87;cannes produções s/a;2250.0;72.672.017/0001-04;2013;8;9
2013-08-02;red 2;E1600233000000;ficção;canadá;479529;5549617.37;sm distribuidora de filmes ltda;11922.0;08.257.054/0001-49;2013;8;2
2013-08-02;the smurfs 2;E1500839200000;ficção;estados unidos;2946527;33716614.75;columbia tristar filmes do brasil ltda;84.0;00.979.601/0001-98;2013;8;2
2013-08-02;wrong;E1500522200000;ficção;estados unidos;2209;28342.46;tag cultural distribuidora de filmes ltda;173.0;03.599.148/0001-82;2013;8;2
2013-07-26;csak a szél;E1600160700000;ficção;alemanha;6189;77655.45;zeta filmes ltda;22936.0;02.469.679/0001-98;2013;7;26
2013-07-26;noruwei no mori;E1500842100000;ficção;japão;6435;78870.25;esfera produções culturais eireli;18039.0;11.579.388/0001-43;2013;7;26
2013-07-26;tesis sobre un homicidio;E1600160600000;ficção;argentina;81222;1049391.26;antonio fernandes filmes ltda;532.0;02.668.665/0001-01;2013;7;26
2013-07-26;the wolverine;E1500282900000;ficção;estados unidos;3955740;49174855.0;fox film do brasil ltda;256.0;33.110.420/0001-80;2013;7;26
2013-07-26;to the wonder;E1600160300000;ficção;estados unidos;55359;750624.76;sm distribuidora de filmes ltda;11922.0;08.257.054/0001-49;2013;7;26
2013-07-26;zarafa;E1500522300000;animação;frança;5846;57143.48;tag cultural distribuidora de filmes ltda;173.0;03.599.148/0001-82;2013;7;26
2013-07-19;just like a woman;E1500513100000;ficção;estados unidos;3807;46988.53;tag cultural distribuidora de filmes ltda;173.0;03.599.148/0001-82;2013;7;19
2013-07-19;les contes de la nuit;E1600158900000;animação;frança;4286;34660.05;zeta filmes ltda;22936.0;02.469.679/0001-98;2013;7;19
2013-07-19;o concurso;B1301837200000;ficção;brasil;1320102;14125213.83;sm distribuidora de filmes ltda;11922.0;08.257.054/0001-49;2013;7;19
2013-07-19;turbo;E1500383300000;animação;estados unidos;1052338;12027358.0;fox film do brasil ltda;256.0;33.110.420/0001-80;2013;7;19
2013-07-12;a cidade é uma só?;B1301852900000;documentário;brasil;1609;16092.77;vitrine filmes ltda;16713.0;11.620.976/0001-83;2013;7;12
2013-07-12;la voz dormida;E1500490200000;ficção;espanha;4148;50642.27;tag cultural distribuidora de filmes ltda;173.0;03.599.148/0001-82;2013;7;12
2013-07-12;man of steel;E1500258900000;ficção;estados unidos;2756522;36269302.7;warner bros. (south) inc.;265.0;33.015.827/0001-28;2013;7;12
2013-07-12;renoir;E1600160900000;ficção;frança;33771;369325.24;mares filmes eireli;6418.0;07.257.887/0001-47;2013;7;12
2013-07-12;the lone ranger;E1600159100000;ficção;estados unidos;876686;9362297.69;the walt disney company (brasil) ltda.;18398.0;73.042.962/0001-87;2013;7;12
2013-07-05;blancanieves;E1500499000000;ficção;bélgica;13970;186353.11;tag cultural distribuidora de filmes ltda;173.0;03.599.148/0001-82;2013;7;5
2013-07-05;despicable me 2;E1402520000000;animação;estados unidos;55072;255720.05;columbia tristar filmes do brasil ltda;84.0;00.979.601/0001-98;2013;7;5
2013-07-05;despicable me 2;E1402520000000;animação;estados unidos;6942256;80385128.0;paramount pictures brasil distribuidora de filmes ltda;169.0;27.654.722/0001-16;2013;7;5
2013-07-05;despicable me 2;E1402520000000;animação;estados unidos;1412;15749.87;universal pictures international brazil ltda.;33787.0;24.810.280/0001-61;2013;7;5
2013-07-05;dossiê jango;B1301760500000;documentário;brasil;8097;96523.98;canal brazil s/a;1500.0;02.608.224/0001-06;2013;7;5
2013-07-05;hannah arendt;E1500843800000;ficção;alemanha;134055;1639070.9;esfera produções culturais eireli;18039.0;11.579.388/0001-43;2013;7;5
2013-07-05;now you see me;E1500616700000;ficção;estados unidos;1330675;16041217.83;sm distribuidora de filmes ltda;11922.0;08.257.054/0001-49;2013;7;5
2013-07-05;une estonienne à paris;E1500842800000;ficção;frança;16379;195115.95;esfera produções culturais eireli;18039.0;11.579.388/0001-43;2013;7;5
2013-06-28;l'écume des jours;E1402641100000;ficção;frança;50559;495198.7;providence distribuidora de filmes ltda;12443.0;08.656.129/0001-64;2013;6;28
2013-06-28;los amantes pasajeros;E1500616800000;ficção;espanha;127207;1592247.68;sm distribuidora de filmes ltda;11922.0;08.257.054/0001-49;2013;6;28
2013-06-28;scary movie 5;E1500411300000;ficção;estados unidos;565151;5865472.91;wmix distribuidora ltda.;1935.0;03.918.609/0001-32;2013;6;28
2013-06-28;tabu;B1201639800000;ficção;brasil;22745;246246.07;circuito cinearte ltda;1083.0;01.425.583/0001-65;2013;6;28
2013-06-28;world war z;E1402644700000;ficção;estados unidos;2587204;33316551.0;paramount pictures brasil distribuidora de filmes ltda;169.0;27.654.722/0001-16;2013;6;28
2013-06-26;hora menos;E1600589300000;ficção;venezuela;201;1696.0;panda filmes ltda;941.0;04.980.287/0001-14;2013;6;26
2013-06-21;chamada a cobrar;B1201671000000;ficção;brasil;527;6479.84;gullane entretenimento s.a.;848.0;01.378.559/0001-12;2013;6;21
2013-06-21;juan de los muertos;E1500499600000;ficção;cuba;2296;29960.06;reserva nacional distribuidora de filmes ltda.;11868.0;08.346.733/0001-94;2013;6;21
2013-06-21;juan de los muertos;E1500499600000;ficção;cuba;2518;33760.06;tag cultural distribuidora de filmes ltda;173.0;03.599.148/0001-82;2013;6;21
2013-06-21;les adieux à la reine;E1600160800000;ficção;espanha;24398;272507.89;mares filmes eireli;6418.0;07.257.887/0001-47;2013;6;21
2013-06-21;minha mãe é uma peça;B1301808100000;ficção;brasil;4604770;49567251.98;freespirit distribuidora de filmes ltda.;4904.0;07.616.202/0001-01;2013;6;21
2013-06-21;monsters university;E1600159600000;animação;estados unidos;3292806;36966520.0;the walt disney company (brasil) ltda.;18398.0;73.042.962/0001-87;2013;6;21
2013-06-21;the place beyond the pines;E1600159500000;ficção;estados unidos;22354;301148.93;sm distribuidora de filmes ltda;11922.0;08.257.054/0001-49;2013;6;21
2013-06-21;una noche;E1600159900000;ficção;cuba;1243;13093.6;cinematográfica polifilmes ltda-me;2550.0;60.469.871/0001-80;2013;6;21
2013-06-14;a memória que me contam;B1201661300000;ficção;brasil;6834;74994.64;reserva nacional distribuidora de filmes ltda.;11868.0;08.346.733/0001-94;2013;6;14
2013-06-14;before midnight;E1600233600000;ficção;estados unidos;110520;1507834.19;diamond films do brasil produção e distribuição audiovisual ltda.;22724.0;17.095.184/0001-13;2013;6;14
2013-06-14;gambit;E1600159800000;ficção;estados unidos;32706;398841.67;sm distribuidora de filmes ltda;11922.0;08.257.054/0001-49;2013;6;14
2013-06-14;noites de reis;B1201677000000;ficção;brasil;316;3613.6;e.h. filmes ltda;461.0;00.338.948/0001-51;2013;6;14
2013-06-14;peace, love & misunderstanding;E1500425000000;ficção;estados unidos;4359;52500.51;wmix distribuidora ltda.;1935.0;03.918.609/0001-32;2013;6;14
2013-06-14;pra lá do mundo;B1301803700000;documentário;brasil;1827;11688.05;providence distribuidora de filmes ltda;12443.0;08.656.129/0001-64;2013;6;14
2013-06-14;star trek into the darkness;E1402518300000;ficção;estados unidos;803146;11500353.0;paramount pictures brasil distribuidora de filmes ltda;169.0;27.654.722/0001-16;2013;6;14
2013-06-14;stoker;E1500676800000;ficção;estados unidos;12547;143922.0;fox film do brasil ltda;256.0;33.110.420/0001-80;2013;6;14
2013-06-07;after earth;E1500782300000;ficção;estados unidos;1293122;13829228.75;columbia tristar filmes do brasil ltda;84.0;00.979.601/0001-98;2013;6;7
2013-06-07;as hiper mulheres;B1101473600000;documentário;brasil;1026;9087.22;vitrine filmes ltda;16713.0;11.620.976/0001-83;2013;6;7
2013-06-07;mundo invisível;B1201709400000;ficção;brasil;2752;32637.24;reserva nacional distribuidora de filmes ltda.;11868.0;08.346.733/0001-94;2013;6;7
2013-06-07;odeio o dia dos namorados;B1301781700000;ficção;brasil;457523;4492895.0;the walt disney company (brasil) ltda.;18398.0;73.042.962/0001-87;2013;6;7
2013-06-07;reus;B1101438100000;ficção;brasil;37;374.0;panda filmes ltda;941.0;04.980.287/0001-14;2013;6;7
2013-06-07;réquiem para laura martin;B1101493300000;ficção;brasil;120;1276.99;fm produções ltda;21461.0;15.281.532/0001-11;2013;6;7
2013-06-07;the great gatsby;E1500165000000;ficção;estados unidos;313095;4798127.0;warner bros. (south) inc.;265.0;33.015.827/0001-28;2013;6;7
2013-06-07;under the rainbow;E1600186500000;ficção;frança;10724;115897.99;providence distribuidora de filmes ltda;12443.0;08.656.129/0001-64;2013;6;7
2013-05-31;carreras;B1301812000000;ficção;brasil;17103;76447.52;sirino e silvestre ltda-me;2234.0;00.487.854/0001-44;2013;5;31
2013-05-31;escape from planet earth;E1600233800000;animação;canadá;161315;2096099.5;diamond films do brasil produção e distribuição audiovisual ltda.;22724.0;17.095.184/0001-13;2013;5;31
2013-05-31;trois mondes;E1600189100000;ficção;frança;1455;21633.92;tag cultural distribuidora de filmes ltda;173.0;03.599.148/0001-82;2013;5;31
2013-05-30;camille rewinds;E1600160500000;ficção;frança;13792;167472.21;tag cultural distribuidora de filmes ltda;173.0;03.599.148/0001-82;2013;5;30
2013-05-30;faroeste caboclo;B1301803100000;ficção;brasil;1469772;15560125.66;cannes produções s/a;2250.0;72.672.017/0001-04;2013;5;30
2013-05-30;meu amigo claudia;B0901022000000;documentário;brasil;248;3591.06;festival filmes ltda. - me;16538.0;10.261.046/0001-18;2013;5;30
2013-05-30;the hangover iii;E1500576500000;ficção;estados unidos;3214071;35154099.0;warner bros. (south) inc.;265.0;33.015.827/0001-28;2013;5;30
2013-05-24;artigas (artigas, la redota);B1301712400000;ficção;brasil;2318;22519.74;panda filmes ltda;941.0;04.980.287/0001-14;2013;5;24
2013-05-24;bir zamanlar anadolu'da;E1600159400000;ficção;turquia;3014;16345.0;mostra internacional de cinema ltda;1797.0;52.009.305/0001-68;2013;5;24
2013-05-24;bonitinha mas ordinária;B1301739100000;ficção;brasil;13997;139529.27;antonio fernandes filmes ltda;532.0;02.668.665/0001-01;2013;5;24
2013-05-24;fast & furious 6;E1402488400000;ficção;estados unidos;343;1771.0;columbia tristar filmes do brasil ltda;84.0;00.979.601/0001-98;2013;5;24
2013-05-24;fast & furious 6;E1402488400000;ficção;estados unidos;4521598;49147494.0;paramount pictures brasil distribuidora de filmes ltda;169.0;27.654.722/0001-16;2013;5;24
2013-05-24;olhe pra mim de novo;B1101505000000;documentário;brasil;1492;6265.7;paleoteve produção cultural ltda;4958.0;67.619.171/0001-74;2013;5;24
2013-05-24;populaire;E1600160200000;ficção;bélgica;28211;339972.78;sm distribuidora de filmes ltda;11922.0;08.257.054/0001-49;2013;5;24
2013-05-24;the company you keep;E1500413300000;ficção;estados unidos;60564;870536.5;wmix distribuidora ltda.;1935.0;03.918.609/0001-32;2013;5;24
2013-05-17;21 & over;E1500412500000;ficção;estados unidos;186073;1903975.2;wmix distribuidora ltda.;1935.0;03.918.609/0001-32;2013;5;17
2013-05-17;dos más dos;E1600563800000;ficção;argentina;24294;310554.58;sm distribuidora de filmes ltda;11922.0;08.257.054/0001-49;2013;5;17
2013-05-17;epic;E1500379800000;animação;estados unidos;1371414;16667248.0;fox film do brasil ltda;256.0;33.110.420/0001-80;2013;5;17
2013-05-17;giovanni improtta;B1301795000000;ficção;brasil;188500;1964782.2;columbia tristar filmes do brasil ltda;84.0;00.979.601/0001-98;2013;5;17
2013-05-17;l'homme qui rit;E1500523900000;ficção;frança;16621;204416.65;esfera produções culturais eireli;18039.0;11.579.388/0001-43;2013;5;17
2013-05-17;raça;B1301784200000;documentário;brasil;2112;24601.55;circuito cinearte ltda;1083.0;01.425.583/0001-65;2013;5;17
2013-05-17;side effects;E1600664400000;ficção;estados unidos;128737;1731450.5;diamond films do brasil produção e distribuição audiovisual ltda.;22724.0;17.095.184/0001-13;2013;5;17
2013-05-17;the texas chainsaw massacre - the beginning;E1500171800000;ficção;estados unidos;142249;1866317.39;cannes produções s/a;2250.0;72.672.017/0001-04;2013;5;17
2013-05-12;vous n'avez encore rien vu;E1500715900000;ficção;frança;9225;111744.54;tag cultural distribuidora de filmes ltda;173.0;03.599.148/0001-82;2013;5;12
2013-05-10;amorosa soledad;E1500541100000;ficção;argentina;11473;130421.0;esfera produções culturais eireli;18039.0;11.579.388/0001-43;2013;5;10
2013-05-10;cores;B1301794500000;ficção;brasil;2376;21972.6;providence distribuidora de filmes ltda;12443.0;08.656.129/0001-64;2013;5;10
2013-05-10;cru;B1201660700000;ficção;brasil;496;4752.93;cinema cinema producoes artisticas e culturais ltda;21101.0;10.501.870/0001-06;2013;5;10
2013-05-10;elena;B1201704900000;documentário;brasil;58775;702215.83;circuito cinearte ltda;1083.0;01.425.583/0001-65;2013;5;10
2013-05-10;identity thief;E1500762300000;ficção;estados unidos;166796;1817708.0;paramount pictures brasil distribuidora de filmes ltda;169.0;27.654.722/0001-16;2013;5;10
2013-05-10;monsieur lazhar;E1600186700000;ficção;canadá;20851;255414.93;providence distribuidora de filmes ltda;12443.0;08.656.129/0001-64;2013;5;10
2013-05-10;mário lago homem do século xx;B1402633500000;documentário;brasil;6;90.0;kompanhia teatro multimídia de são paulo;57643.0;60.740.149/0001-39;2013;5;10
2013-05-10;o que se move;B1201636000000;ficção;brasil;2131;23594.88;frederico da cruz machado - me;11990.0;03.553.092/0001-25;2013;5;10
2013-05-10;the deep blue sea;E1500423800000;ficção;estados unidos;21870;313141.9;wmix distribuidora ltda.;1935.0;03.918.609/0001-32;2013;5;10
2013-05-10;the last exorcism 2;E1600188400000;ficção;estados unidos;295326;3088553.05;playarte pictures entretenimentos ltda.;443.0;00.943.231/0001-39;2013;5;10
2013-05-03;de rouille et d'os;E1500761100000;ficção;bélgica;22620;289640.84;columbia tristar filmes do brasil ltda;84.0;00.979.601/0001-98;2013;5;3
2013-05-03;o brasil deu certo. e agora?;B1301760600000;documentário;brasil;1676;21519.41;cultura maior comunicacao e cultura ltda. - me;22903.0;97.533.170/0001-73;2013;5;3
2013-05-03;paulo moura - alma brasileira;B1301740400000;documentário;brasil;2603;31127.04;circuito cinearte ltda;1083.0;01.425.583/0001-65;2013;5;3
2013-05-03;somos tão jovens;B1301773400000;ficção;brasil;1715803;18254049.24;wmix distribuidora ltda.;1935.0;03.918.609/0001-32;2013;5;3
2013-05-03;trance;E1500927600000;ficção;estados unidos;79963;975608.0;fox film do brasil ltda;256.0;33.110.420/0001-80;2013;5;3
2013-05-03;wadjda;E1500500000000;ficção;alemanha;14931;180310.76;tag cultural distribuidora de filmes ltda;173.0;03.599.148/0001-82;2013;5;3
2013-05-01;doméstica;B1201686600000;documentário;brasil;3269;24453.5;vitrine filmes ltda;16713.0;11.620.976/0001-83;2013;5;1
2013-04-26;2 days in new york;E1600171600000;ficção;alemanha;23262;342107.58;antonio fernandes filmes ltda;532.0;02.668.665/0001-01;2013;4;26
2013-04-26;iron man 3;E1500692600000;ficção;china;7636705;96532735.77;the walt disney company (brasil) ltda.;18398.0;73.042.962/0001-87;2013;4;26
2013-04-26;margaret mee e a flor da lua;B1201659100000;documentário;brasil;4751;55147.98;e.h. filmes ltda;461.0;00.338.948/0001-51;2013;4;26
2013-04-26;na quadrada das aguas perdidas;B1101491600000;ficção;brasil;13993;64698.13;cinematográfica polifilmes ltda-me;2550.0;60.469.871/0001-80;2013;4;26
2013-04-26;playing for keeps;E1402396500000;ficção;estados unidos;71182;894411.2;wmix distribuidora ltda.;1935.0;03.918.609/0001-32;2013;4;26
2013-04-26;reality;E1500652800000;ficção;frança;11666;144774.6;mares filmes eireli;6418.0;07.257.887/0001-47;2013;4;26
2013-04-26;something in the air;E1600161200000;ficção;frança;34332;453109.26;tag cultural distribuidora de filmes ltda;173.0;03.599.148/0001-82;2013;4;26
2013-04-26;the future;E1600190800000;ficção;alemanha;2029;15989.85;mostra internacional de cinema ltda;1797.0;52.009.305/0001-68;2013;4;26
2013-04-20;o abismo prateado;B1101490600000;ficção;brasil;11713;121369.63;vitrine filmes ltda;16713.0;11.620.976/0001-83;2013;4;20
2013-04-19;coração do brasil;B1201622100000;documentário;brasil;631;5815.14;providence distribuidora de filmes ltda;12443.0;08.656.129/0001-64;2013;4;19
2013-04-19;evil dead;E1600189300000;ficção;estados unidos;355672;4073816.5;columbia tristar filmes do brasil ltda;84.0;00.979.601/0001-98;2013;4;19
2013-04-19;ginger & rosa;E1600234500000;ficção;canadá;8021;106631.65;sm distribuidora de filmes ltda;11922.0;08.257.054/0001-49;2013;4;19
2013-04-19;meu pé de laranja lima;B1301743100000;ficção;brasil;74793;688008.73;reserva nacional distribuidora de filmes ltda.;11868.0;08.346.733/0001-94;2013;4;19
2013-04-19;querida, voy a comprar cigarrillos y vuelvo;E1500541300000;ficção;argentina;13366;172825.0;esfera produções culturais eireli;18039.0;11.579.388/0001-43;2013;4;19
2013-04-19;safe haven;E1500411200000;ficção;estados unidos;120318;1403094.77;wmix distribuidora ltda.;1935.0;03.918.609/0001-32;2013;4;19
2013-04-19;snitch;E1600171500000;ficção;emirados árabes unidos;189204;1982652.78;playarte pictures entretenimentos ltda.;443.0;00.943.231/0001-39;2013;4;19
2013-04-19;sorelle mai;E1600159300000;documentário;itália;2172;26270.85;mostra internacional de cinema ltda;1797.0;52.009.305/0001-68;2013;4;19
2013-04-18;hoje;B1201582200000;ficção;brasil;7525;88488.0;h2o distribuidora de filmes ltda;21541.0;15.372.472/0001-42;2013;4;18
2013-04-12;angie;B1301759600000;ficção;brasil;9115;99349.14;h2o distribuidora de filmes ltda;21541.0;15.372.472/0001-42;2013;4;12
2013-04-12;bullet to the head;E1500411800000;ficção;estados unidos;77120;822807.34;wmix distribuidora ltda.;1935.0;03.918.609/0001-32;2013;4;12
2013-04-12;confession d'un enfant du siecle;E1600178800000;ficção;alemanha;4220;48513.02;tag cultural distribuidora de filmes ltda;173.0;03.599.148/0001-82;2013;4;12
2013-04-12;juan e a bailarina;B1301731400000;ficção;brasil;4256;50125.34;vilacine serviços cinematográficos s.a.;18499.0;11.276.047/0001-07;2013;4;12
2013-04-12;la nana;E1500841300000;ficção;chile;6805;85925.0;esfera produções culturais eireli;18039.0;11.579.388/0001-43;2013;4;12
2013-04-12;o carteiro;B1201693000000;ficção;brasil;4326;40853.73;turning point producoes eireli;68.0;00.325.903/0001-42;2013;4;12
2013-04-12;oblivion;E1402516400000;ficção;estados unidos;1047781;11830879.0;paramount pictures brasil distribuidora de filmes ltda;169.0;27.654.722/0001-16;2013;4;12
2013-04-12;the call;E1600234600000;ficção;estados unidos;101407;1265673.62;diamond films do brasil produção e distribuição audiovisual ltda.;22724.0;17.095.184/0001-13;2013;4;12
2013-04-06;keep the lights on;E1600190900000;ficção;estados unidos;6443;60326.55;zeta filmes ltda;22936.0;02.469.679/0001-98;2013;4;6
2013-04-05;dormant beauty;E1500855500000;ficção;itália;12221;137002.79;antonio fernandes filmes ltda;532.0;02.668.665/0001-01;2013;4;5
2013-04-05;in another country;E1500873200000;ficção;coréia do sul;23888;292111.19;providence distribuidora de filmes ltda;12443.0;08.656.129/0001-64;2013;4;5
2013-04-05;mama;E1402579300000;ficção;estados unidos;677129;7449880.0;paramount pictures brasil distribuidora de filmes ltda;169.0;27.654.722/0001-16;2013;4;5
2013-04-05;olympus has fallen;E1600161100000;ficção;estados unidos;522444;6207213.7;sm distribuidora de filmes ltda;11922.0;08.257.054/0001-49;2013;4;5
2013-04-05;therese desqueyroux;E1500522000000;ficção;frança;28094;341084.25;tag cultural distribuidora de filmes ltda;173.0;03.599.148/0001-82;2013;4;5
2013-04-05;uma história de amor e fúria;B1201580500000;animação;brasil;30679;297396.48;cannes produções s/a;2250.0;72.672.017/0001-04;2013;4;5
2013-03-29;adieu berthe - l'enterrement de mémé;E1600179600000;ficção;frança;2845;32839.5;mares filmes eireli;6418.0;07.257.887/0001-47;2013;3;29
2013-03-29;bienvenue parmi nous;E1500498800000;ficção;frança;12011;143339.06;tag cultural distribuidora de filmes ltda;173.0;03.599.148/0001-82;2013;3;29
2013-03-29;dans la maison;E1600177200000;ficção;frança;56397;752191.12;antonio fernandes filmes ltda;532.0;02.668.665/0001-01;2013;3;29
2013-03-29;el último elvis;E1600189000000;ficção;argentina;6321;72935.19;sm distribuidora de filmes ltda;11922.0;08.257.054/0001-49;2013;3;29
2013-03-29;g.i. joe: retaliation;E1402516600000;ficção;estados unidos;1441120;18871878.0;paramount pictures brasil distribuidora de filmes ltda;169.0;27.654.722/0001-16;2013;3;29
2013-03-29;jack the giant slayer;E1500259200000;ficção;estados unidos;940169;11801039.0;warner bros. (south) inc.;265.0;33.015.827/0001-28;2013;3;29
2013-03-29;kátia;B1201583500000;documentário;brasil;747;6899.22;em foco multimídia produções ltda - baixado;1134.0;00.733.392/0001-06;2013;3;29
2013-03-29;o dia que durou 21 anos;B1201626900000;documentário;brasil;25085;262474.4;pequi filmes ltda;5446.0;06.247.686/0001-04;2013;3;29
2013-03-29;rânia;B1101519300000;ficção;brasil;971;9544.24;tucumán distribuidora de filmes ltda;16132.0;10.681.698/0001-01;2013;3;29
2013-03-29;the host;E1500413500000;ficção;estados unidos;482104;5126471.25;wmix distribuidora ltda.;1935.0;03.918.609/0001-32;2013;3;29
2013-03-29;titeuf, le film;E1600190700000;animação;frança;515;6711.42;cannes produções s/a;2250.0;72.672.017/0001-04;2013;3;29
2013-03-22;fora do figurino;B1201603300000;documentário;brasil;686;8476.09;raiz distribuidora audiovisual ltda.;11792.0;08.331.280/0001-22;2013;3;22
2013-03-22;parker;E1600191300000;ficção;estados unidos;95803;1081012.26;sm distribuidora de filmes ltda;11922.0;08.257.054/0001-49;2013;3;22
2013-03-22;snezhnaya koroleva;E1402707400000;animação;rússia;141758;2055497.52;playarte pictures entretenimentos ltda.;443.0;00.943.231/0001-39;2013;3;22
2013-03-22;the croods;E1500588700000;animação;estados unidos;2794771;33635647.0;fox film do brasil ltda;256.0;33.110.420/0001-80;2013;3;22
2013-03-22;the croods;E1500588700000;animação;estados unidos;436;3907.0;the walt disney company (brasil) ltda.;18398.0;73.042.962/0001-87;2013;3;22
2013-03-22;the hunt;E1500255600000;ficção;dinamarca;59358;746779.97;antonio fernandes filmes ltda;532.0;02.668.665/0001-01;2013;3;22
2013-03-22;vai que dá certo;B1301733000000;ficção;brasil;2729396;28991183.92;wmix distribuidora ltda.;1935.0;03.918.609/0001-32;2013;3;22
2013-03-15;a busca;B1301751900000;ficção;brasil;352914;3686889.75;freespirit distribuidora de filmes ltda.;4904.0;07.616.202/0001-01;2013;3;15
2013-03-15;after lucia;E1600172200000;ficção;frança;7514;81860.85;tag cultural distribuidora de filmes ltda;173.0;03.599.148/0001-82;2013;3;15
2013-03-15;anna karenina;E1402516300000;ficção;estados unidos;158855;2185675.0;paramount pictures brasil distribuidora de filmes ltda;169.0;27.654.722/0001-16;2013;3;15
2013-03-15;broken city;E1500411000000;ficção;estados unidos;131423;1721543.6;wmix distribuidora ltda.;1935.0;03.918.609/0001-32;2013;3;15
2013-03-15;cendres et sang;E1600556300000;ficção;frança;572;6816.35;mostra internacional de cinema ltda;1797.0;52.009.305/0001-68;2013;3;15
2013-03-15;deadfall;E1500803400000;ficção;estados unidos;99473;1078200.61;playarte pictures entretenimentos ltda.;443.0;00.943.231/0001-39;2013;3;15
2013-03-15;francisco brennand;B1301755800000;documentário;brasil;19;108.0;circuito cinearte ltda;1083.0;01.425.583/0001-65;2013;3;15
2013-03-15;francisco brennand;B1301755800000;documentário;brasil;5277;53636.09;videofilmes produções artística ltda;276.0;31.179.864/0001-46;2013;3;15
2013-03-15;pieta;E1600178700000;ficção;coréia do sul;4529;45042.54;antonio fernandes filmes ltda;532.0;02.668.665/0001-01;2013;3;15
2013-03-15;super nada;B1101521000000;ficção;brasil;2842;29434.12;frederico da cruz machado - me;11990.0;03.553.092/0001-25;2013;3;15
2013-03-14;filme jardim atlântico;B1301783300000;ficção;brasil;1235;5677.85;william cubits capela;4946.0;05.246.567/0001-66;2013;3;14
2013-03-13;saving mr banks;E1402444600000;ficção;austrália;46933;816004.0;the walt disney company (brasil) ltda.;18398.0;73.042.962/0001-87;2013;3;13
2013-03-08;in the fog;E1600172100000;ficção;alemanha;3652;29479.7;mostra internacional de cinema ltda;1797.0;52.009.305/0001-68;2013;3;8
2013-03-08;killer joe;E1600179500000;ficção;estados unidos;13212;147498.3;antonio fernandes filmes ltda;532.0;02.668.665/0001-01;2013;3;8
2013-03-08;love is all you need;E1600188700000;ficção;alemanha;91487;1103546.45;serendip filmes ltda;4626.0;06.911.780/0001-08;2013;3;8
2013-03-08;mulheres africanas a rede invisível;B1201672800000;documentário;brasil;521;6178.5;sp serviços cinevideo ltda;21161.0;02.188.743/0001-62;2013;3;8
2013-03-08;oz the great and powerful;E1600191100000;ficção;estados unidos;1914246;24165196.0;the walt disney company (brasil) ltda.;18398.0;73.042.962/0001-87;2013;3;8
2013-03-08;quartet;E1600234800000;ficção;reino unido;80171;901760.42;diamond films do brasil produção e distribuição audiovisual ltda.;22724.0;17.095.184/0001-13;2013;3;8
2013-03-08;stand up guys;E1600188500000;ficção;estados unidos;38993;479275.5;sm distribuidora de filmes ltda;11922.0;08.257.054/0001-49;2013;3;8
2013-03-08;the angel's share;E1600172500000;ficção;bélgica;25886;312139.58;tag cultural distribuidora de filmes ltda;173.0;03.599.148/0001-82;2013;3;8
2013-03-01;beautiful creatures;E1600191500000;ficção;estados unidos;854947;8794578.61;sm distribuidora de filmes ltda;11922.0;08.257.054/0001-49;2013;3;1
2013-03-01;cesare deve morire;E1500725000000;ficção;itália;13610;154771.81;mares filmes eireli;6418.0;07.257.887/0001-47;2013;3;1
2013-03-01;colegas;B1201660900000;ficção;brasil;163736;1722193.23;cannes produções s/a;2250.0;72.672.017/0001-04;2013;3;1
2013-03-01;hitchcock;E1500620500000;ficção;estados unidos;67063;938912.0;fox film do brasil ltda;256.0;33.110.420/0001-80;2013;3;1
2013-03-01;red dawn;E1500411900000;ficção;estados unidos;89261;909190.2;wmix distribuidora ltda.;1935.0;03.918.609/0001-32;2013;3;1
2013-03-01;the door;E1600178900000;ficção;alemanha;12007;120210.05;antonio fernandes filmes ltda;532.0;02.668.665/0001-01;2013;3;1
2013-02-22;a good day to die hard;E1402596100000;ficção;estados unidos;1538081;17325098.0;fox film do brasil ltda;256.0;33.110.420/0001-80;2013;2;22
2013-02-22;américa;B1201604900000;ficção;brasil;307;3422.0;panda filmes ltda;941.0;04.980.287/0001-14;2013;2;22
2013-02-22;beasts of the southern wild;E1500412900000;ficção;estados unidos;92987;1133435.16;wmix distribuidora ltda.;1935.0;03.918.609/0001-32;2013;2;22
2013-02-22;cirque du soleil - worlds away;E1500892600000;ficção;estados unidos;66126;910770.0;paramount pictures brasil distribuidora de filmes ltda;169.0;27.654.722/0001-16;2013;2;22
2013-02-22;lay the favorite;E1600190100000;ficção;estados unidos;14484;156048.69;sm distribuidora de filmes ltda;11922.0;08.257.054/0001-49;2013;2;22
2013-02-22;segredos da tribo;B1201698400000;documentário;brasil;775;6272.0;zazen produções audiovisuais ltda.;611.0;01.803.185/0001-35;2013;2;22
2013-02-15;the sessions;E1500452600000;ficção;estados unidos;31832;356545.0;fox film do brasil ltda;256.0;33.110.420/0001-80;2013;2;15
2013-02-15;zero dark thirty;E1500412000000;ficção;estados unidos;205909;2707452.2;wmix distribuidora ltda.;1935.0;03.918.609/0001-32;2013;2;15
2013-02-08;a luz do tom;B1101405200000;documentário;brasil;8831;94502.95;bretz filmes distribuidora e produtora ltda - epp;19243.0;39.079.678/0001-47;2013;2;8
2013-02-08;a monkey on my shoulder;E1600161300000;ficção;argentina;22109;253704.12;tag cultural distribuidora de filmes ltda;173.0;03.599.148/0001-82;2013;2;8
2013-02-08;en kongelig affære;E1600179100000;ficção;dinamarca;71464;909302.31;unifilmes distribuidora, importadora e exportadora de filmes ltda;17810.0;12.452.477/0001-97;2013;2;8
2013-02-08;fire with fire;E1402714200000;ficção;estados unidos;87979;955020.91;playarte pictures entretenimentos ltda.;443.0;00.943.231/0001-39;2013;2;8
2013-02-08;flight;E1402546900000;ficção;estados unidos;551991;6793308.0;paramount pictures brasil distribuidora de filmes ltda;169.0;27.654.722/0001-16;2013;2;8
2013-02-08;las aventuras de tadeo jones;E1402668400000;animação;espanha;601773;7591639.0;paramount pictures brasil distribuidora de filmes ltda;169.0;27.654.722/0001-16;2013;2;8
2013-02-08;movie 43;E1500413200000;ficção;estados unidos;112922;1216286.81;wmix distribuidora ltda.;1935.0;03.918.609/0001-32;2013;2;8
2013-02-08;tainá - a origem;B1301712200000;ficção;brasil;353690;3099476.47;freespirit distribuidora de filmes ltda.;4904.0;07.616.202/0001-01;2013;2;8
2013-02-08;warm bodies;E1500936000000;ficção;canadá;497544;5052677.89;sm distribuidora de filmes ltda;11922.0;08.257.054/0001-49;2013;2;8
2013-02-07;music never stopped, the;E1402642300000;ficção;estados unidos;10343;111854.94;cannes produções s/a;2250.0;72.672.017/0001-04;2013;2;7
2013-02-01;a haunted house;E1600389600000;ficção;estados unidos;924582;9919960.33;playarte pictures entretenimentos ltda.;443.0;00.943.231/0001-39;2013;2;1
2013-02-01;gangster squad;E1500577100000;ficção;estados unidos;187072;2047478.0;warner bros. (south) inc.;265.0;33.015.827/0001-28;2013;2;1
2013-02-01;jorge mautner - o filho do holocausto;B1201703500000;documentário;brasil;9690;102831.13;h2o distribuidora de filmes ltda;21541.0;15.372.472/0001-42;2013;2;1
2013-02-01;les misérables;E1402516200000;ficção;estados unidos;794495;9753321.0;paramount pictures brasil distribuidora de filmes ltda;169.0;27.654.722/0001-16;2013;2;1
2013-02-01;silver linings playbook;E1600171900000;ficção;estados unidos;1338808;16138450.2;sm distribuidora de filmes ltda;11922.0;08.257.054/0001-49;2013;2;1
2013-01-25;cave of forgotten dreams;E1600191600000;documentário;alemanha;28259;250718.79;zeta filmes ltda;22936.0;02.469.679/0001-98;2013;1;25
2013-01-25;hansel & gretel: witch hunters;E1402520100000;ficção;alemanha;3716292;48664690.0;paramount pictures brasil distribuidora de filmes ltda;169.0;27.654.722/0001-16;2013;1;25
2013-01-25;lincoln;E1600161500000;ficção;estados unidos;793939;9868301.0;fox film do brasil ltda;256.0;33.110.420/0001-80;2013;1;25
2013-01-25;o país do desejo;B1101445400000;ficção;brasil;1699;18039.76;antonio fernandes filmes ltda;532.0;02.668.665/0001-01;2013;1;25
2013-01-25;stolen;E1600189900000;ficção;estados unidos;212021;2305931.49;antonio fernandes filmes ltda;532.0;02.668.665/0001-01;2013;1;25
2013-01-25;the master;E1600188600000;ficção;estados unidos;74640;976899.97;sm distribuidora de filmes ltda;11922.0;08.257.054/0001-49;2013;1;25
2013-01-18;amour;E1500667700000;ficção;frança;224275;2656756.91;tag cultural distribuidora de filmes ltda;173.0;03.599.148/0001-82;2013;1;18
2013-01-18;code name: geronimo;E1600557400000;ficção;estados unidos;14363;193156.54;playarte pictures entretenimentos ltda.;443.0;00.943.231/0001-39;2013;1;18
2013-01-18;django unchained;E1600170700000;ficção;estados unidos;1143428;14179336.85;columbia tristar filmes do brasil ltda;84.0;00.979.601/0001-98;2013;1;18
2013-01-18;sammy's avonturen 2;E1600161600000;animação;bélgica;280445;3240815.0;warner bros. (south) inc.;265.0;33.015.827/0001-28;2013;1;18
2013-01-18;the last stand;E1500782600000;ficção;estados unidos;452391;4659512.96;sm distribuidora de filmes ltda;11922.0;08.257.054/0001-49;2013;1;18
2013-01-11;barbara;E1500788200000;ficção;alemanha;36892;424139.23;providence distribuidora de filmes ltda;12443.0;08.656.129/0001-64;2013;1;11
2013-01-11;beyond the hills;E1600190400000;ficção;bulgária;13320;148751.0;antonio fernandes filmes ltda;532.0;02.668.665/0001-01;2013;1;11
2013-01-11;cloud atlas;E1500412300000;ficção;alemanha;836311;9633794.29;wmix distribuidora ltda.;1935.0;03.918.609/0001-32;2013;1;11
2013-01-11;jack reacher;E1402578900000;ficção;estados unidos;479425;5644844.0;paramount pictures brasil distribuidora de filmes ltda;169.0;27.654.722/0001-16;2013;1;11
2013-01-11;parental guidance;E1500452500000;ficção;estados unidos;714444;6914870.0;fox film do brasil ltda;256.0;33.110.420/0001-80;2013;1;11
2013-01-11;sacrifice;E1600177300000;ficção;china;1850;18714.5;antonio fernandes filmes ltda;532.0;02.668.665/0001-01;2013;1;11
2013-01-04;le prénom;E1500842000000;ficção;frança;42343;558288.89;esfera produções culturais eireli;18039.0;11.579.388/0001-43;2013;1;4
2013-01-04;na carne e na alma;B1101483900000;ficção;brasil;207;1630.0;raconto producoes artisticas ltda;13044.0;09.095.244/0001-70;2013;1;4
2013-01-04;o som ao redor;B1201698500000;ficção;brasil;95845;982725.3;vitrine filmes ltda;16713.0;11.620.976/0001-83;2013;1;4
2013-01-04;paris-manhattan;E1500652700000;ficção;frança;202;1312.0;mares filmes eireli;6418.0;07.257.887/0001-47;2013;1;4
2013-01-04;paris-manhattan;E1500652700000;ficção;frança;59296;645978.56;unifilmes distribuidora, importadora e exportadora de filmes ltda;17810.0;12.452.477/0001-97;2013;1;4
2013-01-04;seven psychopaths;E1600190000000;ficção;reino unido;45429;526909.26;sm distribuidora de filmes ltda;11922.0;08.257.054/0001-49;2013;1;4
2013-01-04;the other son;E1600172400000;ficção;frança;19507;253726.81;tag cultural distribuidora de filmes ltda;173.0;03.599.148/0001-82;2013;1;4
2013-01-04;wreck-it ralph;E1500701000000;animação;estados unidos;3639928;43007878.0;the walt disney company (brasil) ltda.;18398.0;73.042.962/0001-87;2013;1;4
2012-12-28;de pernas pro ar 2;B1201676800000;ficção;brasil;4846317;50312354.36;freespirit distribuidora de filmes ltda.;4904.0;07.616.202/0001-01;2012;12;28
2012-12-28;no;E1500676000000;ficção;chile;75152;852233.78;tag cultural distribuidora de filmes ltda;173.0;03.599.148/0001-82;2012;12;28
2012-12-25;brichos - a floresta é nossa;B1201627800000;animação;brasil;16603;134147.41;tecnokena audiovisual e multimidia eireli;1494.0;02.585.713/0001-90;2012;12;25
2012-12-21;a happy event;E1600167500000;ficção;bélgica;2308;22083.21;antonio fernandes filmes ltda;532.0;02.668.665/0001-01;2012;12;21
2012-12-21;arbitrage;E1500411600000;ficção;estados unidos;177353;2341838.24;wmix distribuidora ltda.;1935.0;03.918.609/0001-32;2012;12;21
2012-12-21;hahaha;E1600189800000;ficção;coréia do sul;10749;111719.93;providence distribuidora de filmes ltda;12443.0;08.656.129/0001-64;2012;12;21
2012-12-21;la mirada invisible;E1500841800000;ficção;argentina;6244;74646.0;esfera produções culturais eireli;18039.0;11.579.388/0001-43;2012;12;21
2012-12-21;le quattro volte;E1600221200000;ficção;alemanha;5663;61162.74;mostra internacional de cinema ltda;1797.0;52.009.305/0001-68;2012;12;21
2012-12-21;life of pi;E1500452400000;ficção;estados unidos;2227413;22506958.78;fox film do brasil ltda;256.0;33.110.420/0001-80;2012;12;21
2012-12-21;the impossible;E1600234900000;ficção;espanha;668361;7546043.21;sm distribuidora de filmes ltda;11922.0;08.257.054/0001-49;2012;12;21
2012-12-21;viudas;E1500345900000;ficção;argentina;11581;119764.15;tag cultural distribuidora de filmes ltda;173.0;03.599.148/0001-82;2012;12;21
2012-12-14;amor en transito;E1600180700000;ficção;argentina;1902;16712.1;tucumán distribuidora de filmes ltda;16132.0;10.681.698/0001-01;2012;12;14
2012-12-14;apnea;E1500361600000;ficção;grécia;1459;13187.85;frederico da cruz machado - me;11990.0;03.553.092/0001-25;2012;12;14
2012-12-14;footnote;E1500693700000;ficção;israel;9811;104292.5;columbia tristar filmes do brasil ltda;84.0;00.979.601/0001-98;2012;12;14
2012-12-14;liv & ingmar;E1600190600000;documentário;noruega;13585;142413.79;serendip filmes ltda;4626.0;06.911.780/0001-08;2012;12;14
2012-12-14;the hobbit: an unexpected journey;E1500096500000;ficção;estados unidos;2832320;36497011.0;warner bros. (south) inc.;265.0;33.015.827/0001-28;2012;12;14
2012-12-07;alex cross;E1500365300000;ficção;estados unidos;104950;1183925.02;playarte pictures entretenimentos ltda.;443.0;00.943.231/0001-39;2012;12;7
2012-12-07;bachelorette;E1500412700000;ficção;estados unidos;137834;1499056.28;wmix distribuidora ltda.;1935.0;03.918.609/0001-32;2012;12;7
2012-12-07;bully;E1600177700000;documentário;estados unidos;708;6726.39;unifilmes distribuidora, importadora e exportadora de filmes ltda;17810.0;12.452.477/0001-97;2012;12;7
2012-12-07;house at the end of the street;E1600190500000;ficção;canadá;179873;1817292.27;sm distribuidora de filmes ltda;11922.0;08.257.054/0001-49;2012;12;7
2012-12-07;in the land of blood and honey;E1600184600000;ficção;estados unidos;7516;89991.96;sm distribuidora de filmes ltda;11922.0;08.257.054/0001-49;2012;12;7
2012-12-07;la fille du puisatier;E1600177600000;ficção;frança;18489;182655.79;unifilmes distribuidora, importadora e exportadora de filmes ltda;17810.0;12.452.477/0001-97;2012;12;7
2012-12-07;pitch perfect;E1402613400000;ficção;estados unidos;24778;251213.0;paramount pictures brasil distribuidora de filmes ltda;169.0;27.654.722/0001-16;2012;12;7
2012-12-07;take this waltz;E1500702600000;ficção;canadá;22710;275694.55;antonio fernandes filmes ltda;532.0;02.668.665/0001-01;2012;12;7
2012-11-30;celeste and jesse forever;E1500718200000;ficção;estados unidos;8977;94253.43;columbia tristar filmes do brasil ltda;84.0;00.979.601/0001-98;2012;11;30
2012-11-30;dino cazzola - uma filmografia de brasília;B1201686700000;documentário;brasil;548;5776.0;terra firme produções cinematográficas ltda;13354.0;09.260.004/0001-83;2012;11;30
2012-11-30;holy motors;E1600184500000;ficção;alemanha;15291;181433.53;tag cultural distribuidora de filmes ltda;173.0;03.599.148/0001-82;2012;11;30
2012-11-30;killing them softly;E1500209300000;ficção;estados unidos;134639;1776614.5;wmix distribuidora ltda.;1935.0;03.918.609/0001-32;2012;11;30
2012-11-30;marcelo yuka no caminho das setas;B1201673600000;documentário;brasil;2609;14967.18;tucumán distribuidora de filmes ltda;16132.0;10.681.698/0001-01;2012;11;30
2012-11-30;o manuscrito perdido;B1101377500000;documentário;brasil;145;1012.0;refinaria produções ltda.;4223.0;05.436.489/0001-62;2012;11;30
2012-11-30;os penetras;B1201681100000;ficção;brasil;2549714;25617410.0;warner bros. (south) inc.;265.0;33.015.827/0001-28;2012;11;30
2012-11-30;rise of the guardians;E1402668100000;animação;estados unidos;2173218;25043729.0;paramount pictures brasil distribuidora de filmes ltda;169.0;27.654.722/0001-16;2012;11;30
2012-11-23;construção;B1201613900000;documentário;brasil;909;10547.19;spectateur-comércio e gerenciamento ltda (baixada);1132.0;01.216.636/0001-38;2012;11;23
2012-11-23;dia de preto;B1201541400000;ficção;brasil;283;2015.0;maxie demian ltda;1417.0;03.474.898/0001-28;2012;11;23
2012-11-23;disparos;B1201652600000;ficção;brasil;5255;49491.55;h2o distribuidora de filmes ltda;21541.0;15.372.472/0001-42;2012;11;23
2012-11-23;são paulo companhia de dança;B1201686200000;documentário;brasil;39;415.0;casa azul produções artisticas ltda;2260.0;06.159.269/0001-00;2012;11;23
2012-11-23;the words;E1500209600000;ficção;estados unidos;41962;511626.4;wmix distribuidora ltda.;1935.0;03.918.609/0001-32;2012;11;23
2012-11-23;trouble with the curve;E1600162200000;ficção;estados unidos;60189;734496.0;warner bros. (south) inc.;265.0;33.015.827/0001-28;2012;11;23
2012-11-16;futuro do pretérito: tropicalismo now!;B1201646900000;documentário;brasil;730;7064.11;vitrine filmes ltda;16713.0;11.620.976/0001-83;2012;11;16
2012-11-16;muito além do peso;B1201663700000;documentário;brasil;2744;29153.99;marcos bessa nisti - me (baixado);15848.0;08.177.451/0001-00;2012;11;16
2012-11-16;white as snow;E1500307200000;ficção;turquia;160;1437.0;frederico da cruz machado - me;11990.0;03.553.092/0001-25;2012;11;16
2012-11-15;5 x pacificação;B1201617100000;documentário;brasil;6296;40665.5;h2o distribuidora de filmes ltda;21541.0;15.372.472/0001-42;2012;11;15
2012-11-15;era uma vez eu, verônica;B1201642000000;ficção;brasil;21206;214485.09;reserva nacional distribuidora de filmes ltda.;11868.0;08.346.733/0001-94;2012;11;15
2012-11-15;et maintenant on va où?;E1600167200000;ficção;frança;33350;368729.23;unifilmes distribuidora, importadora e exportadora de filmes ltda;17810.0;12.452.477/0001-97;2012;11;15
2012-11-15;the twilight saga: breaking dawn part 2;E1500545000000;ficção;estados unidos;9611474;101036288.54;sm distribuidora de filmes ltda;11922.0;08.257.054/0001-49;2012;11;15
2012-11-09;argo;E1500332200000;ficção;estados unidos;415788;5471566.0;warner bros. (south) inc.;265.0;33.015.827/0001-28;2012;11;9
2012-11-09;end of watch;E1600167100000;ficção;estados unidos;65626;703732.84;antonio fernandes filmes ltda;532.0;02.668.665/0001-01;2012;11;9
2012-11-09;espia só;B1201682400000;documentário;brasil;322;1692.0;ciclorama filmes ltda.;17471.0;12.124.611/0001-20;2012;11;9
2012-11-09;hysteria;E1500425700000;ficção;reino unido;18734;212759.9;wmix distribuidora ltda.;1935.0;03.918.609/0001-32;2012;11;9
2012-11-09;like someone in love;E1500307100000;ficção;frança;25082;313899.82;tag cultural distribuidora de filmes ltda;173.0;03.599.148/0001-82;2012;11;9
2012-11-09;peixonauta: agente secreto da o.s.t.r.a.;B1201656300000;animação;brasil;7412;71933.36;alberto bitelli international films ltda;136.0;54.881.404/0001-60;2012;11;9
2012-11-09;virando bicho;B1201667100000;documentário;brasil;980;10098.24;fraiha produções de eventos e editora ltda;298.0;00.538.914/0001-00;2012;11;9
2012-11-07;amor?;B1101362100000;ficção;brasil;19079;173145.27;elimar produções artísticas ltda;506.0;28.026.565/0001-67;2012;11;7
2012-11-07;infância clandestina;B1201674600000;ficção;brasil;33423;388666.29;reserva nacional distribuidora de filmes ltda.;11868.0;08.346.733/0001-94;2012;11;7
2012-11-02;18 comidas;E1500841200000;ficção;espanha;11321;141975.0;esfera produções culturais eireli;18039.0;11.579.388/0001-43;2012;11;2
2012-11-02;astro, uma fábula urbana em um rio de janeiro mágico;B1201670700000;ficção;brasil;733;9489.6;elo audiovisual serviços ltda;5672.0;07.700.630/0001-18;2012;11;2
2012-11-02;contos gauchescos;B1201676700000;ficção;brasil;970;8524.81;empresa cinematografica pampeana ltda;929.0;00.613.962/0001-16;2012;11;2
2012-11-02;destiny road;E1600167600000;ficção;estados unidos;293966;2659137.02;graça filmes produtora e distribuidora ltda;16514.0;11.292.373/0001-08;2012;11;2
2012-11-02;diary of a wimpy kid: dog days;E1500228100000;ficção;estados unidos;203055;1846000.5;fox film do brasil ltda;256.0;33.110.420/0001-80;2012;11;2
2012-11-02;elefante blanco;E1500575300000;ficção;argentina;51600;598568.97;sm distribuidora de filmes ltda;11922.0;08.257.054/0001-49;2012;11;2
2012-11-02;frankenweenie;E1600167300000;animação;estados unidos;258868;3685727.0;the walt disney company (brasil) ltda.;18398.0;73.042.962/0001-87;2012;11;2
2012-11-02;laurence anyways;E1500306900000;ficção;canadá;5213;57719.74;tag cultural distribuidora de filmes ltda;173.0;03.599.148/0001-82;2012;11;2
2012-11-02;magic mike;E1500412400000;ficção;estados unidos;106880;1274225.23;wmix distribuidora ltda.;1935.0;03.918.609/0001-32;2012;11;2
2012-11-02;onde a coruja dorme;B0700640600000;documentário;brasil;3649;34380.5;distribuidora de filmes s/a riofilme;105.0;68.610.302/0001-15;2012;11;2
2012-11-02;the possession;E1600166300000;ficção;estados unidos;513371;5379939.93;sm distribuidora de filmes ltda;11922.0;08.257.054/0001-49;2012;11;2
2012-11-02;the reef 2: high tide;E1600177400000;animação;estados unidos;256797;3019019.64;playarte pictures entretenimentos ltda.;443.0;00.943.231/0001-39;2012;11;2
2012-10-26;7 days in havana;E1500587600000;ficção;espanha;23141;261527.62;tag cultural distribuidora de filmes ltda;173.0;03.599.148/0001-82;2012;10;26
2012-10-26;captive;E1600420400000;ficção;alemanha;6197;56079.68;providence distribuidora de filmes ltda;12443.0;08.656.129/0001-64;2012;10;26
2012-10-26;gonzaga - de pai para filho;B1201647100000;ficção;brasil;1460641;14655325.67;freespirit distribuidora de filmes ltda.;4904.0;07.616.202/0001-01;2012;10;26
2012-10-26;skyfall;E1500274100000;ficção;estados unidos;2553352;29714512.2;columbia tristar filmes do brasil ltda;84.0;00.979.601/0001-98;2012;10;26
2012-10-23;sudoeste;B1101513200000;ficção;brasil;2810;24501.5;vitrine filmes ltda;16713.0;11.620.976/0001-83;2012;10;23
2012-10-19;and if we all lived together?;E1600184700000;ficção;alemanha;119381;1368129.59;tag cultural distribuidora de filmes ltda;173.0;03.599.148/0001-82;2012;10;19
2012-10-19;hit and run;E1600177500000;ficção;estados unidos;17434;179865.59;antonio fernandes filmes ltda;532.0;02.668.665/0001-01;2012;10;19
2012-10-19;o contestado - restos mortais;B1101457200000;documentário;brasil;2647;30907.22;spectateur-comércio e gerenciamento ltda (baixada);1132.0;01.216.636/0001-38;2012;10;19
2012-10-19;paranormal activity 4;E1402375600000;ficção;estados unidos;1197530;12298604.0;paramount pictures brasil distribuidora de filmes ltda;169.0;27.654.722/0001-16;2012;10;19
2012-10-19;perks of being a wallflower, the;E1402641300000;ficção;estados unidos;71777;793735.25;sm distribuidora de filmes ltda;11922.0;08.257.054/0001-49;2012;10;19
2012-10-19;the campaign;E1600166200000;ficção;estados unidos;37864;420829.0;warner bros. (south) inc.;265.0;33.015.827/0001-28;2012;10;19
2012-10-12;circular;B1101504000000;ficção;brasil;2068;17365.1;grafo audiovisual ltda;13715.0;09.437.566/0001-50;2012;10;12
2012-10-12;cocoricó conta clássicos;B1201663500000;ficção;brasil;2770;34233.47;mobz media s/a;19119.0;07.140.376/0001-40;2012;10;12
2012-10-12;finding nemo;E1402794700000;animação;estados unidos;163453;2128119.0;the walt disney company (brasil) ltda.;18398.0;73.042.962/0001-87;2012;10;12
2012-10-12;l'art d'aimer;E1500651500000;ficção;frança;121;968.0;mares filmes eireli;6418.0;07.257.887/0001-47;2012;10;12
2012-10-12;l'art d'aimer;E1500651500000;ficção;frança;30453;348831.35;unifilmes distribuidora, importadora e exportadora de filmes ltda;17810.0;12.452.477/0001-97;2012;10;12
2012-10-12;lawless;E1500412200000;ficção;estados unidos;107508;1335323.06;wmix distribuidora ltda.;1935.0;03.918.609/0001-32;2012;10;12
2012-10-12;moonrise kingdom;E1500282300000;ficção;estados unidos;50151;598484.0;paramount pictures brasil distribuidora de filmes ltda;169.0;27.654.722/0001-16;2012;10;12
2012-10-12;ruby sparks;E1500300100000;ficção;estados unidos;45155;552004.45;fox film do brasil ltda;256.0;33.110.420/0001-80;2012;10;12
2012-10-12;sinister;E1402650400000;ficção;estados unidos;423488;4357189.83;sm distribuidora de filmes ltda;11922.0;08.257.054/0001-49;2012;10;12
2012-10-05;até que a sorte nos separe;B1201657700000;ficção;brasil;3417510;34712891.76;sm distribuidora de filmes ltda;11922.0;08.257.054/0001-49;2012;10;5
2012-10-05;hotel transylvania;E1500435900000;animação;estados unidos;2530219;31178664.33;columbia tristar filmes do brasil ltda;84.0;00.979.601/0001-98;2012;10;5
2012-10-05;route irish;E1600177800000;ficção;reino unido;10531;123880.97;unifilmes distribuidora, importadora e exportadora de filmes ltda;17810.0;12.452.477/0001-97;2012;10;5
2012-10-05;savages;E1500121500000;ficção;estados unidos;742618;7888831.0;paramount pictures brasil distribuidora de filmes ltda;169.0;27.654.722/0001-16;2012;10;5
2012-10-05;taken 2;E1500229500000;ficção;estados unidos;938166;10208596.87;fox film do brasil ltda;256.0;33.110.420/0001-80;2012;10;5
2012-09-30;os residentes;B1101460700000;ficção;brasil;949;5159.1;vitrine filmes ltda;16713.0;11.620.976/0001-83;2012;9;30
2012-09-28;boca;B1201623700000;ficção;brasil;11959;125472.38;unifilmes distribuidora, importadora e exportadora de filmes ltda;17810.0;12.452.477/0001-97;2012;9;28
2012-09-28;looper;E1600167700000;ficção;china;440466;4600234.47;sm distribuidora de filmes ltda;11922.0;08.257.054/0001-49;2012;9;28
2012-09-21;dredd;E1402424000000;ficção;estados unidos;93903;1272984.0;sm distribuidora de filmes ltda;11922.0;08.257.054/0001-49;2012;9;21
2012-09-21;expedicionários;B1201564700000;documentário;brasil;104;546.5;outros filmes produções artísticas e cinematográfica eireli;14944.0;10.347.990/0001-92;2012;9;21
2012-09-21;ponto org;B1201566400000;ficção;brasil;79;922.0;usina digital distribuidora de filmes ltda;4591.0;04.236.555/0001-98;2012;9;21
2012-09-21;red lights;E1600184900000;ficção;espanha;97862;1032400.64;antonio fernandes filmes ltda;532.0;02.668.665/0001-01;2012;9;21
2012-09-21;ted;E1402578800000;ficção;estados unidos;1784311;18737840.0;paramount pictures brasil distribuidora de filmes ltda;169.0;27.654.722/0001-16;2012;9;21
2012-09-21;the secret of wings;E1600178100000;animação;estados unidos;455137;5703189.0;the walt disney company (brasil) ltda.;18398.0;73.042.962/0001-87;2012;9;21
2012-09-21;toutes nos envies;E1500340600000;ficção;frança;15114;182286.44;tag cultural distribuidora de filmes ltda;173.0;03.599.148/0001-82;2012;9;21
2012-09-21;à moi seule;E1600167900000;ficção;frança;3532;47745.98;tag cultural distribuidora de filmes ltda;173.0;03.599.148/0001-82;2012;9;21
2012-09-20;polisse;E1600180100000;ficção;frança;8122;79319.21;unifilmes distribuidora, importadora e exportadora de filmes ltda;17810.0;12.452.477/0001-97;2012;9;20
2012-09-14;e a vida continua;B1201586400000;ficção;brasil;370842;3880872.74;sm distribuidora de filmes ltda;11922.0;08.257.054/0001-49;2012;9;14
2012-09-14;my way;E1600185000000;ficção;bélgica;4405;41540.0;providence distribuidora de filmes ltda;12443.0;08.656.129/0001-64;2012;9;14
2012-09-14;resident evil: retribution;E1500781800000;ficção;estados unidos;1575479;19903346.5;columbia tristar filmes do brasil ltda;84.0;00.979.601/0001-98;2012;9;14
2012-09-14;the watch;E1500228700000;ficção;estados unidos;154888;1456233.59;fox film do brasil ltda;256.0;33.110.420/0001-80;2012;9;14
2012-09-14;tropicalia;B1201600900000;documentário;brasil;70995;793467.49;wmix distribuidora ltda.;1935.0;03.918.609/0001-32;2012;9;14
2012-09-13;cabra marcado para morrer;B0500327100000;documentário;brasil;1115;9402.77;mapa filmes do brasil ltda.;647.0;33.139.692/0001-02;2012;9;13
2012-09-07;abraham lincoln: vampire hunter;E1600178500000;ficção;estados unidos;1002855;11921384.32;fox film do brasil ltda;256.0;33.110.420/0001-80;2012;9;7
2012-09-07;bourne legacy, the;E1402601700000;ficção;estados unidos;393408;4741651.0;paramount pictures brasil distribuidora de filmes ltda;169.0;27.654.722/0001-16;2012;9;7
2012-09-07;cara ou coroa;B1201586300000;ficção;brasil;1;3.41;circuito cinearte ltda;1083.0;01.425.583/0001-65;2012;9;7
2012-09-07;cara ou coroa;B1201586300000;ficção;brasil;7718;83651.64;spectateur-comércio e gerenciamento ltda (baixada);1132.0;01.216.636/0001-38;2012;9;7
2012-09-07;cosmopolis;E1402599600000;ficção;canadá;46067;542649.18;wmix distribuidora ltda.;1935.0;03.918.609/0001-32;2012;9;7
2012-09-07;le moine;E1600187000000;ficção;espanha;23012;240457.65;antonio fernandes filmes ltda;532.0;02.668.665/0001-01;2012;9;7
2012-09-07;les infidèlis;E1600601500000;ficção;frança;32070;372164.4;tag cultural distribuidora de filmes ltda;173.0;03.599.148/0001-82;2012;9;7
2012-09-07;paranorman;E1402503600000;animação;estados unidos;312752;4320518.0;paramount pictures brasil distribuidora de filmes ltda;169.0;27.654.722/0001-16;2012;9;7
2012-09-07;the dinosaur project;E1600185100000;ficção;reino unido;67058;644451.41;playarte pictures entretenimentos ltda.;443.0;00.943.231/0001-39;2012;9;7
2012-09-07;totalmente inocentes;B1201593600000;ficção;brasil;525372;5378410.57;sm distribuidora de filmes ltda;11922.0;08.257.054/0001-49;2012;9;7
2012-09-04;o liberdade;B1101512800000;documentário;brasil;527;3009.0;rafael geber andreazza - me;18147.0;03.793.040/0001-26;2012;9;4
2012-08-31;intouchables;E1600186800000;ficção;frança;1082848;14091113.49;antonio fernandes filmes ltda;532.0;02.668.665/0001-01;2012;8;31
2012-08-31;rebellion;E1600196700000;ficção;frança;2871;33455.34;tag cultural distribuidora de filmes ltda;173.0;03.599.148/0001-82;2012;8;31
2012-08-31;seeking a friend for the end of the world;E1600240600000;ficção;indonésia;62839;666214.14;sm distribuidora de filmes ltda;11922.0;08.257.054/0001-49;2012;8;31
2012-08-31;the expendables 2;E1500413400000;ficção;estados unidos;3166183;33115807.0;wmix distribuidora ltda.;1935.0;03.918.609/0001-32;2012;8;31
2012-08-31;um homem qualquer;B1001312000000;ficção;brasil;1093;8811.98;pipa nativa produção cultural ltda;5467.0;05.933.574/0001-36;2012;8;31
2012-08-24;fanaa;E1600241500000;ficção;índia;1355;12518.21;bollywood filmes ltda me (baixada);20883.0;14.942.798/0001-03;2012;8;24
2012-08-24;histórias que só existem quando lembradas;B1101414400000;ficção;brasil;8824;81755.73;vitrine filmes ltda;16713.0;11.620.976/0001-83;2012;8;24
2012-08-24;ibitipoca, droba pra lá;B1201543900000;documentário;brasil;816;5318.76;frederico da cruz machado - me;11990.0;03.553.092/0001-25;2012;8;24
2012-08-24;o diário de tati;B1201628500000;ficção;brasil;206991;1788157.7;unifilmes distribuidora, importadora e exportadora de filmes ltda;17810.0;12.452.477/0001-97;2012;8;24
2012-08-24;rock of ages;E1600179400000;ficção;estados unidos;78798;867134.0;warner bros. (south) inc.;265.0;33.015.827/0001-28;2012;8;24
2012-08-24;silent house;E1500424300000;ficção;estados unidos;53864;514612.6;wmix distribuidora ltda.;1935.0;03.918.609/0001-32;2012;8;24
2012-08-24;soberano 2 - a heroica conquista de 2005;B1201652400000;documentário;brasil;14174;168992.46;g7 investimentos e participaçõoes ltda;5341.0;07.139.247/0001-32;2012;8;24
2012-08-24;the art of getting by aka homework;E1600210600000;ficção;estados unidos;7517;70064.09;unifilmes distribuidora, importadora e exportadora de filmes ltda;17810.0;12.452.477/0001-97;2012;8;24
2012-08-24;the dictator;E1402385700000;ficção;estados unidos;623259;6507875.0;paramount pictures brasil distribuidora de filmes ltda;169.0;27.654.722/0001-16;2012;8;24
2012-08-24;uma longa viagem;B1101467000000;documentário;brasil;6769;63640.26;vitrine filmes ltda;16713.0;11.620.976/0001-83;2012;8;24
2012-08-17;360°;E1600187100000;ficção;áustria;145004;1698685.32;sm distribuidora de filmes ltda;11922.0;08.257.054/0001-49;2012;8;17
2012-08-17;all that i love;E1500361500000;ficção;polônia;2088;15561.0;frederico da cruz machado - me;11990.0;03.553.092/0001-25;2012;8;17
2012-08-17;corações sujos;B1101420100000;ficção;brasil;42499;453881.02;freespirit distribuidora de filmes ltda.;4904.0;07.616.202/0001-01;2012;8;17
2012-08-17;curitiba zero grau;B1201630700000;ficção;brasil;19814;48539.96;sirino e silvestre ltda-me;2234.0;00.487.854/0001-44;2012;8;17
2012-08-17;hope springs;E1402599300000;ficção;estados unidos;590803;7205690.86;wmix distribuidora ltda.;1935.0;03.918.609/0001-32;2012;8;17
2012-08-17;la vie d'une autre;E1600186000000;ficção;bélgica;32278;352439.52;tag cultural distribuidora de filmes ltda;173.0;03.599.148/0001-82;2012;8;17
2012-08-17;le chat du rabbin;E1600208000000;animação;frança;14084;159571.5;tag cultural distribuidora de filmes ltda;173.0;03.599.148/0001-82;2012;8;17
2012-08-17;the outback;E1600186900000;animação;estados unidos;248959;3343569.85;playarte pictures entretenimentos ltda.;443.0;00.943.231/0001-39;2012;8;17
2012-08-17;total recall;E1402590500000;ficção;canadá;1149566;11678447.75;columbia tristar filmes do brasil ltda;84.0;00.979.601/0001-98;2012;8;17
2012-08-17;une bouteille a la mer;E1500841900000;ficção;frança;27998;373697.95;esfera produções culturais eireli;18039.0;11.579.388/0001-43;2012;8;17
2012-08-10;antonio conselheiro o taumaturgo dos sertões;B1101510400000;ficção;brasil;1856;14074.5;vpc cinema video produções artísticas e distribuidora de filmes ltda;2273.0;34.366.831/0001-01;2012;8;10
2012-08-10;constantino;B1201564400000;documentário;brasil;472;2933.5;outros filmes produções artísticas e cinematográfica eireli;14944.0;10.347.990/0001-92;2012;8;10
2012-08-10;it's winter;E1600240500000;ficção;frança;2472;19757.5;centro de cultura cinematográfica providence;333.0;01.368.016/0001-14;2012;8;10
2012-08-10;lol:laughing out loud;E1500419500000;ficção;estados unidos;49035;500121.66;wmix distribuidora ltda.;1935.0;03.918.609/0001-32;2012;8;10
2012-08-10;marighella;B1201622800000;documentário;brasil;5509;52880.8;freespirit distribuidora de filmes ltda.;4904.0;07.616.202/0001-01;2012;8;10
2012-08-10;the ledge;E1500491700000;ficção;estados unidos;17016;185550.33;unifilmes distribuidora, importadora e exportadora de filmes ltda;17810.0;12.452.477/0001-97;2012;8;10
2012-08-10;the minister;E1600192900000;ficção;frança;9132;105983.7;tag cultural distribuidora de filmes ltda;173.0;03.599.148/0001-82;2012;8;10
2012-08-10;à beira do caminho;B1201605900000;ficção;brasil;159184;1485080.77;fox film do brasil ltda;256.0;33.110.420/0001-80;2012;8;10
2012-08-03;31 minutos;B1201568300000;ficção;brasil;59052;428958.47;h2o distribuidora de filmes ltda;21541.0;15.372.472/0001-42;2012;8;3
2012-08-03;act of valor;E1500412600000;ficção;estados unidos;20237;240428.1;wmix distribuidora ltda.;1935.0;03.918.609/0001-32;2012;8;3
2012-08-03;bel ami;E1600179700000;ficção;itália;21112;229501.97;antonio fernandes filmes ltda;532.0;02.668.665/0001-01;2012;8;3
2012-08-03;juntos para siempre;E1500541200000;ficção;argentina;11499;141284.0;esfera produções culturais eireli;18039.0;11.579.388/0001-43;2012;8;3
2012-08-03;katy perry - part of me;E1402579400000;documentário;estados unidos;150755;2054259.0;paramount pictures brasil distribuidora de filmes ltda;169.0;27.654.722/0001-16;2012;8;3
2012-08-03;puzzled love;E1600178200000;ficção;espanha;1168;11320.45;serendip filmes ltda;4626.0;06.911.780/0001-08;2012;8;3
2012-08-03;sagrado segredo;B1101495900000;documentário;brasil;499;4723.27;cinematográfica polifilmes ltda-me;2550.0;60.469.871/0001-80;2012;8;3
2012-08-03;some like it hot;E1600185900000;ficção;estados unidos;3549;31181.62;cinemark brasil s.a;1843.0;00.779.721/0001-41;2012;8;3
2012-08-03;some like it hot;E1600185900000;ficção;estados unidos;2010;20279.5;providence distribuidora de filmes ltda;12443.0;08.656.129/0001-64;2012;8;3
2012-08-03;svet-ake;E1402771500000;ficção;frança;830;9622.0;mostra internacional de cinema ltda;1797.0;52.009.305/0001-68;2012;8;3
2012-08-03;vou rifar meu coração;B1101526700000;documentário;brasil;11081;92521.82;vitrine filmes ltda;16713.0;11.620.976/0001-83;2012;8;3
2012-08-03;what to expect when you're expecting;E1500122500000;ficção;estados unidos;451672;4869935.0;paramount pictures brasil distribuidora de filmes ltda;169.0;27.654.722/0001-16;2012;8;3
2012-07-27;the dark knight rises;E1500828600000;ficção;estados unidos;5147098;55072725.49;warner bros. (south) inc.;265.0;33.015.827/0001-28;2012;7;27
2012-07-27;this must be the place;E1500424200000;ficção;frança;33539;381142.36;wmix distribuidora ltda.;1935.0;03.918.609/0001-32;2012;7;27
2012-07-20;atm;E1600195500000;ficção;canadá;12285;124318.11;playarte pictures entretenimentos ltda.;443.0;00.943.231/0001-39;2012;7;20
2012-07-20;brave;E1600179900000;animação;estados unidos;3464618;37068415.0;the walt disney company (brasil) ltda.;18398.0;73.042.962/0001-87;2012;7;20
2012-07-20;chernobyl diaries;E1600149700000;ficção;estados unidos;256713;2638412.52;sm distribuidora de filmes ltda;11922.0;08.257.054/0001-49;2012;7;20
2012-07-20;elles;E1600193000000;ficção;alemanha;26165;286296.86;tag cultural distribuidora de filmes ltda;173.0;03.599.148/0001-82;2012;7;20
2012-07-20;jusan-nin no shikaku (aka 13 assassins);E1600191900000;ficção;japão;4943;56067.8;unifilmes distribuidora, importadora e exportadora de filmes ltda;17810.0;12.452.477/0001-97;2012;7;20
2012-07-20;menos que nada;B1201616800000;ficção;brasil;1640;11253.9;invídeo produções cinematográficas ltda.;1226.0;90.130.634/0001-51;2012;7;20
2012-07-20;the lady;E1600240700000;ficção;frança;15999;179733.52;sm distribuidora de filmes ltda;11922.0;08.257.054/0001-49;2012;7;20
2012-07-13;les bien-aimés;E1600212300000;ficção;frança;28017;297952.52;tag cultural distribuidora de filmes ltda;173.0;03.599.148/0001-82;2012;7;13
2012-07-13;na estrada - on the road;B1201571900000;ficção;brasil;289507;3310019.59;playarte pictures entretenimentos ltda.;443.0;00.943.231/0001-39;2012;7;13
2012-07-13;welcome;E1600639700000;ficção;frança;20667;168941.7;tag cultural distribuidora de filmes ltda;173.0;03.599.148/0001-82;2012;7;13
2012-07-06;beaufort;E1600181100000;ficção;israel;3385;36639.93;providence distribuidora de filmes ltda;12443.0;08.656.129/0001-64;2012;7;6
2012-07-06;hai shang chuan qi;E1600180200000;documentário;china;2142;13477.0;mostra internacional de cinema ltda;1797.0;52.009.305/0001-68;2012;7;6
2012-07-06;hodejegerne;E1600180800000;ficção;alemanha;6446;69185.26;unifilmes distribuidora, importadora e exportadora de filmes ltda;17810.0;12.452.477/0001-97;2012;7;6
2012-07-06;la guerre des boutons;E1500668800000;ficção;frança;21553;231201.34;tag cultural distribuidora de filmes ltda;173.0;03.599.148/0001-82;2012;7;6
2012-07-06;les petits mouchoirs;E1600178000000;ficção;frança;10802;101101.41;antonio fernandes filmes ltda;532.0;02.668.665/0001-01;2012;7;6
2012-07-06;the amazing spider-man;E1402589100000;ficção;estados unidos;5145696;60474243.91;columbia tristar filmes do brasil ltda;84.0;00.979.601/0001-98;2012;7;6
2012-07-06;the mill and the cross;E1500361300000;ficção;suécia;3596;31735.0;frederico da cruz machado - me;11990.0;03.553.092/0001-25;2012;7;6
2012-06-29;ice age: continental drift;E1500228600000;animação;estados unidos;8729837;94711097.95;fox film do brasil ltda;256.0;33.110.420/0001-80;2012;6;29
2012-06-29;l'enfant d'en haut;E1500842300000;ficção;frança;9125;87527.72;esfera produções culturais eireli;18039.0;11.579.388/0001-43;2012;6;29
2012-06-29;tokyo kazoku;E1500842400000;ficção;japão;9929;71667.12;esfera produções culturais eireli;18039.0;11.579.388/0001-43;2012;6;29
2012-06-23;faust;E1600196600000;ficção;rússia;35461;398945.9;tag cultural distribuidora de filmes ltda;173.0;03.599.148/0001-82;2012;6;23
2012-06-22;dark shadows;E1500178200000;ficção;estados unidos;940393;9889551.0;warner bros. (south) inc.;265.0;33.015.827/0001-28;2012;6;22
2012-06-22;e aí, comeu?;B1201586000000;ficção;brasil;2578599;26078324.43;freespirit distribuidora de filmes ltda.;4904.0;07.616.202/0001-01;2012;6;22
2012-06-22;the extra man;E1600192600000;ficção;estados unidos;7698;76666.5;unifilmes distribuidora, importadora e exportadora de filmes ltda;17810.0;12.452.477/0001-97;2012;6;22
2012-06-15;febre do rato;B1201573200000;ficção;brasil;29873;260982.58;reserva nacional distribuidora de filmes ltda.;11868.0;08.346.733/0001-94;2012;6;15
2012-06-15;la vieja de atras;E1600598200000;ficção;argentina;4648;40689.0;panda filmes ltda;941.0;04.980.287/0001-14;2012;6;15
2012-06-15;last night;E1600196900000;ficção;estados unidos;41638;494536.15;unifilmes distribuidora, importadora e exportadora de filmes ltda;17810.0;12.452.477/0001-97;2012;6;15
2012-06-15;mulher à tarde;B1201589400000;ficção;brasil;321;1488.5;affonso uchoa alonso rodrigues;20515.0;PESSOA FÍSICA;2012;6;15
2012-06-15;prometheus;E1500381700000;ficção;estados unidos;1101176;14620554.86;fox film do brasil ltda;256.0;33.110.420/0001-80;2012;6;15
2012-06-15;salmon fishing in the yemen;E1600240800000;ficção;reino unido;27177;326700.71;sm distribuidora de filmes ltda;11922.0;08.257.054/0001-49;2012;6;15
2012-06-08;friends with kids;E1600583800000;ficção;estados unidos;65414;768090.83;sm distribuidora de filmes ltda;11922.0;08.257.054/0001-49;2012;6;8
2012-06-08;kaboom;E1600192200000;ficção;estados unidos;1724;14434.0;unifilmes distribuidora, importadora e exportadora de filmes ltda;17810.0;12.452.477/0001-97;2012;6;8
2012-06-08;la prima cosa bella;E1600181400000;ficção;itália;36938;371392.12;antonio fernandes filmes ltda;532.0;02.668.665/0001-01;2012;6;8
2012-06-08;madagascar 3: europes's most wanted;E1600180300000;animação;estados unidos;5270078;59154970.7;paramount pictures brasil distribuidora de filmes ltda;169.0;27.654.722/0001-16;2012;6;8
2012-06-08;the vow;E1600208500000;ficção;estados unidos;228295;2713449.58;columbia tristar filmes do brasil ltda;84.0;00.979.601/0001-98;2012;6;8
2012-06-07;carnage;E1500425200000;ficção;alemanha;87142;1058298.63;wmix distribuidora ltda.;1935.0;03.918.609/0001-32;2012;6;7
2012-06-07;weekend;E1600181200000;ficção;inglaterra;7661;84157.3;alberto bitelli international films ltda;136.0;54.881.404/0001-60;2012;6;7
2012-06-01;am ende kommen touristen;E1600181000000;ficção;alemanha;12076;129635.61;providence distribuidora de filmes ltda;12443.0;08.656.129/0001-64;2012;6;1
2012-06-01;snow white and the huntsman;E1402370500000;ficção;estados unidos;2518398;24999741.0;paramount pictures brasil distribuidora de filmes ltda;169.0;27.654.722/0001-16;2012;6;1
2012-06-01;violeta foi para o céu;B1201567200000;ficção;brasil;37243;362595.26;reserva nacional distribuidora de filmes ltda.;11868.0;08.346.733/0001-94;2012;6;1
2012-05-26;un été brûlant;E1500307300000;ficção;frança;9535;101827.97;tag cultural distribuidora de filmes ltda;173.0;03.599.148/0001-82;2012;5;26
2012-05-25;flowers of war;E1600195600000;ficção;china;55823;675884.6;playarte pictures entretenimentos ltda.;443.0;00.943.231/0001-39;2012;5;25
2012-05-25;hasta la vista;E1500306300000;ficção;frança;8844;97126.75;tag cultural distribuidora de filmes ltda;173.0;03.599.148/0001-82;2012;5;25
2012-05-25;la délicatesse;E1600196400000;ficção;frança;85829;964553.68;antonio fernandes filmes ltda;532.0;02.668.665/0001-01;2012;5;25
2012-05-25;men in black 3;E1402590900000;ficção;estados unidos;2649531;31344359.46;columbia tristar filmes do brasil ltda;84.0;00.979.601/0001-98;2012;5;25
2012-05-18;how i spent my summer vacation;E1500423200000;ficção;estados unidos;199622;2112808.2;wmix distribuidora ltda.;1935.0;03.918.609/0001-32;2012;5;18
2012-05-18;kiseki;E1500340800000;ficção;japão;15303;160796.55;tag cultural distribuidora de filmes ltda;173.0;03.599.148/0001-82;2012;5;18
2012-05-18;the raven;E1600209100000;ficção;estados unidos;252044;2584549.61;sm distribuidora de filmes ltda;11922.0;08.257.054/0001-49;2012;5;18
2012-05-11;battleship;E1402520400000;ficção;estados unidos;837283;7871841.0;paramount pictures brasil distribuidora de filmes ltda;169.0;27.654.722/0001-16;2012;5;11
2012-05-11;misterios de lisboa;E1600608500000;ficção;portugal;856;4678.5;mostra internacional de cinema ltda;1797.0;52.009.305/0001-68;2012;5;11
2012-05-11;romance de formação;B1201571600000;documentário;brasil;1387;15015.0;spectateur-comércio e gerenciamento ltda (baixada);1132.0;01.216.636/0001-38;2012;5;11
2012-05-11;the best exotic marigold hotel;E1500057700000;ficção;estados unidos;129353;1581381.79;fox film do brasil ltda;256.0;33.110.420/0001-80;2012;5;11
2012-05-11;the pirates! band of misfits;E1600196200000;animação;estados unidos;472500;5511199.54;columbia tristar filmes do brasil ltda;84.0;00.979.601/0001-98;2012;5;11
2012-05-04;21 jump street;E1600195900000;ficção;estados unidos;196626;2431452.75;columbia tristar filmes do brasil ltda;84.0;00.979.601/0001-98;2012;5;4
2012-05-04;love & bruises;E1600195400000;ficção;china;4986;54106.75;tag cultural distribuidora de filmes ltda;173.0;03.599.148/0001-82;2012;5;4
2012-05-04;luz nas trevas a volta do bandido da luz vermelha;B1001290000000;ficção;brasil;9489;42378.9;mercurio producoes ltda;1436.0;04.760.800/0001-61;2012;5;4
2012-05-04;paralelo 10;B1201554600000;documentário;brasil;2210;13480.21;de felippes filmes e produções ltda;7128.0;08.427.088/0001-34;2012;5;4
2012-05-04;paraísos artificiais;B1101509000000;ficção;brasil;402852;3963582.33;zazen produções audiovisuais ltda.;611.0;01.803.185/0001-35;2012;5;4
2012-05-04;the conspirator;E1500427900000;ficção;estados unidos;11273;130327.8;wmix distribuidora ltda.;1935.0;03.918.609/0001-32;2012;5;4
2012-05-04;the lucky one;E1500526700000;ficção;estados unidos;202578;2065716.0;warner bros. (south) inc.;265.0;33.015.827/0001-28;2012;5;4
2012-04-27;ages of love;E1600211400000;ficção;itália;102187;1122715.36;antonio fernandes filmes ltda;532.0;02.668.665/0001-01;2012;4;27
2012-04-27;dancing dreams;E1600196800000;documentário;alemanha;4503;51435.39;tag cultural distribuidora de filmes ltda;173.0;03.599.148/0001-82;2012;4;27
2012-04-27;girimunho;B1201558400000;ficção;brasil;5195;34922.9;vitrine filmes ltda;16713.0;11.620.976/0001-83;2012;4;27
2012-04-27;my week with marilyn;E1500424500000;ficção;estados unidos;100941;1271817.01;wmix distribuidora ltda.;1935.0;03.918.609/0001-32;2012;4;27
2012-04-27;o homem que não dormia;B1101527800000;ficção;brasil;4063;30917.34;providence distribuidora de filmes ltda;12443.0;08.656.129/0001-64;2012;4;27
2012-04-27;the avengers;E1500275200000;ficção;estados unidos;10916203;129633581.24;the walt disney company (brasil) ltda.;18398.0;73.042.962/0001-87;2012;4;27
2012-04-20;american reunion;E1402604400000;ficção;estados unidos;1537946;15576462.0;paramount pictures brasil distribuidora de filmes ltda;169.0;27.654.722/0001-16;2012;4;20
2012-04-20;americano;E1600550500000;ficção;frança;4010;33183.05;antonio fernandes filmes ltda;532.0;02.668.665/0001-01;2012;4;20
2012-04-20;argus montenegro e a instabilidade do tempo forte;B1201569200000;documentário;brasil;447;2207.0;okna produções culturais ltda;11871.0;08.267.476/0001-03;2012;4;20
2012-04-20;eu receberia as piores notícias dos seus lindos lábios;B1101528200000;ficção;brasil;47366;538578.75;columbia tristar filmes do brasil ltda;84.0;00.979.601/0001-98;2012;4;20
2012-04-20;life in a day;E1402709700000;documentário;estados unidos;592;5885.0;unifilmes distribuidora, importadora e exportadora de filmes ltda;17810.0;12.452.477/0001-97;2012;4;20
2012-04-20;snow flower and the secret fan;E1500600300000;ficção;china;19002;210564.22;sm distribuidora de filmes ltda;11922.0;08.257.054/0001-49;2012;4;20
2012-04-20;the grey;E1500412100000;ficção;estados unidos;161460;1831453.77;wmix distribuidora ltda.;1935.0;03.918.609/0001-32;2012;4;20
2012-04-20;the rum diary;E1500491300000;ficção;estados unidos;74267;879959.97;unifilmes distribuidora, importadora e exportadora de filmes ltda;17810.0;12.452.477/0001-97;2012;4;20
2012-04-20;vale dos esquecidos;B1101513100000;documentário;brasil;449;5429.5;spectateur-comércio e gerenciamento ltda (baixada);1132.0;01.216.636/0001-38;2012;4;20
2012-04-13;area q;B1101427000000;ficção;brasil;38823;394586.81;antonio fernandes filmes ltda;532.0;02.668.665/0001-01;2012;4;13
2012-04-13;black gold;E1600205100000;ficção;frança;28073;345637.0;warner bros. (south) inc.;265.0;33.015.827/0001-28;2012;4;13
2012-04-13;gone;E1600241800000;ficção;estados unidos;158642;1661088.24;sm distribuidora de filmes ltda;11922.0;08.257.054/0001-49;2012;4;13
2012-04-13;haywire;E1500424700000;ficção;estados unidos;89449;981268.06;wmix distribuidora ltda.;1935.0;03.918.609/0001-32;2012;4;13
2012-04-13;one for the money;E1500273700000;ficção;estados unidos;313007;3136305.07;playarte pictures entretenimentos ltda.;443.0;00.943.231/0001-39;2012;4;13
2012-04-13;quem se importa;B1201571700000;documentário;brasil;8111;94586.57;reserva nacional distribuidora de filmes ltda.;11868.0;08.346.733/0001-94;2012;4;13
2012-04-13;titanic;E1600195700000;ficção;estados unidos;693190;9845474.97;fox film do brasil ltda;256.0;33.110.420/0001-80;2012;4;13
2012-04-13;titanic;E1600195700000;ficção;estados unidos;502871;6312994.37;the walt disney company (brasil) ltda.;18398.0;73.042.962/0001-87;2012;4;13
2012-04-06;la vida de los peces;E1500725500000;ficção;chile;4772;41085.24;esfera produções culturais eireli;18039.0;11.579.388/0001-43;2012;4;6
2012-04-06;les neiges du kilimandjaro;E1500587500000;ficção;frança;48499;532365.66;tag cultural distribuidora de filmes ltda;173.0;03.599.148/0001-82;2012;4;6
2012-04-06;santos, 100 anos de futebol arte;B1201554700000;documentário;brasil;691;7719.0;canal azul consultoria audiovisual - eireli;526.0;04.350.398/0001-47;2012;4;6
2012-04-06;xingu;B1201547400000;ficção;brasil;200;266.0;columbia tristar filmes do brasil ltda;84.0;00.979.601/0001-98;2012;4;6
2012-04-06;xingu;B1201547400000;ficção;brasil;377887;3898283.67;freespirit distribuidora de filmes ltda.;4904.0;07.616.202/0001-01;2012;4;6
2012-04-06;young adult;E1402768500000;ficção;estados unidos;15959;181265.0;paramount pictures brasil distribuidora de filmes ltda;169.0;27.654.722/0001-16;2012;4;6
2012-04-05;mirror mirror;E1500413000000;ficção;estados unidos;1936376;18649185.7;wmix distribuidora ltda.;1935.0;03.918.609/0001-32;2012;4;5
2012-03-30;a novela das oito;B1201572300000;ficção;brasil;5147;50074.0;paramount pictures brasil distribuidora de filmes ltda;169.0;27.654.722/0001-16;2012;3;30
2012-03-30;dr. seuss' the lorax;E1402603800000;animação;estados unidos;837008;9528683.0;paramount pictures brasil distribuidora de filmes ltda;169.0;27.654.722/0001-16;2012;3;30
2012-03-30;el baile de la victoria;E1500575500000;ficção;espanha;69801;809494.27;sm distribuidora de filmes ltda;11922.0;08.257.054/0001-49;2012;3;30
2012-03-30;heleno;B1201553500000;ficção;brasil;91798;1009429.37;freespirit distribuidora de filmes ltda.;4904.0;07.616.202/0001-01;2012;3;30
2012-03-30;sleeping beauty;E1600413900000;ficção;austrália;6431;59753.64;unifilmes distribuidora, importadora e exportadora de filmes ltda;17810.0;12.452.477/0001-97;2012;3;30
2012-03-30;wrath of the titans;E1500167000000;ficção;estados unidos;2481259;30298118.0;warner bros. (south) inc.;265.0;33.015.827/0001-28;2012;3;30
2012-03-23;a dangerous method;E1500424600000;ficção;alemanha;208538;2406494.7;wmix distribuidora ltda.;1935.0;03.918.609/0001-32;2012;3;23
2012-03-23;august;E1600197000000;ficção;estados unidos;4343;52015.4;alberto bitelli international films ltda;136.0;54.881.404/0001-60;2012;3;23
2012-03-23;golakani kirkuk - the flowers of kirkuk;E1600211600000;ficção;iraque;4727;39955.5;antonio fernandes filmes ltda;532.0;02.668.665/0001-01;2012;3;23
2012-03-23;la pivellina;E1600241900000;ficção;áustria;5958;48994.84;estação arte e eventos ltda;2974.0;03.651.641/0001-02;2012;3;23
2012-03-23;oliver sherman;E1500361400000;ficção;canadá;1385;13839.5;frederico da cruz machado - me;11990.0;03.553.092/0001-25;2012;3;23
2012-03-23;raul, o início, o fim e o meio;B1201567700000;documentário;brasil;170471;1883285.0;paramount pictures brasil distribuidora de filmes ltda;169.0;27.654.722/0001-16;2012;3;23
2012-03-23;the hunger games;E1600067500000;ficção;estados unidos;1917140;19317017.39;sm distribuidora de filmes ltda;11922.0;08.257.054/0001-49;2012;3;23
2012-03-16;anderson silva: like water;E1600210400000;documentário;estados unidos;67011;663180.4;antonio fernandes filmes ltda;532.0;02.668.665/0001-01;2012;3;16
2012-03-16;habemus papam;E1600209600000;ficção;frança;102413;1186319.81;unifilmes distribuidora, importadora e exportadora de filmes ltda;17810.0;12.452.477/0001-97;2012;3;16
2012-03-16;mi primera boda;E1600207500000;ficção;argentina;9305;105729.54;serendip filmes ltda;4626.0;06.911.780/0001-08;2012;3;16
2012-03-16;pina;E1500421700000;documentário;alemanha;100240;1596849.26;tag cultural distribuidora de filmes ltda;173.0;03.599.148/0001-82;2012;3;16
2012-03-16;project x;E1600206800000;ficção;estados unidos;82231;796593.0;warner bros. (south) inc.;265.0;33.015.827/0001-28;2012;3;16
2012-03-16;safe house;E1402604300000;ficção;estados unidos;311322;3412455.0;paramount pictures brasil distribuidora de filmes ltda;169.0;27.654.722/0001-16;2012;3;16
2012-03-16;shame;E1600207100000;ficção;reino unido;99273;1130870.45;sm distribuidora de filmes ltda;11922.0;08.257.054/0001-49;2012;3;16
2012-03-16;slovenian girl;E1600218700000;ficção;alemanha;2735;28827.5;tucumán distribuidora de filmes ltda;16132.0;10.681.698/0001-01;2012;3;16
2012-03-16;spy kids: all the time in the world in 4d;E1500415900000;ficção;estados unidos;322825;3782985.51;wmix distribuidora ltda.;1935.0;03.918.609/0001-32;2012;3;16
2012-03-16;this means war;E1402450700000;ficção;estados unidos;1013544;10062967.44;fox film do brasil ltda;256.0;33.110.420/0001-80;2012;3;16
2012-03-09;big miracle;E1500686900000;ficção;estados unidos;13058;124719.0;paramount pictures brasil distribuidora de filmes ltda;169.0;27.654.722/0001-16;2012;3;9
2012-03-09;john carter;E1500284600000;ficção;estados unidos;1033305;12460852.0;the walt disney company (brasil) ltda.;18398.0;73.042.962/0001-87;2012;3;9
2012-03-09;seeking justice;E1500424400000;ficção;estados unidos;183347;1796365.89;wmix distribuidora ltda.;1935.0;03.918.609/0001-32;2012;3;9
2012-03-09;w. e.;E1402837300000;ficção;inglaterra;39805;473207.65;playarte pictures entretenimentos ltda.;443.0;00.943.231/0001-39;2012;3;9
2012-03-02;billi pig;B1101537800000;ficção;brasil;257664;2483318.24;wmix distribuidora ltda.;1935.0;03.918.609/0001-32;2012;3;2
2012-03-02;breaking wind;E1600208100000;ficção;estados unidos;201611;1869582.7;playarte pictures entretenimentos ltda.;443.0;00.943.231/0001-39;2012;3;2
2012-03-02;chronicle;E1600205400000;ficção;estados unidos;207529;2041145.69;fox film do brasil ltda;256.0;33.110.420/0001-80;2012;3;2
2012-03-02;drive;E1500424100000;ficção;estados unidos;124256;1435379.47;wmix distribuidora ltda.;1935.0;03.918.609/0001-32;2012;3;2
2012-03-02;le havre;E1500340500000;ficção;alemanha;30452;321847.2;tag cultural distribuidora de filmes ltda;173.0;03.599.148/0001-82;2012;3;2
2012-03-02;schastye moe;E1600207300000;ficção;alemanha;10291;94719.5;mostra internacional de cinema ltda;1797.0;52.009.305/0001-68;2012;3;2
2012-03-02;underworld awakening;E1600208300000;ficção;estados unidos;746474;9795013.25;columbia tristar filmes do brasil ltda;84.0;00.979.601/0001-98;2012;3;2
2012-02-25;678;E1500340400000;ficção;egito;11436;123332.25;tag cultural distribuidora de filmes ltda;173.0;03.599.148/0001-82;2012;2;25
2012-02-24;albert nobbs;E1600205600000;ficção;irlanda;47721;542523.73;sm distribuidora de filmes ltda;11922.0;08.257.054/0001-49;2012;2;24
2012-02-24;extremely loud and incredibly close;E1600207700000;ficção;estados unidos;162838;1724692.0;warner bros. (south) inc.;265.0;33.015.827/0001-28;2012;2;24
2012-02-24;the woman in black;E1600209000000;ficção;canadá;252255;4317994.95;sm distribuidora de filmes ltda;11922.0;08.257.054/0001-49;2012;2;24
2012-02-17;ghost rider: spirit of vengeance;E1500419400000;ficção;estados unidos;2397189;27833833.1;wmix distribuidora ltda.;1935.0;03.918.609/0001-32;2012;2;17
2012-02-17;hotxuá;B0700792400000;documentário;brasil;4493;40278.5;caliban produções cinematográficas ltda.;854.0;27.651.181/0001-72;2012;2;17
2012-02-17;hugo;E1402520500000;ficção;estados unidos;1048419;14343389.0;paramount pictures brasil distribuidora de filmes ltda;169.0;27.654.722/0001-16;2012;2;17
2012-02-17;moneyball;E1500717900000;ficção;estados unidos;94993;1179637.0;columbia tristar filmes do brasil ltda;84.0;00.979.601/0001-98;2012;2;17
2012-02-17;reis e ratos;B1201540200000;ficção;brasil;128396;1239304.0;warner bros. (south) inc.;265.0;33.015.827/0001-28;2012;2;17
2012-02-17;the iron lady;E1500616300000;ficção;reino unido;670274;7921974.18;sm distribuidora de filmes ltda;11922.0;08.257.054/0001-49;2012;2;17
2012-02-10;coração do samba;B1101524900000;documentário;brasil;291;3233.0;kinofilmes produções artísticas e cinematográficas ltda;232.0;01.464.291/0001-31;2012;2;10
2012-02-10;cubatão - a volta do guará vermelho;B1101420000000;documentário;brasil;143;715.0;raiz distribuidora audiovisual ltda.;11792.0;08.331.280/0001-22;2012;2;10
2012-02-10;jack and jill;E1402378900000;ficção;estados unidos;2128174;20583026.03;columbia tristar filmes do brasil ltda;84.0;00.979.601/0001-98;2012;2;10
2012-02-10;les femmes du 6eme etage;E1600210000000;ficção;frança;53910;547750.94;unifilmes distribuidora, importadora e exportadora de filmes ltda;17810.0;12.452.477/0001-97;2012;2;10
2012-02-10;mãe e filha;B1101473200000;ficção;brasil;705;4547.05;frederico da cruz machado - me;11990.0;03.553.092/0001-25;2012;2;10
2012-02-10;the artist;E1600206600000;ficção;frança;340785;3997665.55;sm distribuidora de filmes ltda;11922.0;08.257.054/0001-49;2012;2;10
2012-02-10;the awakening;E1500738700000;ficção;inglaterra;54493;527761.3;playarte pictures entretenimentos ltda.;443.0;00.943.231/0001-39;2012;2;10
2012-02-03;beauty and the beast;E1500449800000;animação;estados unidos;162852;2143578.0;the walt disney company (brasil) ltda.;18398.0;73.042.962/0001-87;2012;2;3
2012-02-03;help, the;E1500028700000;ficção;estados unidos;135701;1455162.4;the walt disney company (brasil) ltda.;18398.0;73.042.962/0001-87;2012;2;3
2012-02-03;journey2: the mysterious island;E1600207800000;ficção;estados unidos;874296;10682041.0;warner bros. (south) inc.;265.0;33.015.827/0001-28;2012;2;3
2012-02-03;man on a ledge;E1402513700000;ficção;estados unidos;290270;2965233.17;sm distribuidora de filmes ltda;11922.0;08.257.054/0001-49;2012;2;3
2012-02-03;the devil inside;E1600207600000;ficção;estados unidos;587101;5866657.0;paramount pictures brasil distribuidora de filmes ltda;169.0;27.654.722/0001-16;2012;2;3
2012-01-27;j. edgar;E1600211100000;ficção;estados unidos;128250;1523266.0;warner bros. (south) inc.;265.0;33.015.827/0001-28;2012;1;27
2012-01-27;the descendants;E1500203000000;ficção;estados unidos;592235;6807417.9;fox film do brasil ltda;256.0;33.110.420/0001-80;2012;1;27
2012-01-27;the girl with the dragon tattoo;E1600210100000;ficção;suécia;681044;7281290.5;columbia tristar filmes do brasil ltda;84.0;00.979.601/0001-98;2012;1;27
2012-01-27;we need to talk about kevin;E1600211000000;ficção;estados unidos;45647;490357.98;sm distribuidora de filmes ltda;11922.0;08.257.054/0001-49;2012;1;27
2012-01-20;a música segundo tom jobim;B1101537900000;documentário;brasil;74901;863590.25;columbia tristar filmes do brasil ltda;84.0;00.979.601/0001-98;2012;1;20
2012-01-20;dois coelhos;B1101535300000;ficção;brasil;336460;3315434.89;wmix distribuidora ltda.;1935.0;03.918.609/0001-32;2012;1;20
2012-01-20;l'apollonide - souvenirs de la maison close;E1600211800000;ficção;frança;33332;339567.3;m.f.p. petrini;18028.0;12.615.800/0001-04;2012;1;20
2012-01-20;la source des femmes;E1500600100000;ficção;bélgica;25877;251390.33;sm distribuidora de filmes ltda;11922.0;08.257.054/0001-49;2012;1;20
2012-01-20;nader and simin, a separation;E1600211200000;ficção;irã;173011;1921991.71;tag cultural distribuidora de filmes ltda;173.0;03.599.148/0001-82;2012;1;20
2012-01-20;the adventures of tintin;E1402401000000;animação;estados unidos;1547241;19436961.5;columbia tristar filmes do brasil ltda;84.0;00.979.601/0001-98;2012;1;20
2012-01-13;attack the block;E1500718800000;ficção;reino unido;162;1552.2;columbia tristar filmes do brasil ltda;84.0;00.979.601/0001-98;2012;1;13
2012-01-13;sherlock holmes: a game of shadows;E1600209500000;ficção;estados unidos;2456934;24720866.0;warner bros. (south) inc.;265.0;33.015.827/0001-28;2012;1;13
2012-01-13;take shelter;E1402401600000;ficção;estados unidos;437;4044.56;columbia tristar filmes do brasil ltda;84.0;00.979.601/0001-98;2012;1;13
2012-01-13;the darkest hour;E1500676500000;ficção;estados unidos;230676;2914815.36;fox film do brasil ltda;256.0;33.110.420/0001-80;2012;1;13
2012-01-13;the salesman;E1500361100000;ficção;canadá;4739;46146.0;frederico da cruz machado - me;11990.0;03.553.092/0001-25;2012;1;13
2012-01-13;tinker tailor soldier spy;E1500882400000;ficção;alemanha;139510;1711508.11;playarte pictures entretenimentos ltda.;443.0;00.943.231/0001-39;2012;1;13
2012-01-13;tomboy;E1600210300000;ficção;frança;29370;301586.55;providence distribuidora de filmes ltda;12443.0;08.656.129/0001-64;2012;1;13
2012-01-13;war horse;E1402587700000;ficção;estados unidos;276970;3084323.49;the walt disney company (brasil) ltda.;18398.0;73.042.962/0001-87;2012;1;13
2012-01-06;alvin and the chipmunks: chipwrecked;E1500852700000;animação;estados unidos;5189001;44353838.97;fox film do brasil ltda;256.0;33.110.420/0001-80;2012;1;6
2012-01-06;as aventuras de agamenon, o repórter;B1101519200000;ficção;brasil;938020;9336059.91;freespirit distribuidora de filmes ltda.;4904.0;07.616.202/0001-01;2012;1;6
2011-12-30;immortals;E1500419300000;ficção;estados unidos;2239913;27636827.7;wmix distribuidora ltda.;1935.0;03.918.609/0001-32;2011;12;30
2011-12-23;beastly;E1402599900000;ficção;estados unidos;117684;1189249.31;wmix distribuidora ltda.;1935.0;03.918.609/0001-32;2011;12;23
2011-12-23;fais-moi plaisir;E1600213500000;ficção;frança;16780;173113.3;estação arte e eventos ltda;2974.0;03.651.641/0001-02;2011;12;23
2011-12-23;les émotifs anonymes;E1600601600000;ficção;frança;56418;585394.72;tag cultural distribuidora de filmes ltda;173.0;03.599.148/0001-82;2011;12;23
2011-12-23;the ides of march;E1600212100000;ficção;estados unidos;195089;2317729.1;antonio fernandes filmes ltda;532.0;02.668.665/0001-01;2011;12;23
2011-12-23;we bought a zoo;E1500205100000;ficção;estados unidos;577643;4830419.0;fox film do brasil ltda;256.0;33.110.420/0001-80;2011;12;23
2011-12-21;mission impossible: ghost protocol;E1402327800000;ficção;estados unidos;2530077;24467772.0;paramount pictures brasil distribuidora de filmes ltda;169.0;27.654.722/0001-16;2011;12;21
2011-12-16;africa united;E1600202300000;ficção;áfrica do sul;1463;14793.04;playarte pictures entretenimentos ltda.;443.0;00.943.231/0001-39;2011;12;16
2011-12-16;e aí hendrix?;B1101442800000;documentário;brasil;141;1184.72;cinematográfica polifilmes ltda-me;2550.0;60.469.871/0001-80;2011;12;16
2011-12-16;embargo;B1101365800000;ficção;brasil;344;3242.05;raiz distribuidora audiovisual ltda.;11792.0;08.331.280/0001-22;2011;12;16
2011-12-16;goodbye first love;E1600212700000;ficção;alemanha;13233;143555.07;tag cultural distribuidora de filmes ltda;173.0;03.599.148/0001-82;2011;12;16
2011-12-16;machine gun preacher;E1500423700000;ficção;estados unidos;10310;118150.5;wmix distribuidora ltda.;1935.0;03.918.609/0001-32;2011;12;16
2011-12-16;tower heist;E1402608200000;ficção;estados unidos;476633;4521703.0;paramount pictures brasil distribuidora de filmes ltda;169.0;27.654.722/0001-16;2011;12;16
2011-12-09;as canções;B1101520600000;documentário;brasil;22437;229714.74;spectateur-comércio e gerenciamento ltda (baixada);1132.0;01.216.636/0001-38;2011;12;9
2011-12-09;desaparecidos;B1101515400000;ficção;brasil;9821;101249.85;schürmann produções cinematográficas ltda;7132.0;00.132.102/0001-60;2011;12;9
2011-12-09;forces speciales;E1500458900000;ficção;frança;15106;141546.19;playarte pictures entretenimentos ltda.;443.0;00.943.231/0001-39;2011;12;9
2011-12-09;happy few;E1600197700000;ficção;frança;4001;36623.2;tag cultural distribuidora de filmes ltda;173.0;03.599.148/0001-82;2011;12;9
2011-12-09;mao's last dancer;E1600042700000;ficção;austrália;63135;582261.8;antonio fernandes filmes ltda;532.0;02.668.665/0001-01;2011;12;9
2011-12-09;margin call;E1600214200000;ficção;estados unidos;25531;326779.61;sm distribuidora de filmes ltda;11922.0;08.257.054/0001-49;2011;12;9
2011-12-09;new year´s eve;E1600210900000;ficção;estados unidos;411602;4127360.0;warner bros. (south) inc.;265.0;33.015.827/0001-28;2011;12;9
2011-12-09;puss in boots;E1402629100000;animação;estados unidos;4492365;47093149.0;paramount pictures brasil distribuidora de filmes ltda;169.0;27.654.722/0001-16;2011;12;9
2011-12-09;sequestro;B1101397900000;documentário;brasil;648;8114.0;freespirit distribuidora de filmes ltda.;4904.0;07.616.202/0001-01;2011;12;9
2011-12-02;arthur christmas;E1500717800000;animação;estados unidos;489913;5250837.15;columbia tristar filmes do brasil ltda;84.0;00.979.601/0001-98;2011;12;2
2011-12-02;killer elite;E1500423900000;ficção;austrália;367714;3600283.3;wmix distribuidora ltda.;1935.0;03.918.609/0001-32;2011;12;2
2011-12-02;le nom des gens;E1500651400000;ficção;frança;138;1104.0;mares filmes eireli;6418.0;07.257.887/0001-47;2011;12;2
2011-12-02;le nom des gens;E1500651400000;ficção;frança;28582;292224.29;unifilmes distribuidora, importadora e exportadora de filmes ltda;17810.0;12.452.477/0001-97;2011;12;2
2011-12-02;maschi contro femmine;E1600211500000;ficção;itália;5029;62432.5;sm distribuidora de filmes ltda;11922.0;08.257.054/0001-49;2011;12;2
2011-12-02;one day;E1500121400000;ficção;estados unidos;138026;1622028.0;paramount pictures brasil distribuidora de filmes ltda;169.0;27.654.722/0001-16;2011;12;2
2011-12-02;quebradeiras;B1001224800000;documentário;brasil;38;391.0;raiz distribuidora audiovisual ltda.;11792.0;08.331.280/0001-22;2011;12;2
2011-12-02;the muppets;E1600213100000;ficção;estados unidos;493313;4208062.78;the walt disney company (brasil) ltda.;18398.0;73.042.962/0001-87;2011;12;2
2011-12-02;this is not a film;E1600216400000;documentário;irã;1300;12173.76;tag cultural distribuidora de filmes ltda;173.0;03.599.148/0001-82;2011;12;2
2011-12-02;um assalto de fé;B1101519400000;ficção;brasil;4386;43839.91;alberto bitelli international films ltda;136.0;54.881.404/0001-60;2011;12;2
2011-12-01;des hommes et des dieux;E1500674500000;ficção;frança;63960;664175.65;tag cultural distribuidora de filmes ltda;173.0;03.599.148/0001-82;2011;12;1
2011-11-25;dawson isla 10;B1001303400000;ficção;brasil;3545;31921.67;wmix distribuidora ltda.;1935.0;03.918.609/0001-32;2011;11;25
2011-11-25;domingos;B1001205900000;documentário;brasil;763;5390.5;de felippes filmes e produções ltda;7128.0;08.427.088/0001-34;2011;11;25
2011-11-25;happy feet two;E1500589800000;animação;estados unidos;746398;8051623.0;warner bros. (south) inc.;265.0;33.015.827/0001-28;2011;11;25
2011-11-25;i don't know how she does it;E1500424000000;ficção;estados unidos;179872;1845130.44;wmix distribuidora ltda.;1935.0;03.918.609/0001-32;2011;11;25
2011-11-25;leite e ferro;B1001317800000;documentário;brasil;364;3359.0;cinematográfica polifilmes ltda-me;2550.0;60.469.871/0001-80;2011;11;25
2011-11-25;prova de artista;B1101510800000;documentário;brasil;1388;11362.55;formosa produção e distribuição de filmes ltda;16462.0;11.310.494/0001-27;2011;11;25
2011-11-25;restless;E1600216900000;ficção;estados unidos;33610;374600.11;columbia tristar filmes do brasil ltda;84.0;00.979.601/0001-98;2011;11;25
2011-11-25;simples mortais;B1001307300000;ficção;brasil;1015;8385.0;cinematográfica polifilmes ltda-me;2550.0;60.469.871/0001-80;2011;11;25
2011-11-25;thhree;E1600213900000;ficção;alemanha;21042;163121.9;frederico da cruz machado - me;11990.0;03.553.092/0001-25;2011;11;25
2011-11-25;untitled lucas moore project aka flypaper;E1600213800000;ficção;estados unidos;71546;666379.68;antonio fernandes filmes ltda;532.0;02.668.665/0001-01;2011;11;25
2011-11-18;eu eu eu josé lewgoy;B0800959600000;documentário;brasil;236;2168.5;cinematográfica polifilmes ltda-me;2550.0;60.469.871/0001-80;2011;11;18
2011-11-18;le gamin au vélo;E1500668900000;ficção;frança;106330;1132997.55;tag cultural distribuidora de filmes ltda;173.0;03.599.148/0001-82;2011;11;18
2011-11-18;o céu sobre os ombros;B1101373600000;ficção;brasil;4008;30527.66;vitrine filmes ltda;16713.0;11.620.976/0001-83;2011;11;18
2011-11-18;passione;E1500881500000;documentário;estados unidos;1418;12594.0;sm distribuidora de filmes ltda;11922.0;08.257.054/0001-49;2011;11;18
2011-11-18;sarah's key;E1600197400000;ficção;frança;39492;417528.67;wmix distribuidora ltda.;1935.0;03.918.609/0001-32;2011;11;18
2011-11-18;the twilight saga: breaking dawn part 1;E1600243500000;ficção;estados unidos;7183559;66677826.4;sm distribuidora de filmes ltda;11922.0;08.257.054/0001-49;2011;11;18
2011-11-18;walachai;B1001193200000;documentário;brasil;1262;11903.08;ciclorama filmes ltda.;17471.0;12.124.611/0001-20;2011;11;18
2011-11-12;les amours imaginaires;E1600212800000;ficção;canadá;7538;80215.23;alberto bitelli international films ltda;136.0;54.881.404/0001-60;2011;11;12
2011-11-11;11-11-11;E1500203600000;ficção;estados unidos;622532;5848744.05;unifilmes distribuidora, importadora e exportadora de filmes ltda;17810.0;12.452.477/0001-97;2011;11;11
2011-11-11;amanha nunca mais;B1101460800000;ficção;brasil;20565;213512.76;fox film do brasil ltda;256.0;33.110.420/0001-80;2011;11;11
2011-11-11;everything must go;E1600218600000;ficção;estados unidos;14514;155835.87;playarte pictures entretenimentos ltda.;443.0;00.943.231/0001-39;2011;11;11
2011-11-11;if not us, who?;E1600212500000;ficção;alemanha;6152;62701.62;tag cultural distribuidora de filmes ltda;173.0;03.599.148/0001-82;2011;11;11
2011-11-11;late bloomers;E1500882100000;ficção;bélgica;45969;495114.7;serendip filmes ltda;4626.0;06.911.780/0001-08;2011;11;11
2011-11-11;os 3;B1101491200000;ficção;brasil;22968;210411.0;warner bros. (south) inc.;265.0;33.015.827/0001-28;2011;11;11
2011-11-11;reidy, a construção da utopia;B1001296100000;documentário;brasil;4329;47384.21;spectateur-comércio e gerenciamento ltda (baixada);1132.0;01.216.636/0001-38;2011;11;11
2011-11-11;road to nowhere;E1600213300000;ficção;estados unidos;2853;20846.5;frederico da cruz machado - me;11990.0;03.553.092/0001-25;2011;11;11
2011-11-11;the guard;E1600214300000;ficção;irlanda;5573;56028.91;columbia tristar filmes do brasil ltda;84.0;00.979.601/0001-98;2011;11;11
2011-11-11;trespass;E1500423100000;ficção;estados unidos;350242;3531054.34;wmix distribuidora ltda.;1935.0;03.918.609/0001-32;2011;11;11
2011-11-04;beautiful boy;E1600212900000;ficção;canadá;2070;16135.79;activity filmes do brasil ltda.;309.0;04.268.162/0001-66;2011;11;4
2011-11-04;dream house;E1500259700000;ficção;estados unidos;275780;2586955.0;warner bros. (south) inc.;265.0;33.015.827/0001-28;2011;11;4
2011-11-04;hjem til jul;E1600197800000;ficção;alemanha;1617;16997.89;tag cultural distribuidora de filmes ltda;173.0;03.599.148/0001-82;2011;11;4
2011-11-04;in time;E1500229100000;ficção;estados unidos;424978;4105032.38;fox film do brasil ltda;256.0;33.110.420/0001-80;2011;11;4
2011-11-04;jardim das folhas sagradas;B1101457300000;ficção;brasil;16831;129699.44;cinematográfica polifilmes ltda-me;2550.0;60.469.871/0001-80;2011;11;4
2011-11-04;la piel que habito;E1500616400000;ficção;espanha;460801;5293284.0;sm distribuidora de filmes ltda;11922.0;08.257.054/0001-49;2011;11;4
2011-11-04;shark night;E1500285000000;ficção;estados unidos;180341;2385595.78;the walt disney company (brasil) ltda.;18398.0;73.042.962/0001-87;2011;11;4
2011-11-01;à margem do lixo;B0800959200000;documentário;brasil;233;1493.53;raiz distribuidora audiovisual ltda.;11792.0;08.331.280/0001-22;2011;11;1
2011-10-28;contagion;E1600214100000;ficção;arábia saudita;475820;4947484.0;warner bros. (south) inc.;265.0;33.015.827/0001-28;2011;10;28
2011-10-28;conviction (aka betty anne waters);E1600202400000;ficção;estados unidos;38616;426608.28;unifilmes distribuidora, importadora e exportadora de filmes ltda;17810.0;12.452.477/0001-97;2011;10;28
2011-10-28;johnny english returns;E1402714000000;ficção;estados unidos;439228;4074532.0;paramount pictures brasil distribuidora de filmes ltda;169.0;27.654.722/0001-16;2011;10;28
2011-10-28;o palhaço;B1101456100000;ficção;brasil;1243219;11903878.18;wmix distribuidora ltda.;1935.0;03.918.609/0001-32;2011;10;28
2011-10-28;tancredo neves - a travessia;B1101428500000;documentário;brasil;2412;28376.5;freespirit distribuidora de filmes ltda.;4904.0;07.616.202/0001-01;2011;10;28
2011-10-21;all good things;E1500427500000;ficção;estados unidos;30948;374099.05;wmix distribuidora ltda.;1935.0;03.918.609/0001-32;2011;10;21
2011-10-21;paranormal activity 3;E1402489300000;ficção;estados unidos;1102366;10201280.0;paramount pictures brasil distribuidora de filmes ltda;169.0;27.654.722/0001-16;2011;10;21
2011-10-21;ponto final;B1101460100000;ficção;brasil;193;1741.0;pipa nativa produção cultural ltda;5467.0;05.933.574/0001-36;2011;10;21
2011-10-21;real steel;E1402766200000;ficção;estados unidos;1744655;15816381.39;the walt disney company (brasil) ltda.;18398.0;73.042.962/0001-87;2011;10;21
2011-10-21;rock brasília - era de ouro;B1101461600000;documentário;brasil;36109;347568.75;freespirit distribuidora de filmes ltda.;4904.0;07.616.202/0001-01;2011;10;21
2011-10-21;under the hawthorn tree;E1600214400000;ficção;china;33057;341155.61;serendip filmes ltda;4626.0;06.911.780/0001-08;2011;10;21
2011-10-14;dolphin tale;E1500589700000;ficção;estados unidos;275104;3091891.0;warner bros. (south) inc.;265.0;33.015.827/0001-28;2011;10;14
2011-10-14;don´t be afraid of the dark;E1600202100000;ficção;austrália;109147;1011695.08;unifilmes distribuidora, importadora e exportadora de filmes ltda;17810.0;12.452.477/0001-97;2011;10;14
2011-10-14;hiroshima;E1600213700000;ficção;uruguai;534;3207.5;frederico da cruz machado - me;11990.0;03.553.092/0001-25;2011;10;14
2011-10-14;la permission de minuit;E1500856400000;ficção;frança;5022;48584.08;tag cultural distribuidora de filmes ltda;173.0;03.599.148/0001-82;2011;10;14
2011-10-14;what´s your number?;E1600214000000;ficção;estados unidos;135348;1313180.74;fox film do brasil ltda;256.0;33.110.420/0001-80;2011;10;14
2011-10-12;the three musketeers;E1600216800000;ficção;alemanha;1350364;16446724.88;playarte pictures entretenimentos ltda.;443.0;00.943.231/0001-39;2011;10;12
2011-10-07;capitães da areia;B1101496800000;ficção;brasil;170607;1488886.73;wmix distribuidora ltda.;1935.0;03.918.609/0001-32;2011;10;7
2011-10-07;copacabana;E1600197600000;ficção;frança;17415;170756.71;providence distribuidora de filmes ltda;12443.0;08.656.129/0001-64;2011;10;7
2011-10-07;fright night;E1600218500000;ficção;estados unidos;201902;2694136.58;the walt disney company (brasil) ltda.;18398.0;73.042.962/0001-87;2011;10;7
2011-10-07;meu país;B1101490400000;ficção;brasil;40141;452505.82;reserva nacional distribuidora de filmes ltda.;11868.0;08.346.733/0001-94;2011;10;7
2011-10-07;o filme dos espíritos;B1101397500000;ficção;brasil;320489;3092649.38;sm distribuidora de filmes ltda;11922.0;08.257.054/0001-49;2011;10;7
2011-10-07;the change-up;E1600214600000;ficção;estados unidos;298186;2958096.0;paramount pictures brasil distribuidora de filmes ltda;169.0;27.654.722/0001-16;2011;10;7
2011-10-07;the zookeeper;E1402632000000;ficção;estados unidos;1146710;10110633.26;columbia tristar filmes do brasil ltda;84.0;00.979.601/0001-98;2011;10;7
2011-10-07;uma professora muito maluquinha;B1101350700000;ficção;brasil;67904;537596.12;freespirit distribuidora de filmes ltda.;4904.0;07.616.202/0001-01;2011;10;7
2011-09-30;avenida brasília formosa;B1101371900000;documentário;brasil;955;4160.5;vitrine filmes ltda;16713.0;11.620.976/0001-83;2011;9;30
2011-09-30;bahêa minha vida - o filme;B1101483300000;documentário;brasil;74857;597579.0;sm distribuidora de filmes ltda;11922.0;08.257.054/0001-49;2011;9;30
2011-09-30;familia vende tudo;B1101413400000;ficção;brasil;112116;1009124.29;playarte pictures entretenimentos ltda.;443.0;00.943.231/0001-39;2011;9;30
2011-09-30;friends with benefits;E1600217700000;ficção;estados unidos;1353920;12910297.2;columbia tristar filmes do brasil ltda;84.0;00.979.601/0001-98;2011;9;30
2011-09-30;the day i was not borm;E1600219400000;ficção;alemanha;16511;178348.3;serendip filmes ltda;4626.0;06.911.780/0001-08;2011;9;30
2011-09-30;trabalhar cansa;B1101426200000;ficção;brasil;6969;69866.25;cinematográfica polifilmes ltda-me;2550.0;60.469.871/0001-80;2011;9;30
2011-09-23;a casa de sandro;B1101379600000;documentário;brasil;56;353.0;l l mecchi producoes ltda;16352.0;07.907.404/0001-02;2011;9;23
2011-09-23;abduction;E1600244800000;ficção;estados unidos;1176016;10824540.5;sm distribuidora de filmes ltda;11922.0;08.257.054/0001-49;2011;9;23
2011-09-23;black butterflies;E1500458400000;ficção;alemanha;13228;135367.98;tag cultural distribuidora de filmes ltda;173.0;03.599.148/0001-82;2011;9;23
2011-09-23;bridesmaids;E1402378100000;ficção;estados unidos;131571;1284926.0;paramount pictures brasil distribuidora de filmes ltda;169.0;27.654.722/0001-16;2011;9;23
2011-09-23;crítico;B0800963900000;documentário;brasil;473;3171.82;vitrine filmes ltda;16713.0;11.620.976/0001-83;2011;9;23
2011-09-23;elvis e madona;B1001187800000;ficção;brasil;11340;87287.23;pipa nativa produção cultural ltda;5467.0;05.933.574/0001-36;2011;9;23
2011-09-23;final destination 5;E1600218000000;ficção;canadá;877736;10672258.0;warner bros. (south) inc.;265.0;33.015.827/0001-28;2011;9;23
2011-09-23;o mineiro e o queijo;B1101424800000;documentário;brasil;5330;54089.15;spectateur-comércio e gerenciamento ltda (baixada);1132.0;01.216.636/0001-38;2011;9;23
2011-09-23;rádio nacional;B1101498800000;documentário;brasil;798;3958.0;viabiliza produção audiovisual ltda.;17673.0;09.002.972/0001-90;2011;9;23
2011-09-23;trust;E1500427400000;ficção;estados unidos;15175;187775.8;wmix distribuidora ltda.;1935.0;03.918.609/0001-32;2011;9;23
2011-09-16;180º;B1001247700000;ficção;brasil;2281;21229.39;providence distribuidora de filmes ltda;12443.0;08.656.129/0001-64;2011;9;16
2011-09-16;a little bit of heaven;E1500426000000;ficção;estados unidos;78526;799153.2;wmix distribuidora ltda.;1935.0;03.918.609/0001-32;2011;9;16
2011-09-16;diary of a wimpy kid: rodrick rules;E1600216500000;ficção;estados unidos;164827;1202508.0;fox film do brasil ltda;256.0;33.110.420/0001-80;2011;9;16
2011-09-16;don gato y su pandilla;E1600217800000;animação;argentina;220577;2235676.42;playarte pictures entretenimentos ltda.;443.0;00.943.231/0001-39;2011;9;16
2011-09-16;glee: the 3d concert movie;E1600216600000;documentário;estados unidos;35862;491445.64;fox film do brasil ltda;256.0;33.110.420/0001-80;2011;9;16
2011-09-16;srpski film;E1600626700000;ficção;sérvia;103;822.25;m.f.p. petrini;18028.0;12.615.800/0001-04;2011;9;16
2011-09-09;além da estrada;B1001308900000;ficção;brasil;16125;143806.29;vitrine filmes ltda;16713.0;11.620.976/0001-83;2011;9;9
2011-09-09;conan - the barbarian;E1600203000000;ficção;estados unidos;723209;8876756.61;antonio fernandes filmes ltda;532.0;02.668.665/0001-01;2011;9;9
2011-09-09;cowboys & aliens;E1402595200000;ficção;estados unidos;508852;4733665.0;paramount pictures brasil distribuidora de filmes ltda;169.0;27.654.722/0001-16;2011;9;9
2011-09-09;full treatment aka vrais mensonges;E1600201900000;ficção;frança;43847;434771.31;unifilmes distribuidora, importadora e exportadora de filmes ltda;17810.0;12.452.477/0001-97;2011;9;9
2011-09-09;larry crowne;E1600219200000;ficção;estados unidos;396906;4240665.2;sm distribuidora de filmes ltda;11922.0;08.257.054/0001-49;2011;9;9
2011-09-09;os monstros;B1101472100000;ficção;brasil;428;2122.5;vitrine filmes ltda;16713.0;11.620.976/0001-83;2011;9;9
2011-09-09;riscado;B1101443200000;ficção;brasil;4357;37717.05;estação arte e eventos ltda;2974.0;03.651.641/0001-02;2011;9;9
2011-09-02;a fuga da mulher gorila;B1001327400000;ficção;brasil;353;1788.5;vitrine filmes ltda;16713.0;11.620.976/0001-83;2011;9;2
2011-09-02;apollo 18;E1600136600000;ficção;canadá;256171;2537280.49;playarte pictures entretenimentos ltda.;443.0;00.943.231/0001-39;2011;9;2
2011-09-02;cortina de fumaça;B1001292600000;documentário;brasil;251;1745.05;tva2 produções ltda.;14408.0;09.514.942/0001-62;2011;9;2
2011-09-02;hoodwinked too! hood vs evil;E1500429300000;animação;estados unidos;471381;5336921.6;wmix distribuidora ltda.;1935.0;03.918.609/0001-32;2011;9;2
2011-09-02;il richiamo;E1600414300000;ficção;argentina;4284;39505.5;alberto bitelli international films ltda;136.0;54.881.404/0001-60;2011;9;2
2011-09-02;medianeras;E1600218400000;ficção;alemanha;83798;933940.03;tag cultural distribuidora de filmes ltda;173.0;03.599.148/0001-82;2011;9;2
2011-09-02;o homem do futuro;B1101427400000;ficção;brasil;1211083;11498810.0;paramount pictures brasil distribuidora de filmes ltda;169.0;27.654.722/0001-16;2011;9;2
2011-09-02;submarino;E1600627400000;ficção;dinamarca;4595;37861.13;frederico da cruz machado - me;11990.0;03.553.092/0001-25;2011;9;2
2011-09-02;un cuento chino;E1500575400000;ficção;espanha;264524;3195218.98;sm distribuidora de filmes ltda;11922.0;08.257.054/0001-49;2011;9;2
2011-08-26;african cats;E1600221100000;documentário;estados unidos;11909;87553.0;the walt disney company (brasil) ltda.;18398.0;73.042.962/0001-87;2011;8;26
2011-08-26;ces amours-là;E1500587800000;ficção;frança;23801;224066.08;tag cultural distribuidora de filmes ltda;173.0;03.599.148/0001-82;2011;8;26
2011-08-26;crazy stupid love;E1500297000000;ficção;estados unidos;294698;2998201.0;warner bros. (south) inc.;265.0;33.015.827/0001-28;2011;8;26
2011-08-26;kylie aphrodite: les folies tour 2011;E1600245000000;vídeomusical;reino unido;3677;81803.62;mobz media s/a;19119.0;07.140.376/0001-40;2011;8;26
2011-08-26;rise of the planet of the apes;E1600202500000;ficção;estados unidos;2484531;23670825.05;fox film do brasil ltda;256.0;33.110.420/0001-80;2011;8;26
2011-08-26;the lion king;E1600217900000;animação;estados unidos;308380;4095374.5;the walt disney company (brasil) ltda.;18398.0;73.042.962/0001-87;2011;8;26
2011-08-19;a alegria;B1101441600000;ficção;brasil;3143;28733.15;spectateur-comércio e gerenciamento ltda (baixada);1132.0;01.216.636/0001-38;2011;8;19
2011-08-19;bad teacher;E1600219000000;ficção;estados unidos;720766;6771197.02;columbia tristar filmes do brasil ltda;84.0;00.979.601/0001-98;2011;8;19
2011-08-19;green lantern;E1600414200000;ficção;estados unidos;1427285;17213493.0;warner bros. (south) inc.;265.0;33.015.827/0001-28;2011;8;19
2011-08-19;io sono l'amore (aka i am love);E1600221600000;ficção;itália;36531;391446.88;sm distribuidora de filmes ltda;11922.0;08.257.054/0001-49;2011;8;19
2011-08-19;onde está a felicidade?;B1101461100000;ficção;brasil;181680;1643220.39;fox film do brasil ltda;256.0;33.110.420/0001-80;2011;8;19
2011-08-19;pacific;B1001193400000;documentário;brasil;634;2921.5;vitrine filmes ltda;16713.0;11.620.976/0001-83;2011;8;19
2011-08-19;paris je t'aime;E1600545300000;ficção;frança;87;502.0;wmix distribuidora ltda.;1935.0;03.918.609/0001-32;2011;8;19
2011-08-13;dead ringers;E1600217600000;ficção;canadá;194;418.0;f. j. video ltda;12132.0;53.625.075/0001-24;2011;8;13
2011-08-12;balada triste de trompeta;E1600552400000;ficção;espanha;6789;57593.68;serendip filmes ltda;4626.0;06.911.780/0001-08;2011;8;12
2011-08-12;dylan dog: dead of night;E1600197500000;ficção;estados unidos;23653;217738.57;playarte pictures entretenimentos ltda.;443.0;00.943.231/0001-39;2011;8;12
2011-08-12;everything will be fine;E1600203300000;ficção;dinamarca;1797;14541.5;frederico da cruz machado - me;11990.0;03.553.092/0001-25;2011;8;12
2011-08-12;solidão e fé;B1001324700000;documentário;brasil;842;3361.59;miração filmes ltda;1860.0;06.096.915/0001-29;2011;8;12
2011-08-12;super 8;E1402565600000;ficção;estados unidos;450824;4435481.0;paramount pictures brasil distribuidora de filmes ltda;169.0;27.654.722/0001-16;2011;8;12
2011-08-12;transeunte;B1101425400000;ficção;brasil;2072;16757.42;videofilmes produções artística ltda;276.0;31.179.864/0001-46;2011;8;12
2011-08-05;horrible bosses;E1500192100000;ficção;estados unidos;437731;4590028.0;warner bros. (south) inc.;265.0;33.015.827/0001-28;2011;8;5
2011-08-05;ilusiones opticas;E1500614300000;ficção;chile;1172;12561.15;tucumán distribuidora de filmes ltda;16132.0;10.681.698/0001-01;2011;8;5
2011-08-05;la guerre est déclarée;E1500306700000;ficção;frança;13607;150041.11;tag cultural distribuidora de filmes ltda;173.0;03.599.148/0001-82;2011;8;5
2011-08-05;mammuth;E1600607100000;ficção;frança;17488;174270.04;tag cultural distribuidora de filmes ltda;173.0;03.599.148/0001-82;2011;8;5
2011-08-05;não se preocupe, nada vai dar certo!;B1101438800000;ficção;brasil;141213;1256209.11;wmix distribuidora ltda.;1935.0;03.918.609/0001-32;2011;8;5
2011-08-05;the smurfs;E1600202900000;animação;estados unidos;5097814;52162064.74;columbia tristar filmes do brasil ltda;84.0;00.979.601/0001-98;2011;8;5
2011-08-02;diário de uma busca;B1101413800000;documentário;brasil;3658;34061.0;videofilmes produções artística ltda;276.0;31.179.864/0001-46;2011;8;2
2011-07-29;captain america: the first avenger;E1600202000000;ficção;estados unidos;2841148;33209899.0;paramount pictures brasil distribuidora de filmes ltda;169.0;27.654.722/0001-16;2011;7;29
2011-07-29;les plages d'agnès;E1500264100000;documentário;frança;6536;46265.5;estação arte e eventos ltda;2974.0;03.651.641/0001-02;2011;7;29
2011-07-29;melancholia;E1402417400000;ficção;alemanha;152123;1583910.15;antonio fernandes filmes ltda;532.0;02.668.665/0001-01;2011;7;29
2011-07-29;source code;E1500424800000;ficção;frança;174880;1850113.3;wmix distribuidora ltda.;1935.0;03.918.609/0001-32;2011;7;29
2011-07-29;the romantics;E1600220200000;ficção;estados unidos;20606;210192.29;sm distribuidora de filmes ltda;11922.0;08.257.054/0001-49;2011;7;29
2011-07-22;assalto ao banco central;B1101449600000;ficção;brasil;1966736;18657595.2;fox film do brasil ltda;256.0;33.110.420/0001-80;2011;7;22
2011-07-22;filhos de joão, admirável mundo novo baiano;B1001284500000;documentário;brasil;20652;156008.58;pipa nativa produção cultural ltda;5467.0;05.933.574/0001-36;2011;7;22
2011-07-22;jack goes boating;E1600592400000;ficção;estados unidos;20152;223625.7;tag cultural distribuidora de filmes ltda;173.0;03.599.148/0001-82;2011;7;22
2011-07-22;lola;E1600203400000;ficção;frança;11392;107401.62;frederico da cruz machado - me;11990.0;03.553.092/0001-25;2011;7;22
2011-07-22;october;E1600218800000;ficção;peru;3138;32083.25;mostra internacional de cinema ltda;1797.0;52.009.305/0001-68;2011;7;22
2011-07-22;the resident;E1600132800000;ficção;estados unidos;71208;720549.06;sm distribuidora de filmes ltda;11922.0;08.257.054/0001-49;2011;7;22
2011-07-15;corumbiara;B0901050500000;documentário;brasil;280;1476.0;panda filmes ltda;941.0;04.980.287/0001-14;2011;7;15
2011-07-15;harry potter and the deathly hallows, part 2;E1500193700000;ficção;estados unidos;5578643;57169669.9;warner bros. (south) inc.;265.0;33.015.827/0001-28;2011;7;15
2011-07-15;loup;E1600203500000;ficção;frança;7367;68955.1;playarte pictures entretenimentos ltda.;443.0;00.943.231/0001-39;2011;7;15
2011-07-08;cilada.com;B1101406900000;ficção;brasil;2959460;28030183.67;freespirit distribuidora de filmes ltda.;4904.0;07.616.202/0001-01;2011;7;8
2011-07-08;gainsbourg vie heroique;E1600219600000;ficção;frança;38131;406964.78;tag cultural distribuidora de filmes ltda;173.0;03.599.148/0001-82;2011;7;8
2011-07-08;welcome to the rileys;E1500441200000;ficção;estados unidos;16200;166616.45;wmix distribuidora ltda.;1935.0;03.918.609/0001-32;2011;7;8
2011-07-01;a falta que nos move;B1101396800000;ficção;brasil;7509;81849.0;spectateur-comércio e gerenciamento ltda (baixada);1132.0;01.216.636/0001-38;2011;7;1
2011-07-01;happy family;E1600203700000;ficção;itália;11367;102707.46;providence distribuidora de filmes ltda;12443.0;08.656.129/0001-64;2011;7;1
2011-07-01;mr. popper´s penguins;E1600203600000;ficção;estados unidos;2073526;36342746.03;fox film do brasil ltda;256.0;33.110.420/0001-80;2011;7;1
2011-07-01;the mission of the human resource manager;E1600219700000;ficção;alemanha;9963;99220.03;tag cultural distribuidora de filmes ltda;173.0;03.599.148/0001-82;2011;7;1
2011-07-01;transformers: dark of the moon;E1402344100000;ficção;estados unidos;3134578;35796388.0;paramount pictures brasil distribuidora de filmes ltda;169.0;27.654.722/0001-16;2011;7;1
2011-06-24;2012 - time for change;E1500087700000;documentário;estados unidos;1165;10796.0;vitrine filmes ltda;16713.0;11.620.976/0001-83;2011;6;24
2011-06-24;foo fighters back and forth + show foo fighters;E1600583700000;documentário;estados unidos;15142;282252.76;mobz media s/a;19119.0;07.140.376/0001-40;2011;6;24
2011-06-24;morro do céu;B1201546800000;documentário;brasil;367;1692.0;vitrine filmes ltda;16713.0;11.620.976/0001-83;2011;6;24
2011-06-23;cars 2;E1500655800000;animação;estados unidos;3416708;33709236.45;the walt disney company (brasil) ltda.;18398.0;73.042.962/0001-87;2011;6;23
2011-06-23;la casa muda;E1600220900000;ficção;uruguai;29732;299350.39;playarte pictures entretenimentos ltda.;443.0;00.943.231/0001-39;2011;6;23
2011-06-23;potiche;E1600220500000;ficção;frança;108842;1171806.15;tag cultural distribuidora de filmes ltda;173.0;03.599.148/0001-82;2011;6;23
2011-06-17;4 x timão - a conquista do tetra;B1101416000000;documentário;brasil;131;1829.0;fox film do brasil ltda;256.0;33.110.420/0001-80;2011;6;17
2011-06-17;estrada real da cachaça;B1101389300000;documentário;brasil;1083;6788.5;vitrine filmes ltda;16713.0;11.620.976/0001-83;2011;6;17
2011-06-17;mamonas para sempre;B0901034700000;documentário;brasil;21154;163720.25;cannes produções s/a;2250.0;72.672.017/0001-04;2011;6;17
2011-06-17;midnight in paris;E1600219100000;ficção;espanha;1164804;13210619.31;sm distribuidora de filmes ltda;11922.0;08.257.054/0001-49;2011;6;17
2011-06-17;top models - um conto de fadas brasileiro;B1001314100000;documentário;brasil;870;8759.0;spectateur-comércio e gerenciamento ltda (baixada);1132.0;01.216.636/0001-38;2011;6;17
2011-06-17;vénus noire;E1600220100000;ficção;frança;7095;64681.9;tag cultural distribuidora de filmes ltda;173.0;03.599.148/0001-82;2011;6;17
2011-06-10;belair;B1001191000000;documentário;brasil;1282;9357.7;pipa nativa produção cultural ltda;5467.0;05.933.574/0001-36;2011;6;10
2011-06-10;blue valentine;E1600221800000;ficção;estados unidos;106457;1110163.78;sm distribuidora de filmes ltda;11922.0;08.257.054/0001-49;2011;6;10
2011-06-10;família braz - dois tempos;B1101422700000;documentário;brasil;2907;30090.5;videofilmes produções artística ltda;276.0;31.179.864/0001-46;2011;6;10
2011-06-10;kung fu panda 2;E1600593500000;animação;estados unidos;3034101;31296173.0;paramount pictures brasil distribuidora de filmes ltda;169.0;27.654.722/0001-16;2011;6;10
2011-06-10;o gringo;E1500882500000;documentário;brasil;1218;9676.0;pipa nativa produção cultural ltda;5467.0;05.933.574/0001-36;2011;6;10
2011-06-10;qualquer gato vira-lata;B1101431800000;ficção;brasil;1194628;10742238.99;the walt disney company (brasil) ltda.;18398.0;73.042.962/0001-87;2011;6;10
2011-06-10;saturno contro;E1600621800000;ficção;itália;14626;117283.34;m.f.p. petrini;18028.0;12.615.800/0001-04;2011;6;10
2011-06-08;daquele instante em diante;B1101453900000;documentário;brasil;16;320.0;kompanhia teatro multimídia de são paulo;57643.0;60.740.149/0001-39;2011;6;8
2011-06-03;estamos juntos;B1101415000000;ficção;brasil;33187;266545.55;wmix distribuidora ltda.;1935.0;03.918.609/0001-32;2011;6;3
2011-06-03;quebrando o tabu;B1101411000000;documentário;brasil;24971;254802.99;spectateur-comércio e gerenciamento ltda (baixada);1132.0;01.216.636/0001-38;2011;6;3
2011-06-03;x-men: first class;E1600638200000;ficção;estados unidos;2694795;24269453.34;fox film do brasil ltda;256.0;33.110.420/0001-80;2011;6;3
2011-05-27;estrada para ythaca;B1001340200000;ficção;brasil;841;5402.5;vitrine filmes ltda;16713.0;11.620.976/0001-83;2011;5;27
2011-05-27;inversão;B1001190900000;ficção;brasil;136;885.0;antonio fernandes filmes ltda;532.0;02.668.665/0001-01;2011;5;27
2011-05-27;la tête en friche;E1600134400000;ficção;frança;80511;859261.81;tag cultural distribuidora de filmes ltda;173.0;03.599.148/0001-82;2011;5;27
2011-05-27;the beaver;E1600246500000;ficção;emirados árabes unidos;49499;505237.03;sm distribuidora de filmes ltda;11922.0;08.257.054/0001-49;2011;5;27
2011-05-27;the hangover ii;E1600219900000;ficção;estados unidos;2841000;27151036.0;warner bros. (south) inc.;265.0;33.015.827/0001-28;2011;5;27
2011-05-27;the lincoln lawyer;E1500421500000;ficção;estados unidos;79757;855042.5;wmix distribuidora ltda.;1935.0;03.918.609/0001-32;2011;5;27
2011-05-20;el hombre de al lado;E1600221400000;ficção;argentina;37143;430348.94;tag cultural distribuidora de filmes ltda;173.0;03.599.148/0001-82;2011;5;20
2011-05-20;o último voo do flamingo;B1001320600000;ficção;brasil;1686;14159.5;videofilmes produções artística ltda;276.0;31.179.864/0001-46;2011;5;20
2011-05-20;pirates of the caribbean: on stranger tides;E1500545800000;ficção;estados unidos;4445180;49100525.92;the walt disney company (brasil) ltda.;18398.0;73.042.962/0001-87;2011;5;20
2011-05-20;the infidel;E1500427300000;ficção;reino unido;24661;272961.73;wmix distribuidora ltda.;1935.0;03.918.609/0001-32;2011;5;20
2011-05-20;transcendendo lynch;B0901101100000;documentário;brasil;1303;11638.0;spectateur-comércio e gerenciamento ltda (baixada);1132.0;01.216.636/0001-38;2011;5;20
2011-05-13;as doze estrelas;B1101385900000;ficção;brasil;3469;32011.56;cinematográfica polifilmes ltda-me;2550.0;60.469.871/0001-80;2011;5;13
2011-05-13;lluvia;E1500050300000;ficção;argentina;7658;63168.84;panda filmes ltda;941.0;04.980.287/0001-14;2011;5;13
2011-05-13;no olho da rua;B1001344800000;ficção;brasil;8188;14109.34;rogério correa da silva produções me;346.0;55.331.961/0001-70;2011;5;13
2011-05-13;o estranho caso de angélica;E1500325200000;ficção;espanha;4908;58311.35;mostra internacional de cinema ltda;1797.0;52.009.305/0001-68;2011;5;13
2011-05-13;priest;E1600132600000;ficção;estados unidos;635862;7386372.8;columbia tristar filmes do brasil ltda;84.0;00.979.601/0001-98;2011;5;13
2011-05-13;something borrowed;E1402704300000;ficção;estados unidos;324624;3023929.92;playarte pictures entretenimentos ltda.;443.0;00.943.231/0001-39;2011;5;13
2011-05-13;the adjustment bureau;E1402612600000;ficção;estados unidos;194031;2066614.0;paramount pictures brasil distribuidora de filmes ltda;169.0;27.654.722/0001-16;2011;5;13
2011-05-13;the way back;E1600248000000;ficção;emirados árabes unidos;36112;411984.02;antonio fernandes filmes ltda;532.0;02.668.665/0001-01;2011;5;13
2011-05-13;todo mundo tem problemas sexuais;B0901098400000;ficção;brasil;70981;614832.67;estação cinema e cultura ltda;592.0;02.745.624/0001-63;2011;5;13
2011-05-13;vips - histórias reais de um mentiroso;B1101366300000;documentário;brasil;925;10958.0;reserva nacional distribuidora de filmes ltda.;11868.0;08.346.733/0001-94;2011;5;13
2011-05-13;vips - histórias reais de um mentiroso;B1101366300000;documentário;brasil;674;7831.0;tag cultural distribuidora de filmes ltda;173.0;03.599.148/0001-82;2011;5;13
2011-05-06;cinco días sin nora;E1500574500000;ficção;méxico;17788;194995.28;esfera produções culturais eireli;18039.0;11.579.388/0001-43;2011;5;6
2011-05-06;fast & furious 5;E1402488200000;ficção;estados unidos;3612670;33424339.0;paramount pictures brasil distribuidora de filmes ltda;169.0;27.654.722/0001-16;2011;5;6
2011-05-06;l'arnacoeur;E1402371600000;ficção;mônaco;49120;520033.21;tag cultural distribuidora de filmes ltda;173.0;03.599.148/0001-82;2011;5;6
2011-05-06;la despedida;E1600594600000;ficção;uruguai;275;1675.0;panda filmes ltda;941.0;04.980.287/0001-14;2011;5;6
2011-05-06;não se pode viver sem amor;B1001205400000;ficção;brasil;7653;52703.87;providence distribuidora de filmes ltda;12443.0;08.656.129/0001-64;2011;5;6
2011-05-06;rabbit hole;E1600221700000;ficção;estados unidos;51559;558216.6;sm distribuidora de filmes ltda;11922.0;08.257.054/0001-49;2011;5;6
2011-04-29;a antropóloga;B1101377300000;ficção;brasil;5584;63794.46;wmix distribuidora ltda.;1935.0;03.918.609/0001-32;2011;4;29
2011-04-29;bollywood dream - o sonho bollywoodiano;B1001319200000;ficção;brasil;6105;60561.0;spectateur-comércio e gerenciamento ltda (baixada);1132.0;01.216.636/0001-38;2011;4;29
2011-04-29;ginger and fred;E1500789200000;ficção;alemanha;106;217.0;f. j. video ltda;12132.0;53.625.075/0001-24;2011;4;29
2011-04-29;how do you know;E1500425900000;ficção;estados unidos;135903;1488947.0;wmix distribuidora ltda.;1935.0;03.918.609/0001-32;2011;4;29
2011-04-29;marcha da vida;B1001294000000;documentário;brasil;4089;37245.51;cannes produções s/a;2250.0;72.672.017/0001-04;2011;4;29
2011-04-29;natimorto;B1101378300000;ficção;brasil;2897;30576.5;camisa treze cultural ltda;4369.0;05.387.293/0001-25;2011;4;29
2011-04-29;natimorto;B1101378300000;ficção;brasil;593;5450.0;spectateur-comércio e gerenciamento ltda (baixada);1132.0;01.216.636/0001-38;2011;4;29
2011-04-29;thor;E1600221000000;ficção;estados unidos;2581538;28933349.0;paramount pictures brasil distribuidora de filmes ltda;169.0;27.654.722/0001-16;2011;4;29
2011-04-29;water for elephants;E1402439500000;ficção;estados unidos;243983;2388720.17;fox film do brasil ltda;256.0;33.110.420/0001-80;2011;4;29
2011-04-22;broder;B1001298800000;ficção;brasil;37468;372802.28;columbia tristar filmes do brasil ltda;84.0;00.979.601/0001-98;2011;4;22
2011-04-22;insidious;E1500397200000;ficção;estados unidos;172067;1600454.53;playarte pictures entretenimentos ltda.;443.0;00.943.231/0001-39;2011;4;22
2011-04-22;love comes lately;E1600606700000;ficção;alemanha;18064;192288.43;esfera produções culturais eireli;18039.0;11.579.388/0001-43;2011;4;22
2011-04-22;red riding hood;E1402744200000;ficção;estados unidos;424204;3866467.0;warner bros. (south) inc.;265.0;33.015.827/0001-28;2011;4;22
2011-04-21;barney's version;E1600552700000;ficção;canadá;50991;581392.2;antonio fernandes filmes ltda;532.0;02.668.665/0001-01;2011;4;21
2011-04-21;hop;E1402603700000;animação;estados unidos;341194;2943634.0;paramount pictures brasil distribuidora de filmes ltda;169.0;27.654.722/0001-16;2011;4;21
2011-04-21;rio sonata: nana caymmi;E1600240000000;documentário;brasil;4262;32746.85;tag cultural distribuidora de filmes ltda;173.0;03.599.148/0001-82;2011;4;21
2011-04-15;baby(ies);E1600552200000;documentário;frança;11326;128159.2;cannes produções s/a;2250.0;72.672.017/0001-04;2011;4;15
2011-04-15;i am number four;E1600221500000;ficção;estados unidos;606326;5552411.54;the walt disney company (brasil) ltda.;18398.0;73.042.962/0001-87;2011;4;15
2011-04-15;scream 4;E1500415700000;ficção;estados unidos;852856;7763908.13;wmix distribuidora ltda.;1935.0;03.918.609/0001-32;2011;4;15
2011-04-08;contracorriente;E1600136400000;ficção;alemanha;21938;223591.7;alberto bitelli international films ltda;136.0;54.881.404/0001-60;2011;4;8
2011-04-08;rio;E1600221900000;animação;estados unidos;6358348;68785405.15;fox film do brasil ltda;256.0;33.110.420/0001-80;2011;4;8
2011-04-08;tournée;E1600635200000;ficção;frança;11641;121337.67;tag cultural distribuidora de filmes ltda;173.0;03.599.148/0001-82;2011;4;8
2011-04-01;as mães de chico xavier;B1101377100000;ficção;brasil;517330;4598470.13;sm distribuidora de filmes ltda;11922.0;08.257.054/0001-49;2011;4;1
2011-04-01;drive angry;E1600135600000;ficção;estados unidos;340192;3851638.0;warner bros. (south) inc.;265.0;33.015.827/0001-28;2011;4;1
2011-04-01;morning glory;E1600246900000;ficção;estados unidos;140476;1529972.0;paramount pictures brasil distribuidora de filmes ltda;169.0;27.654.722/0001-16;2011;4;1
2011-04-01;ricky;E1600246800000;ficção;frança;6458;58217.88;antonio fernandes filmes ltda;532.0;02.668.665/0001-01;2011;4;1
2011-03-25;cosa voglio di più;E1600222000000;ficção;itália;10296;93147.8;m.f.p. petrini;18028.0;12.615.800/0001-04;2011;3;25
2011-03-25;dorian gray;E1600563700000;ficção;reino unido;58046;564888.61;cannes produções s/a;2250.0;72.672.017/0001-04;2011;3;25
2011-03-25;je suis heureux que ma mère soit vivante;E1600134200000;ficção;frança;4149;42057.69;tag cultural distribuidora de filmes ltda;173.0;03.599.148/0001-82;2011;3;25
2011-03-25;limitless;E1500419900000;ficção;estados unidos;296397;3082199.12;wmix distribuidora ltda.;1935.0;03.918.609/0001-32;2011;3;25
2011-03-25;paranormal acitivity 2: tokyo night;E1600239700000;ficção;japão;164411;1510478.96;playarte pictures entretenimentos ltda.;443.0;00.943.231/0001-39;2011;3;25
2011-03-25;paranormal activity 2;E1402489200000;ficção;estados unidos;792338;7061337.0;paramount pictures brasil distribuidora de filmes ltda;169.0;27.654.722/0001-16;2011;3;25
2011-03-25;sucker punch;E1600135700000;ficção;canadá;198829;1789772.0;warner bros. (south) inc.;265.0;33.015.827/0001-28;2011;3;25
2011-03-25;u2 3d;E1600245300000;documentário;estados unidos;32172;623273.68;mobz media s/a;19119.0;07.140.376/0001-40;2011;3;25
2011-03-25;vips;B1001330400000;ficção;brasil;593855;5881648.0;paramount pictures brasil distribuidora de filmes ltda;169.0;27.654.722/0001-16;2011;3;25
2011-03-18;animals united;E1600247500000;animação;alemanha;281967;3453709.76;playarte pictures entretenimentos ltda.;443.0;00.943.231/0001-39;2011;3;18
2011-03-18;copie conforme;E1600558200000;ficção;frança;120954;1246735.52;tag cultural distribuidora de filmes ltda;173.0;03.599.148/0001-82;2011;3;18
2011-03-18;fair game;E1600583000000;ficção;estados unidos;92986;1038728.32;sm distribuidora de filmes ltda;11922.0;08.257.054/0001-49;2011;3;18
2011-03-18;never let me go;E1600247800000;ficção;estados unidos;13388;120513.1;fox film do brasil ltda;256.0;33.110.420/0001-80;2011;3;18
2011-03-18;no strings attached;E1600133700000;ficção;estados unidos;569655;5557845.0;paramount pictures brasil distribuidora de filmes ltda;169.0;27.654.722/0001-16;2011;3;18
2011-03-18;rapt;E1600619600000;ficção;frança;7450;73549.7;serendip filmes ltda;4626.0;06.911.780/0001-08;2011;3;18
2011-03-18;the mechanic;E1500427200000;ficção;estados unidos;83827;759181.14;wmix distribuidora ltda.;1935.0;03.918.609/0001-32;2011;3;18
2011-03-18;world invasion: battle la;E1600135300000;ficção;estados unidos;769357;7049477.31;columbia tristar filmes do brasil ltda;84.0;00.979.601/0001-98;2011;3;18
2011-03-11;corpos celestes;B0901102500000;ficção;brasil;1980;17631.68;panda filmes ltda;941.0;04.980.287/0001-14;2011;3;11
2011-03-11;hall pass;E1402768100000;ficção;estados unidos;226808;2069809.0;warner bros. (south) inc.;265.0;33.015.827/0001-28;2011;3;11
2011-03-11;i spit on your grave;E1600247700000;ficção;estados unidos;28945;266984.39;sm distribuidora de filmes ltda;11922.0;08.257.054/0001-49;2011;3;11
2011-03-11;in a better world;E1600590300000;ficção;dinamarca;40987;428230.73;antonio fernandes filmes ltda;532.0;02.668.665/0001-01;2011;3;11
2011-03-11;restrepo;E1600619900000;documentário;estados unidos;3856;35231.5;cannes produções s/a;2250.0;72.672.017/0001-04;2011;3;11
2011-03-11;vanishing on 7th street;E1600636600000;ficção;estados unidos;30209;290793.27;playarte pictures entretenimentos ltda.;443.0;00.943.231/0001-39;2011;3;11
2011-03-09;rango;E1402517800000;animação;estados unidos;1021074;8193146.0;paramount pictures brasil distribuidora de filmes ltda;169.0;27.654.722/0001-16;2011;3;9
2011-03-04;big mommas: like father, like son;E1600247900000;ficção;estados unidos;603976;5122735.39;fox film do brasil ltda;256.0;33.110.420/0001-80;2011;3;4
2011-03-04;gnomeo and juliet;E1500419800000;animação;estados unidos;1127519;13723529.91;wmix distribuidora ltda.;1935.0;03.918.609/0001-32;2011;3;4
2011-03-04;just go with it;E1600134600000;ficção;estados unidos;2113681;19340259.6;columbia tristar filmes do brasil ltda;84.0;00.979.601/0001-98;2011;3;4
2011-03-04;lope;B1001321100000;ficção;brasil;32790;337065.0;warner bros. (south) inc.;265.0;33.015.827/0001-28;2011;3;4
2011-02-25;bruna surfistinha;B1101347100000;ficção;brasil;2177555;20039215.11;wmix distribuidora ltda.;1935.0;03.918.609/0001-32;2011;2;25
2011-02-25;incendies;E1600590500000;ficção;canadá;56239;610024.36;tag cultural distribuidora de filmes ltda;173.0;03.599.148/0001-82;2011;2;25
2011-02-25;justin bieber: never say never;E1402595300000;documentário;estados unidos;447957;5040271.0;paramount pictures brasil distribuidora de filmes ltda;169.0;27.654.722/0001-16;2011;2;25
2011-02-25;mulatas! um tufão nos quadris;B1101368000000;documentário;brasil;233;1605.75;carioca filmes ltda;1442.0;03.998.915/0001-26;2011;2;25
2011-02-25;shi;E1402373900000;ficção;coréia do sul;21020;216816.21;tag cultural distribuidora de filmes ltda;173.0;03.599.148/0001-82;2011;2;25
2011-02-25;unknown;E1600247400000;ficção;alemanha;299248;2806905.0;warner bros. (south) inc.;265.0;33.015.827/0001-28;2011;2;25
2011-02-18;127 hours;E1600546400000;ficção;estados unidos;194473;2044970.51;fox film do brasil ltda;256.0;33.110.420/0001-80;2011;2;18
2011-02-18;inside job;E1600592000000;documentário;estados unidos;17900;180128.12;columbia tristar filmes do brasil ltda;84.0;00.979.601/0001-98;2011;2;18
2011-02-18;the green hornet;E1600630000000;ficção;estados unidos;725895;8424485.19;columbia tristar filmes do brasil ltda;84.0;00.979.601/0001-98;2011;2;18
2011-02-11;burlesque;E1600553900000;ficção;estados unidos;73927;654005.79;columbia tristar filmes do brasil ltda;84.0;00.979.601/0001-98;2011;2;11
2011-02-11;gruppo di famiglia in un interno;E1600246000000;ficção;frança;3225;25483.5;tag cultural distribuidora de filmes ltda;173.0;03.599.148/0001-82;2011;2;11
2011-02-11;o samba que mora em mim;B1001318100000;documentário;brasil;1886;16095.16;centro de cultura cinematográfica providence;333.0;01.368.016/0001-14;2011;2;11
2011-02-11;o samba que mora em mim;B1001318100000;documentário;brasil;67;326.29;providence distribuidora de filmes ltda;12443.0;08.656.129/0001-64;2011;2;11
2011-02-11;the king's speech;E1600010199999;ficção;austrália;1104322;11348042.94;sm distribuidora de filmes ltda;11922.0;08.257.054/0001-49;2011;2;11
2011-02-11;the king's speech;E1300000100000;ficção;austrália;1103054;11329396.69;sm distribuidora de filmes ltda;11922.0;08.257.054/0001-49;2011;2;11
2011-02-11;the rite;E1402853400000;ficção;estados unidos;720890;6448231.0;warner bros. (south) inc.;265.0;33.015.827/0001-28;2011;2;11
2011-02-11;true grit;E1402711700000;ficção;estados unidos;367659;3566347.0;paramount pictures brasil distribuidora de filmes ltda;169.0;27.654.722/0001-16;2011;2;11
2011-02-04;black swan;E1600553000000;ficção;estados unidos;1456054;14357838.74;fox film do brasil ltda;256.0;33.110.420/0001-80;2011;2;4
2011-02-04;malu de bicicleta;B1001259500000;ficção;brasil;19084;162823.59;freespirit distribuidora de filmes ltda.;4904.0;07.616.202/0001-01;2011;2;4
2011-02-04;sanctum;E1600621700000;ficção;estados unidos;670102;8886841.77;sm distribuidora de filmes ltda;11922.0;08.257.054/0001-49;2011;2;4
2011-02-04;splice - a nova espécie;E1500883000000;ficção;canadá;8769;73724.2;antonio fernandes filmes ltda;532.0;02.668.665/0001-01;2011;2;4
2011-02-04;the fighter;E1500427000000;ficção;estados unidos;173878;1710470.27;wmix distribuidora ltda.;1935.0;03.918.609/0001-32;2011;2;4
2011-01-28;let me in;E1500881700000;ficção;estados unidos;60055;521125.0;paramount pictures brasil distribuidora de filmes ltda;169.0;27.654.722/0001-16;2011;1;28
2011-01-28;love and other drugs;E1500229000000;ficção;estados unidos;315516;3031175.89;fox film do brasil ltda;256.0;33.110.420/0001-80;2011;1;28
2011-01-28;sammy's avonturen: de geheime doorgang;E1500839600000;animação;frança;136602;1412853.19;playarte pictures entretenimentos ltda.;443.0;00.943.231/0001-39;2011;1;28
2011-01-28;season of the witch;E1500426900000;ficção;estados unidos;1498453;13058876.7;wmix distribuidora ltda.;1935.0;03.918.609/0001-32;2011;1;28
2011-01-28;somewhere;E1402603900000;ficção;estados unidos;61823;673161.0;paramount pictures brasil distribuidora de filmes ltda;169.0;27.654.722/0001-16;2011;1;28
2011-01-28;the last station;E1500718100000;ficção;alemanha;18168;158225.26;columbia tristar filmes do brasil ltda;84.0;00.979.601/0001-98;2011;1;28
2011-01-28;winter's bone;E1600638000000;ficção;estados unidos;48689;479409.18;antonio fernandes filmes ltda;532.0;02.668.665/0001-01;2011;1;28
2011-01-21;biutiful;E1500881600000;ficção;espanha;97865;1026171.84;sm distribuidora de filmes ltda;11922.0;08.257.054/0001-49;2011;1;21
2011-01-21;brasil animado;B1101348300000;animação;brasil;142494;1019552.36;wmix distribuidora ltda.;1935.0;03.918.609/0001-32;2011;1;21
2011-01-21;duas mulheres;B1001192900000;ficção;brasil;232;1725.0;pipa nativa produção cultural ltda;5467.0;05.933.574/0001-36;2011;1;21
2011-01-21;lixo extraordinário;B1001276700000;documentário;brasil;52485;408151.34;freespirit distribuidora de filmes ltda.;4904.0;07.616.202/0001-01;2011;1;21
2011-01-21;lung boonmee raluek chat;E1402771300000;ficção;espanha;20805;199343.5;mostra internacional de cinema ltda;1797.0;52.009.305/0001-68;2011;1;21
2011-01-21;tourist, the;E1500073000000;ficção;frança;1794210;16599104.63;columbia tristar filmes do brasil ltda;84.0;00.979.601/0001-98;2011;1;21
2011-01-21;yogi bear;E1600500900000;animação;estados unidos;1450720;13110147.0;warner bros. (south) inc.;265.0;33.015.827/0001-28;2011;1;21
2011-01-14;charlie st. cloud;E1402612500000;ficção;estados unidos;67956;597575.0;paramount pictures brasil distribuidora de filmes ltda;169.0;27.654.722/0001-16;2011;1;14
2011-01-14;desenrola;B1001315900000;ficção;brasil;331423;2673784.14;freespirit distribuidora de filmes ltda.;4904.0;07.616.202/0001-01;2011;1;14
2011-01-14;dieta mediterránea;E1600563200000;ficção;espanha;16182;163078.79;tag cultural distribuidora de filmes ltda;173.0;03.599.148/0001-82;2011;1;14
2011-01-14;gulliver´s travels;E1600542100000;ficção;estados unidos;1330938;13368199.14;fox film do brasil ltda;256.0;33.110.420/0001-80;2011;1;14
2011-01-14;l'illusionniste;E1500882900000;animação;frança;25955;238478.02;playarte pictures entretenimentos ltda.;443.0;00.943.231/0001-39;2011;1;14
2011-01-14;the golden compass;E1500171200000;ficção;estados unidos;1583538;11963321.27;playarte pictures entretenimentos ltda.;443.0;00.943.231/0001-39;2011;1;14
2011-01-07;hereafter;E1402769100000;ficção;estados unidos;583149;6163048.0;warner bros. (south) inc.;265.0;33.015.827/0001-28;2011;1;7
2011-01-07;little fockers;E1600606200000;ficção;estados unidos;944449;8904432.0;paramount pictures brasil distribuidora de filmes ltda;169.0;27.654.722/0001-16;2011;1;7
2011-01-07;tangled;E1600065600000;animação;estados unidos;3940518;39851457.91;columbia tristar filmes do brasil ltda;84.0;00.979.601/0001-98;2011;1;7
2011-01-07;tangled;E1600065600000;animação;estados unidos;4155;37896.5;the walt disney company (brasil) ltda.;18398.0;73.042.962/0001-87;2011;1;7
2011-01-07;the tree;E1600628500000;ficção;frança;14662;135642.88;centro de cultura cinematográfica providence;333.0;01.368.016/0001-14;2011;1;7
2011-01-07;unstoppable;E1500205000000;ficção;estados unidos;513925;4776410.42;fox film do brasil ltda;256.0;33.110.420/0001-80;2011;1;7
2011-01-01;mine vaganti;E1600608100000;ficção;itália;39091;420632.07;tag cultural distribuidora de filmes ltda;173.0;03.599.148/0001-82;2011;1;1
2010-12-31;de pernas pro ar;B1001305900000;ficção;brasil;3506553;31035778.76;freespirit distribuidora de filmes ltda.;4904.0;07.616.202/0001-01;2010;12;31
2010-12-31;hors-la-loi;E1600542300000;ficção;frança;7622;61938.54;antonio fernandes filmes ltda;532.0;02.668.665/0001-01;2010;12;31
2010-12-31;sunshine cleaning;E1600627600000;ficção;estados unidos;8926;92260.27;cannes produções s/a;2250.0;72.672.017/0001-04;2010;12;31
2010-12-24;le concert;E1600544200000;ficção;bélgica;71465;680794.82;sm distribuidora de filmes ltda;11922.0;08.257.054/0001-49;2010;12;24
2010-12-24;the good heart;E1600631800000;ficção;estados unidos;4774;44395.5;tag cultural distribuidora de filmes ltda;173.0;03.599.148/0001-82;2010;12;24
2010-12-24;the joneses;E1600629800000;ficção;estados unidos;94565;937741.04;antonio fernandes filmes ltda;532.0;02.668.665/0001-01;2010;12;24
2010-12-24;the next three days;E1500426400000;ficção;estados unidos;447090;4320070.16;wmix distribuidora ltda.;1935.0;03.918.609/0001-32;2010;12;24
2010-12-24;yona yona penguin;E1600638600000;animação;japão;34802;256508.68;playarte pictures entretenimentos ltda.;443.0;00.943.231/0001-39;2010;12;24
2010-12-17;aparecida, o milagre;B1001319100000;ficção;brasil;243336;1830173.0;paramount pictures brasil distribuidora de filmes ltda;169.0;27.654.722/0001-16;2010;12;17
2010-12-17;oceans;E1600611000000;documentário;frança;15266;150851.24;playarte pictures entretenimentos ltda.;443.0;00.943.231/0001-39;2010;12;17
2010-12-17;tron: legacy;E1500029300000;ficção;estados unidos;1366098;15015865.73;columbia tristar filmes do brasil ltda;84.0;00.979.601/0001-98;2010;12;17
2010-12-10;amor por acaso;B1001330500000;ficção;brasil;52403;460621.91;playarte pictures entretenimentos ltda.;443.0;00.943.231/0001-39;2010;12;10
2010-12-10;buried;E1600554000000;ficção;estados unidos;50237;434121.75;antonio fernandes filmes ltda;532.0;02.668.665/0001-01;2010;12;10
2010-12-10;haarautuvan rakkauden talo;E1600588100000;ficção;finlândia;10029;94580.83;tag cultural distribuidora de filmes ltda;173.0;03.599.148/0001-82;2010;12;10
2010-12-10;machete;E1600606800000;ficção;estados unidos;16869;150668.86;columbia tristar filmes do brasil ltda;84.0;00.979.601/0001-98;2010;12;10
2010-12-10;meu mundo em perigo;B1001312200000;ficção;brasil;1389;8146.74;vitrine filmes ltda;16713.0;11.620.976/0001-83;2010;12;10
2010-12-10;my soul to take;E1500426500000;ficção;estados unidos;47815;390433.93;wmix distribuidora ltda.;1935.0;03.918.609/0001-32;2010;12;10
2010-12-10;tetro;E1500650700000;ficção;frança;48495;481548.97;tag cultural distribuidora de filmes ltda;173.0;03.599.148/0001-82;2010;12;10
2010-12-10;the chronicles of narnia: the voyage of the dawn treader;E1600640300000;ficção;estados unidos;2722970;25411764.31;fox film do brasil ltda;256.0;33.110.420/0001-80;2010;12;10
2010-12-03;carancho;E1600555600000;ficção;argentina;39641;377783.8;sm distribuidora de filmes ltda;11922.0;08.257.054/0001-49;2010;12;3
2010-12-03;elza;B0901027700000;documentário;brasil;4394;29704.7;de felippes filmes e produções ltda;7128.0;08.427.088/0001-34;2010;12;3
2010-12-03;film socialisme;E1600583500000;ficção;frança;9183;92764.2;tag cultural distribuidora de filmes ltda;173.0;03.599.148/0001-82;2010;12;3
2010-12-03;l'anour fou;E1600593900000;documentário;frança;12130;115692.21;serendip filmes ltda;4626.0;06.911.780/0001-08;2010;12;3
2010-12-03;megamind;E1402667900000;animação;estados unidos;1961790;18192334.0;paramount pictures brasil distribuidora de filmes ltda;169.0;27.654.722/0001-16;2010;12;3
2010-12-03;nowhere boy;E1500441100000;ficção;canadá;39597;391314.49;wmix distribuidora ltda.;1935.0;03.918.609/0001-32;2010;12;3
2010-12-03;skyline;E1600537600000;ficção;estados unidos;203309;1798475.04;playarte pictures entretenimentos ltda.;443.0;00.943.231/0001-39;2010;12;3
2010-12-03;social network, the;E1500053000000;ficção;estados unidos;908049;8919863.41;columbia tristar filmes do brasil ltda;84.0;00.979.601/0001-98;2010;12;3
2010-11-26;centurion;E1600556200000;ficção;inglaterra;32830;290297.16;playarte pictures entretenimentos ltda.;443.0;00.943.231/0001-39;2010;11;26
2010-11-26;devil;E1600562800000;ficção;estados unidos;128750;1142424.0;paramount pictures brasil distribuidora de filmes ltda;169.0;27.654.722/0001-16;2010;11;26
2010-11-26;habitación en roma;E1600588300000;ficção;espanha;4326;35713.89;tag cultural distribuidora de filmes ltda;173.0;03.599.148/0001-82;2010;11;26
2010-11-26;other guys, the;E1402837100000;ficção;estados unidos;57473;494113.58;columbia tristar filmes do brasil ltda;84.0;00.979.601/0001-98;2010;11;26
2010-11-26;vida sobre rodas;B1001311200000;documentário;brasil;3572;35633.9;columbia tristar filmes do brasil ltda;84.0;00.979.601/0001-98;2010;11;26
2010-11-26;you will meet a tall dark stranger;E1600638700000;ficção;reino unido;257001;2717108.62;sm distribuidora de filmes ltda;11922.0;08.257.054/0001-49;2010;11;26
2010-11-19;a falta que me faz;B1001302600000;documentário;brasil;387;3304.4;anavilhana filmes ltda - me;5313.0;07.525.577/0001-66;2010;11;19
2010-11-19;acácio;B0800935800000;documentário;brasil;431;3375.0;anavilhana filmes ltda - me;5313.0;07.525.577/0001-66;2010;11;19
2010-11-19;harry potter and the deathly hallows - part 1;E1500138700000;ficção;estados unidos;4582790;39129433.1;warner bros. (south) inc.;265.0;33.015.827/0001-28;2010;11;19
2010-11-19;kolme viisasta miestä;E1600593400000;ficção;finlândia;928;8565.0;tag cultural distribuidora de filmes ltda;173.0;03.599.148/0001-82;2010;11;19
2010-11-19;life during wartime;E1500439900000;ficção;estados unidos;4742;41990.5;wmix distribuidora ltda.;1935.0;03.918.609/0001-32;2010;11;19
2010-11-19;the american;E1600634100000;ficção;estados unidos;31008;308307.0;paramount pictures brasil distribuidora de filmes ltda;169.0;27.654.722/0001-16;2010;11;19
2010-11-19;un homme qui crie;E1600635900000;ficção;chade;6352;51675.6;bonfilm produção e distribuição audiovisual ltda;14462.0;10.383.039/0001-99;2010;11;19
2010-11-12;jackass 3d;E1600592200000;ficção;estados unidos;66932;922633.0;paramount pictures brasil distribuidora de filmes ltda;169.0;27.654.722/0001-16;2010;11;12
2010-11-12;muita calma nessa hora;B1001282000000;ficção;brasil;1485498;12832975.18;cannes produções s/a;2250.0;72.672.017/0001-04;2010;11;12
2010-11-12;red;E1500879300000;ficção;estados unidos;714817;6879576.87;sm distribuidora de filmes ltda;11922.0;08.257.054/0001-49;2010;11;12
2010-11-12;senna;E1402669100000;documentário;estados unidos;216507;2325695.0;paramount pictures brasil distribuidora de filmes ltda;169.0;27.654.722/0001-16;2010;11;12
2010-11-12;the kids are all right;E1500426200000;ficção;estados unidos;92768;967091.51;wmix distribuidora ltda.;1935.0;03.918.609/0001-32;2010;11;12
2010-11-05;as cartas psicografadas por chico xavier;B1001256000000;documentário;brasil;7431;60280.74;ciclorama filmes ltda.;17471.0;12.124.611/0001-20;2010;11;5
2010-11-05;cyrus;E1600561700000;ficção;estados unidos;10093;104906.7;fox film do brasil ltda;256.0;33.110.420/0001-80;2010;11;5
2010-11-05;due date;E1500576600000;ficção;estados unidos;593157;5489598.98;warner bros. (south) inc.;265.0;33.015.827/0001-28;2010;11;5
2010-11-05;josé e pilar;B1001318000000;documentário;brasil;39628;350700.61;spectateur-comércio e gerenciamento ltda (baixada);1132.0;01.216.636/0001-38;2010;11;5
2010-11-05;ondine;E1500460800000;ficção;estados unidos;6759;57690.5;wmix distribuidora ltda.;1935.0;03.918.609/0001-32;2010;11;5
2010-11-05;saw vii;E1500425800000;ficção;canadá;595256;7264623.25;wmix distribuidora ltda.;1935.0;03.918.609/0001-32;2010;11;5
2010-11-05;scott pilgrim vs. the world;E1600336000000;ficção;canadá;14942;139307.0;paramount pictures brasil distribuidora de filmes ltda;169.0;27.654.722/0001-16;2010;11;5
2010-11-05;white material;E1600637900000;ficção;frança;7757;83171.51;tag cultural distribuidora de filmes ltda;173.0;03.599.148/0001-82;2010;11;5
2010-10-29;a suprema felicidade;B1001283500000;ficção;brasil;219472;2121215.0;paramount pictures brasil distribuidora de filmes ltda;169.0;27.654.722/0001-16;2010;10;29
2010-10-29;federal;B0800966100000;ficção;brasil;114483;992428.16;cannes produções s/a;2250.0;72.672.017/0001-04;2010;10;29
2010-10-29;garfield pet force;E1600584500000;animação;estados unidos;362448;4205748.36;playarte pictures entretenimentos ltda.;443.0;00.943.231/0001-39;2010;10;29
2010-10-29;grêm10x0;B1001311400000;documentário;brasil;389;3814.84;g7 investimentos e participaçõoes ltda;5341.0;07.139.247/0001-32;2010;10;29
2010-10-29;les aventures extraordinaires d'adèle blanc-sec;E1500429000000;ficção;frança;54885;466436.53;wmix distribuidora ltda.;1935.0;03.918.609/0001-32;2010;10;29
2010-10-29;please give;E1600613300000;ficção;estados unidos;4756;40345.45;columbia tristar filmes do brasil ltda;84.0;00.979.601/0001-98;2010;10;29
2010-10-29;supremacia vermelha;B1001311300000;documentário;brasil;568;5678.74;g7 investimentos e participaçõoes ltda;5341.0;07.139.247/0001-32;2010;10;29
2010-10-29;the town;E1600629900000;ficção;estados unidos;158698;1639628.0;warner bros. (south) inc.;265.0;33.015.827/0001-28;2010;10;29
2010-10-22;micmacs a tire-larigot;E1600607900000;ficção;frança;1348;11701.32;columbia tristar filmes do brasil ltda;84.0;00.979.601/0001-98;2010;10;22
2010-10-22;piranha 3d;E1402419000000;ficção;estados unidos;146620;1550441.5;wmix distribuidora ltda.;1935.0;03.918.609/0001-32;2010;10;22
2010-10-22;solitary man;E1600625800000;ficção;estados unidos;63566;674157.69;antonio fernandes filmes ltda;532.0;02.668.665/0001-01;2010;10;22
2010-10-22;stone;E1500426800000;ficção;estados unidos;55200;556241.5;wmix distribuidora ltda.;1935.0;03.918.609/0001-32;2010;10;22
2010-10-22;tell tale;E1600628200000;ficção;estados unidos;20065;166043.49;playarte pictures entretenimentos ltda.;443.0;00.943.231/0001-39;2010;10;22
2010-10-15;amintiri din epoca de aur;E1600550600000;ficção;romênia;5296;56567.73;tag cultural distribuidora de filmes ltda;173.0;03.599.148/0001-82;2010;10;15
2010-10-15;como esquecer;B1001214400000;ficção;brasil;42539;339996.14;cannes produções s/a;2250.0;72.672.017/0001-04;2010;10;15
2010-10-15;life as we know it;E1600601700000;ficção;estados unidos;476450;4211640.45;warner bros. (south) inc.;265.0;33.015.827/0001-28;2010;10;15
2010-10-08;dos hermanos;E1402583000000;ficção;argentina;36796;365239.32;tag cultural distribuidora de filmes ltda;173.0;03.599.148/0001-82;2010;10;8
2010-10-08;eu e meu guarda-chuva;B1001147500000;ficção;brasil;115492;770831.0;fox film do brasil ltda;256.0;33.110.420/0001-80;2010;10;8
2010-10-08;legend of the guardians: the owls of ga` hoole;E1402466600000;animação;estados unidos;1051719;12494395.5;warner bros. (south) inc.;265.0;33.015.827/0001-28;2010;10;8
2010-10-08;the runaways;E1600633700000;ficção;estados unidos;9709;92656.89;sm distribuidora de filmes ltda;11922.0;08.257.054/0001-49;2010;10;8
2010-10-08;tropa de elite 2;B1001296000000;ficção;brasil;11147238;103462257.74;zazen produções audiovisuais ltda.;611.0;01.803.185/0001-35;2010;10;8
2010-10-01;eat pray love;E1600030600000;ficção;estados unidos;1852602;17622397.79;columbia tristar filmes do brasil ltda;84.0;00.979.601/0001-98;2010;10;1
2010-10-01;i killed my mother;E1600542500000;ficção;canadá;15018;136806.16;alberto bitelli international films ltda;136.0;54.881.404/0001-60;2010;10;1
2010-10-01;london river;E1600606300000;ficção;reino unido;13316;115741.8;antonio fernandes filmes ltda;532.0;02.668.665/0001-01;2010;10;1
2010-10-01;o sol do meio dia;B1001282200000;ficção;brasil;3889;27540.09;centro de cultura cinematográfica providence;333.0;01.368.016/0001-14;2010;10;1
2010-10-01;o sol do meio dia;B1001282200000;ficção;brasil;58;366.61;providence distribuidora de filmes ltda;12443.0;08.656.129/0001-64;2010;10;1
2010-10-01;terra deu, terra come;B1001298600000;documentário;brasil;1897;16878.4;videofilmes produções artística ltda;276.0;31.179.864/0001-46;2010;10;1
2010-10-01;vampires suck;E1600636500000;ficção;estados unidos;475781;3910553.0;fox film do brasil ltda;256.0;33.110.420/0001-80;2010;10;1
2010-09-24;a guerra dos vizinhos;B1001236800000;ficção;brasil;3659;27414.45;cinematográfica polifilmes ltda-me;2550.0;60.469.871/0001-80;2010;9;24
2010-09-24;a guerra dos vizinhos;B1001236800000;ficção;brasil;19358;58906.0;raiz distribuidora audiovisual ltda.;11792.0;08.331.280/0001-22;2010;9;24
2010-09-24;cildo;B1001237700000;documentário;brasil;848;7915.0;videofilmes produções artística ltda;276.0;31.179.864/0001-46;2010;9;24
2010-09-24;grown ups;E1402433500000;ficção;estados unidos;1525889;13087433.62;columbia tristar filmes do brasil ltda;84.0;00.979.601/0001-98;2010;9;24
2010-09-24;moscow, belgium;E1600608600000;ficção;bélgica;8206;76027.99;mostra internacional de cinema ltda;1797.0;52.009.305/0001-68;2010;9;24
2010-09-24;the last exorcism;E1600632800000;ficção;estados unidos;402841;3478728.74;playarte pictures entretenimentos ltda.;443.0;00.943.231/0001-39;2010;9;24
2010-09-24;wall street: money never sleeps;E1600639500000;ficção;estados unidos;390525;4131387.0;fox film do brasil ltda;256.0;33.110.420/0001-80;2010;9;24
2010-09-17;baarìa;E1600540600000;ficção;frança;28092;266940.16;sm distribuidora de filmes ltda;11922.0;08.257.054/0001-49;2010;9;17
2010-09-17;hadewijch;E1600588400000;ficção;frança;6971;74307.47;tag cultural distribuidora de filmes ltda;173.0;03.599.148/0001-82;2010;9;17
2010-09-17;léo e bia;B1001182400000;ficção;brasil;3888;21222.12;elimar produções artísticas ltda;506.0;28.026.565/0001-67;2010;9;17
2010-09-17;nanny mcphee and the big bang;E1402612200000;ficção;estados unidos;197930;1593628.0;paramount pictures brasil distribuidora de filmes ltda;169.0;27.654.722/0001-16;2010;9;17
2010-09-17;netto e o domador de cavalos;B0600623600000;ficção;brasil;2822;21042.5;walper ruas produções ltda;1572.0;05.456.798/0001-02;2010;9;17
2010-09-17;resident evil: afterlife;E1600410800000;ficção;canadá;1430951;16399171.76;columbia tristar filmes do brasil ltda;84.0;00.979.601/0001-98;2010;9;17
2010-09-17;soberano - seis vezes são paulo;B1001271700000;documentário;brasil;35212;346702.85;g7 investimentos e participaçõoes ltda;5341.0;07.139.247/0001-32;2010;9;17
2010-09-17;terras;B1001162900000;documentário;brasil;903;6782.21;vitrine filmes ltda;16713.0;11.620.976/0001-83;2010;9;17
2010-09-17;the switch;E1500426700000;ficção;estados unidos;353349;3441972.5;wmix distribuidora ltda.;1935.0;03.918.609/0001-32;2010;9;17
2010-09-10;battle for terra;E1600552900000;animação;estados unidos;12761;125529.56;playarte pictures entretenimentos ltda.;443.0;00.943.231/0001-39;2010;9;10
2010-09-10;going the distance;E1600541900000;ficção;canadá;286200;2701422.0;warner bros. (south) inc.;265.0;33.015.827/0001-28;2010;9;10
2010-09-10;hot tub time machine;E1500429100000;ficção;canadá;121437;1113713.8;wmix distribuidora ltda.;1935.0;03.918.609/0001-32;2010;9;10
2010-09-10;le refuge;E1600600400000;ficção;frança;7964;73847.65;tag cultural distribuidora de filmes ltda;173.0;03.599.148/0001-82;2010;9;10
2010-09-10;solomon kane;E1600401700000;ficção;frança;133656;1094174.14;sm distribuidora de filmes ltda;11922.0;08.257.054/0001-49;2010;9;10
2010-09-03;b1;B1001164600000;documentário;brasil;679;7002.0;spectateur-comércio e gerenciamento ltda (baixada);1132.0;01.216.636/0001-38;2010;9;3
2010-09-03;cats and dogs 2: the revenge of kitty galore;E1600541000000;ficção;austrália;565031;6264290.0;warner bros. (south) inc.;265.0;33.015.827/0001-28;2010;9;3
2010-09-03;enfin veuve;E1600582500000;ficção;frança;39776;359890.58;centro de cultura cinematográfica providence;333.0;01.368.016/0001-14;2010;9;3
2010-09-03;napoli, napoli, napoli;E1600609000000;ficção;itália;2394;27195.0;sm distribuidora de filmes ltda;11922.0;08.257.054/0001-49;2010;9;3
2010-09-03;nosso lar;B1001259400000;ficção;brasil;4060304;36126083.0;fox film do brasil ltda;256.0;33.110.420/0001-80;2010;9;3
2010-09-03;nosso lar;B1001259400000;ficção;brasil;24812;313800.32;the walt disney company (brasil) ltda.;18398.0;73.042.962/0001-87;2010;9;3
2010-09-03;programa casé;B1001257100000;documentário;brasil;2346;17017.0;spectateur-comércio e gerenciamento ltda (baixada);1132.0;01.216.636/0001-38;2010;9;3
2010-09-03;rec 2;E1600619800000;ficção;espanha;77177;689659.59;playarte pictures entretenimentos ltda.;443.0;00.943.231/0001-39;2010;9;3
2010-08-27;bellini e o demônio;B0901126600000;ficção;brasil;1661;14122.0;santa fé 1900 filmes ltda;782.0;01.097.887/0001-40;2010;8;27
2010-08-27;cinco vezes favela, agora por eles mesmos;B1001180900000;ficção;brasil;160573;1365197.66;columbia tristar filmes do brasil ltda;84.0;00.979.601/0001-98;2010;8;27
2010-08-27;fluidos;B1001205200000;ficção;brasil;342;2854.0;cinematográfica polifilmes ltda-me;2550.0;60.469.871/0001-80;2010;8;27
2010-08-27;karate kid, the;E1300000100000;ficção;estados unidos;2104863;17682265.01;columbia tristar filmes do brasil ltda;84.0;00.979.601/0001-98;2010;8;27
2010-08-27;killers;E1500426300000;ficção;estados unidos;442959;4247871.5;wmix distribuidora ltda.;1935.0;03.918.609/0001-32;2010;8;27
2010-08-20;bal;E1600552500000;ficção;alemanha;23301;205421.84;sm distribuidora de filmes ltda;11922.0;08.257.054/0001-49;2010;8;20
2010-08-20;cabeça a prêmio;B1001260400000;ficção;brasil;11707;94037.12;cannes produções s/a;2250.0;72.672.017/0001-04;2010;8;20
2010-08-20;coco chanel & igor stravisnsky;E1500668100000;ficção;frança;56018;547205.82;tag cultural distribuidora de filmes ltda;173.0;03.599.148/0001-82;2010;8;20
2010-08-20;the crazies;E1500429200000;ficção;estados unidos;21417;183717.1;wmix distribuidora ltda.;1935.0;03.918.609/0001-32;2010;8;20
2010-08-20;the last airbender;E1600215900000;ficção;estados unidos;1568702;16362849.0;paramount pictures brasil distribuidora de filmes ltda;169.0;27.654.722/0001-16;2010;8;20
2010-08-13;mother & child;E1600544900000;ficção;espanha;24051;251639.41;playarte pictures entretenimentos ltda.;443.0;00.943.231/0001-39;2010;8;13
2010-08-13;sorcerer's apprentice, the;E1402766100000;ficção;estados unidos;1014740;8474678.58;columbia tristar filmes do brasil ltda;84.0;00.979.601/0001-98;2010;8;13
2010-08-13;the expendables;E1600633100000;ficção;estados unidos;1066176;9599652.93;antonio fernandes filmes ltda;532.0;02.668.665/0001-01;2010;8;13
2010-08-13;watercolors;E1600639600000;ficção;estados unidos;1938;16203.8;alberto bitelli international films ltda;136.0;54.881.404/0001-60;2010;8;13
2010-08-09;reflexões de um liquidificador;B1001172900000;ficção;brasil;25495;179553.88;bras filmes ltda;319.0;02.920.962/0001-94;2010;8;9
2010-08-06;400 contra 1;B1001259800000;ficção;brasil;127450;1078111.22;playarte pictures entretenimentos ltda.;443.0;00.943.231/0001-39;2010;8;6
2010-08-06;despicable me;E1402519900000;animação;estados unidos;2425539;23424331.0;paramount pictures brasil distribuidora de filmes ltda;169.0;27.654.722/0001-16;2010;8;6
2010-08-06;despicable me;E1402519900000;animação;estados unidos;1233;12283.5;universal pictures international brazil ltda.;33787.0;24.810.280/0001-61;2010;8;6
2010-08-06;inception;E1500095500000;ficção;estados unidos;1780447;17468152.0;warner bros. (south) inc.;265.0;33.015.827/0001-28;2010;8;6
2010-08-06;the stranger in me;E1600632100000;ficção;alemanha;6454;58086.5;mostra internacional de cinema ltda;1797.0;52.009.305/0001-68;2010;8;6
2010-08-06;then she found me;E1600636800000;ficção;estados unidos;34642;364836.2;cannes produções s/a;2250.0;72.672.017/0001-04;2010;8;6
2010-07-30;gake no eu no ponyo;E1600584200000;animação;japão;39711;302345.72;playarte pictures entretenimentos ltda.;443.0;00.943.231/0001-39;2010;7;30
2010-07-30;le dernier pour la route;E1600601000000;ficção;frança;9698;89121.68;tag cultural distribuidora de filmes ltda;173.0;03.599.148/0001-82;2010;7;30
2010-07-30;salt;E1600621400000;ficção;estados unidos;1433588;12931664.99;columbia tristar filmes do brasil ltda;84.0;00.979.601/0001-98;2010;7;30
2010-07-30;todo poderoso: o filme - 100 anos de timão;B1001251100000;documentário;brasil;1437;16505.0;fox film do brasil ltda;256.0;33.110.420/0001-80;2010;7;30
2010-07-30;uma noite em 67;B1001229000000;documentário;brasil;82258;760684.91;videofilmes produções artística ltda;276.0;31.179.864/0001-46;2010;7;30
2010-07-23;o bem amado;B1001236300000;ficção;brasil;955444;8393718.36;columbia tristar filmes do brasil ltda;84.0;00.979.601/0001-98;2010;7;23
2010-07-23;predators;E1500234200000;ficção;estados unidos;406029;3574161.0;fox film do brasil ltda;256.0;33.110.420/0001-80;2010;7;23
2010-07-23;vincere;E1500793000000;ficção;frança;48044;472987.97;tag cultural distribuidora de filmes ltda;173.0;03.599.148/0001-82;2010;7;23
2010-07-16;death proof;E1600588000000;ficção;estados unidos;83354;835243.72;playarte pictures entretenimentos ltda.;443.0;00.943.231/0001-39;2010;7;16
2010-07-16;dzi croquettes;B1001211600000;documentário;brasil;24412;230771.21;reserva nacional distribuidora de filmes ltda.;11868.0;08.346.733/0001-94;2010;7;16
2010-07-16;knight and day;E1600593300000;ficção;estados unidos;1683065;15262450.0;fox film do brasil ltda;256.0;33.110.420/0001-80;2010;7;16
2010-07-16;o grão;B0700799200000;ficção;brasil;1805;12227.75;usina digital distribuidora de filmes ltda;4591.0;04.236.555/0001-98;2010;7;16
2010-07-09;cold souls;E1600557600000;ficção;estados unidos;16686;161833.91;cannes produções s/a;2250.0;72.672.017/0001-04;2010;7;9
2010-07-09;shrek forever after;E1600623400000;animação;estados unidos;7368374;70471835.0;paramount pictures brasil distribuidora de filmes ltda;169.0;27.654.722/0001-16;2010;7;9
2010-07-02;15 ans et demi;E1600546300000;ficção;frança;18100;168197.84;centro de cultura cinematográfica providence;333.0;01.368.016/0001-14;2010;7;2
2010-07-02;le petit nicolas;E1600600300000;ficção;frança;156908;1467970.84;tag cultural distribuidora de filmes ltda;173.0;03.599.148/0001-82;2010;7;2
2010-07-02;vittorio d;E1600639000000;documentário;itália;4622;37142.9;serendip filmes ltda;4626.0;06.911.780/0001-08;2010;7;2
2010-06-30;morgue story - sangue, baiacu e quadrinhos;B0901023600000;ficção;brasil;1205;6908.0;moro comunicacao ltda;5224.0;03.827.382/0001-10;2010;6;30
2010-06-30;the twilight saga: eclipse;E1500804900000;ficção;estados unidos;6199328;52876485.94;sm distribuidora de filmes ltda;11922.0;08.257.054/0001-49;2010;6;30
2010-06-25;bright star;E1500732800000;ficção;austrália;84205;764978.04;playarte pictures entretenimentos ltda.;443.0;00.943.231/0001-39;2010;6;25
2010-06-25;desert flower;E1600562600000;ficção;inglaterra;38585;368348.46;tag cultural distribuidora de filmes ltda;173.0;03.599.148/0001-82;2010;6;25
2010-06-22;the big four;E1300000100000;não classificada;bulgária;4068;122212.8;rain network representação comercial ltda;13613.0;07.949.581/0001-51;2010;6;22
2010-06-18;a prophet;E1600549200000;ficção;frança;32079;293131.41;columbia tristar filmes do brasil ltda;84.0;00.979.601/0001-98;2010;6;18
2010-06-18;kick-ass;E1402579500000;ficção;estados unidos;53176;498571.0;paramount pictures brasil distribuidora de filmes ltda;169.0;27.654.722/0001-16;2010;6;18
2010-06-18;o abraço corporativo;B1001203400000;documentário;brasil;929;8588.0;idéiaforte comunicações ltda;15995.0;05.319.185/0001-15;2010;6;18
2010-06-18;patrik 1,5;E1600612400000;ficção;suécia;12305;110201.74;alberto bitelli international films ltda;136.0;54.881.404/0001-60;2010;6;18
2010-06-18;the greatest;E1600630400000;ficção;estados unidos;38706;366261.43;playarte pictures entretenimentos ltda.;443.0;00.943.231/0001-39;2010;6;18
2010-06-18;the young victoria;E1600629200000;ficção;estados unidos;97687;948900.65;cannes produções s/a;2250.0;72.672.017/0001-04;2010;6;18
2010-06-18;toy story 3;E1500326100000;animação;estados unidos;4353562;42387443.16;columbia tristar filmes do brasil ltda;84.0;00.979.601/0001-98;2010;6;18
2010-06-11;half moon;E1600588500000;ficção;frança;2189;15308.6;centro de cultura cinematográfica providence;333.0;01.368.016/0001-14;2010;6;11
2010-06-11;letters to juliet;E1600176100000;ficção;estados unidos;344521;3299864.91;sm distribuidora de filmes ltda;11922.0;08.257.054/0001-49;2010;6;11
2010-06-11;nina's heavenly delights;E1600609500000;ficção;reino unido;2745;23889.46;serendip filmes ltda;4626.0;06.911.780/0001-08;2010;6;11
2010-06-11;the a-team;E1600262800000;ficção;estados unidos;423206;3791708.0;fox film do brasil ltda;256.0;33.110.420/0001-80;2010;6;11
2010-06-11;the back-up plan;E1600633200000;ficção;estados unidos;660838;6156605.25;columbia tristar filmes do brasil ltda;84.0;00.979.601/0001-98;2010;6;11
2010-06-11;the last song;E1600470000000;ficção;estados unidos;22924;194935.75;columbia tristar filmes do brasil ltda;84.0;00.979.601/0001-98;2010;6;11
2010-06-04;elevado 3.5;B0700747100000;documentário;brasil;886;8118.0;spectateur-comércio e gerenciamento ltda (baixada);1132.0;01.216.636/0001-38;2010;6;4
2010-06-04;i love you phillip morris;E1500441300000;ficção;frança;196296;1932708.93;wmix distribuidora ltda.;1935.0;03.918.609/0001-32;2010;6;4
2010-06-04;marmaduke;E1600607600000;ficção;estados unidos;255182;1801729.0;fox film do brasil ltda;256.0;33.110.420/0001-80;2010;6;4
2010-06-04;prince of persia: the sands of time;E1500449500000;ficção;estados unidos;1989228;17735404.25;columbia tristar filmes do brasil ltda;84.0;00.979.601/0001-98;2010;6;4
2010-06-04;puisque nous sommes nés;E1600613900000;documentário;frança;1190;6099.5;pipa nativa produção cultural ltda;5467.0;05.933.574/0001-36;2010;6;4
2010-06-04;south of the border;E1600546000000;documentário;estados unidos;5781;45023.33;cannes produções s/a;2250.0;72.672.017/0001-04;2010;6;4
2010-05-28;alma do osso, a;B0400104300000;documentário;brasil;453;3955.71;filmes do rio de janeiro ltda.;1517.0;68.780.527/0001-10;2010;5;28
2010-05-28;em teu nome;B0901062900000;ficção;brasil;47413;203675.61;accorde produções de audiovisuais ltda;15766.0;10.878.724/0001-96;2010;5;28
2010-05-28;frozen;E1500819400000;ficção;estados unidos;47985;425597.28;playarte pictures entretenimentos ltda.;443.0;00.943.231/0001-39;2010;5;28
2010-05-28;olhos azuis - filme (olhos azuis);B0901121700000;ficção;brasil;15499;133821.87;wmix distribuidora ltda.;1935.0;03.918.609/0001-32;2010;5;28
2010-05-28;sex and the city 2;E1600545600000;ficção;estados unidos;559993;5708098.0;warner bros. (south) inc.;265.0;33.015.827/0001-28;2010;5;28
2010-05-28;the ghost writer;E1600632000000;ficção;frança;119720;1289039.22;sm distribuidora de filmes ltda;11922.0;08.257.054/0001-49;2010;5;28
2010-05-28;the goods - live hard, sell hard;E1600630200000;ficção;estados unidos;7801;78918.66;cannes produções s/a;2250.0;72.672.017/0001-04;2010;5;28
2010-05-21;"""solo""";B0901120600000;ficção;brasil;986;8970.0;spectateur-comércio e gerenciamento ltda (baixada);1132.0;01.216.636/0001-38;2010;5;21
2010-05-21;ao sul de setembro;B0500378700000;ficção;brasil;125;1289.0;cinematográfica polifilmes ltda-me;2550.0;60.469.871/0001-80;2010;5;21
2010-05-21;clash of titans;E1500296900000;ficção;estados unidos;2502709;28459279.0;warner bros. (south) inc.;265.0;33.015.827/0001-28;2010;5;21
2010-05-21;deux de la vague;E1600562700000;documentário;frança;5096;54354.7;tag cultural distribuidora de filmes ltda;173.0;03.599.148/0001-82;2010;5;21
2010-05-21;furry vengeance;E1600092000000;ficção;emirados árabes unidos;96924;751905.24;sm distribuidora de filmes ltda;11922.0;08.257.054/0001-49;2010;5;21
2010-05-21;quincas berro dágua;B1001188500000;ficção;brasil;273031;2125919.72;columbia tristar filmes do brasil ltda;84.0;00.979.601/0001-98;2010;5;21
2010-05-14;antes que o mundo acabe;B0901121200000;ficção;brasil;32324;218322.12;wmix distribuidora ltda.;1935.0;03.918.609/0001-32;2010;5;14
2010-05-14;chloe;E1600556900000;ficção;estados unidos;115208;1064831.07;playarte pictures entretenimentos ltda.;443.0;00.943.231/0001-39;2010;5;14
2010-05-14;extract;E1600582900000;ficção;estados unidos;7337;63985.53;sm distribuidora de filmes ltda;11922.0;08.257.054/0001-49;2010;5;14
2010-05-14;mademoiselle chambon;E1600606900000;ficção;frança;37177;343141.76;tag cultural distribuidora de filmes ltda;173.0;03.599.148/0001-82;2010;5;14
2010-05-14;millennium: part 1 - men who hate women;E1500453200000;ficção;dinamarca;43693;414012.6;wmix distribuidora ltda.;1935.0;03.918.609/0001-32;2010;5;14
2010-05-14;pecados de mi padre;E1600612600000;documentário;colômbia;533;5075.19;serendip filmes ltda;4626.0;06.911.780/0001-08;2010;5;14
2010-05-14;robin hood;E1402599200000;ficção;estados unidos;1543953;14265925.0;paramount pictures brasil distribuidora de filmes ltda;169.0;27.654.722/0001-16;2010;5;14
2010-05-07;dear john;E1600562000000;ficção;estados unidos;48588;448200.5;columbia tristar filmes do brasil ltda;84.0;00.979.601/0001-98;2010;5;7
2010-05-07;l'enfer d'henri-georges clouzot;E1600599800000;documentário;frança;2073;22730.29;tag cultural distribuidora de filmes ltda;173.0;03.599.148/0001-82;2010;5;7
2010-05-07;lights in the dusk;E1600544600000;ficção;alemanha;3449;26986.2;centro de cultura cinematográfica providence;333.0;01.368.016/0001-14;2010;5;7
2010-05-07;nightmare on elm street;E1600609400000;ficção;estados unidos;336147;2832240.06;warner bros. (south) inc.;265.0;33.015.827/0001-28;2010;5;7
2010-05-07;segurança nacional;B1001182000000;ficção;brasil;37410;285368.77;cannes produções s/a;2250.0;72.672.017/0001-04;2010;5;7
2010-05-07;the imaginarium of dr parnassus;E1600632400000;ficção;frança;30700;289245.91;columbia tristar filmes do brasil ltda;84.0;00.979.601/0001-98;2010;5;7
2010-05-07;the spy next door;E1500426100000;ficção;estados unidos;149667;1202232.56;wmix distribuidora ltda.;1935.0;03.918.609/0001-32;2010;5;7
2010-05-07;viajo porque preciso, volto porque te amo;B0901083500000;ficção;brasil;26623;243332.2;spectateur-comércio e gerenciamento ltda (baixada);1132.0;01.216.636/0001-38;2010;5;7
2010-04-30;a casa verde;B0901007400000;ficção;brasil;42954;128184.94;accorde produções de audiovisuais ltda;15766.0;10.878.724/0001-96;2010;4;30
2010-04-30;iron man 2;E1500931800000;ficção;estados unidos;3227105;28358980.0;paramount pictures brasil distribuidora de filmes ltda;169.0;27.654.722/0001-16;2010;4;30
2010-04-30;whatever works;E1600639800000;ficção;estados unidos;265175;2861201.0;antonio fernandes filmes ltda;532.0;02.668.665/0001-01;2010;4;30
2010-04-23;alice in wonderland;E1500291700000;ficção;estados unidos;4345096;47934619.84;columbia tristar filmes do brasil ltda;84.0;00.979.601/0001-98;2010;4;23
2010-04-23;coco;E1600557300000;ficção;frança;3054;32355.19;tag cultural distribuidora de filmes ltda;173.0;03.599.148/0001-82;2010;4;23
2010-04-23;depois de ontem antes de amanhã;B0901099400000;documentário;brasil;85;908.0;vega filmes ltda;11995.0;07.820.299/0001-70;2010;4;23
2010-04-23;lissi and the wild emperor;E1600544800000;animação;alemanha;7572;57575.03;serendip filmes ltda;4626.0;06.911.780/0001-08;2010;4;23
2010-04-23;sonhos roubados;B1001160300000;ficção;brasil;28785;200908.08;cannes produções s/a;2250.0;72.672.017/0001-04;2010;4;23
2010-04-23;the road;E1600629000000;ficção;estados unidos;62223;554160.33;sm distribuidora de filmes ltda;11922.0;08.257.054/0001-49;2010;4;23
2010-04-23;utopia e barbárie;B1001187000000;documentário;brasil;10068;76970.74;caliban produções cinematográficas ltda.;854.0;27.651.181/0001-72;2010;4;23
2010-04-16;as melhores coisas do mundo;B1001172500000;ficção;brasil;300560;2258009.0;warner bros. (south) inc.;265.0;33.015.827/0001-28;2010;4;16
2010-04-16;green zone;E1402612100000;ficção;estados unidos;85928;894376.0;paramount pictures brasil distribuidora de filmes ltda;169.0;27.654.722/0001-16;2010;4;16
2010-04-16;mary and max;E1600443800000;animação;austrália;32313;291803.76;playarte pictures entretenimentos ltda.;443.0;00.943.231/0001-39;2010;4;16
2010-04-16;onde andará dulce veiga?;B0700801600000;ficção;brasil;4577;35705.44;antonio fernandes filmes ltda;532.0;02.668.665/0001-01;2010;4;16
2010-04-16;onde andará dulce veiga?;B0700801600000;ficção;brasil;2500;7500.0;raiz distribuidora audiovisual ltda.;11792.0;08.331.280/0001-22;2010;4;16
2010-04-16;the bounty hunter;E1600090800000;ficção;estados unidos;627092;5785284.25;columbia tristar filmes do brasil ltda;84.0;00.979.601/0001-98;2010;4;16
2010-04-16;the burning plan;E1600634400000;ficção;estados unidos;20230;180524.48;sm distribuidora de filmes ltda;11922.0;08.257.054/0001-49;2010;4;16
2010-04-09;bridesdhead revisited;E1600553600000;ficção;reino unido;4103;37202.0;rain network representação comercial ltda;13613.0;07.949.581/0001-51;2010;4;9
2010-04-09;case 39;E1500908500000;ficção;canadá;205927;1808762.0;paramount pictures brasil distribuidora de filmes ltda;169.0;27.654.722/0001-16;2010;4;9
2010-04-09;date night;E1600091400000;ficção;estados unidos;714193;6610999.0;fox film do brasil ltda;256.0;33.110.420/0001-80;2010;4;9
2010-04-09;disco;E1600563400000;ficção;frança;1609;14196.49;centro de cultura cinematográfica providence;333.0;01.368.016/0001-14;2010;4;9
2010-04-09;from paris with love;E1600583900000;ficção;frança;258715;2279508.6;playarte pictures entretenimentos ltda.;443.0;00.943.231/0001-39;2010;4;9
2010-04-09;rita cadillac, a lady do povo;B0700745800000;documentário;brasil;2891;26515.1;spectateur-comércio e gerenciamento ltda (baixada);1132.0;01.216.636/0001-38;2010;4;9
2010-04-09;welcome to the sticks;E1600637300000;ficção;frança;10737;101513.24;wmix distribuidora ltda.;1935.0;03.918.609/0001-32;2010;4;9
2010-04-02;bakjwi;E1500881300000;ficção;coréia do sul;3202;26772.0;sm distribuidora de filmes ltda;11922.0;08.257.054/0001-49;2010;4;2
2010-04-02;brooklyn's finest;E1500146000000;ficção;estados unidos;135270;1288382.53;antonio fernandes filmes ltda;532.0;02.668.665/0001-01;2010;4;2
2010-04-02;chico xavier;B1001148600000;ficção;brasil;3413165;30279613.71;columbia tristar filmes do brasil ltda;84.0;00.979.601/0001-98;2010;4;2
2010-04-02;chico xavier;B1001148600000;ficção;brasil;3127290;27851626.91;freespirit distribuidora de filmes ltda.;4904.0;07.616.202/0001-01;2010;4;2
2010-04-02;einaym pkuhot;E1600576500000;ficção;israel;24525;243955.38;alberto bitelli international films ltda;136.0;54.881.404/0001-60;2010;4;2
2010-04-02;old dogs;E1600401000000;ficção;estados unidos;132484;1133569.0;columbia tristar filmes do brasil ltda;84.0;00.979.601/0001-98;2010;4;2
2010-04-02;os famosos e os duendes da morte;B1001143200000;ficção;brasil;8328;67637.0;warner bros. (south) inc.;265.0;33.015.827/0001-28;2010;4;2
2010-04-02;the u.s. vs. john lennon;E1600632900000;documentário;estados unidos;9001;100451.89;mostra internacional de cinema ltda;1797.0;52.009.305/0001-68;2010;4;2
2010-03-26;amelia;E1500917600000;ficção;canadá;11537;99680.0;fox film do brasil ltda;256.0;33.110.420/0001-80;2010;3;26
2010-03-26;did you hear about the morgans ?;E1600541100000;ficção;estados unidos;101896;1055097.0;columbia tristar filmes do brasil ltda;84.0;00.979.601/0001-98;2010;3;26
2010-03-26;how to train your dragon;E1600000300000;animação;estados unidos;2044725;21939631.0;paramount pictures brasil distribuidora de filmes ltda;169.0;27.654.722/0001-16;2010;3;26
2010-03-26;insolação;B1001166000000;ficção;brasil;3212;21358.19;cannes produções s/a;2250.0;72.672.017/0001-04;2010;3;26
2010-03-26;mères et filles;E1600607800000;ficção;frança;21332;195543.79;tag cultural distribuidora de filmes ltda;173.0;03.599.148/0001-82;2010;3;26
2010-03-26;rob zombie's halloween 2;E1600620300000;ficção;estados unidos;26488;216410.98;playarte pictures entretenimentos ltda.;443.0;00.943.231/0001-39;2010;3;26
2010-03-26;the box;E1600628600000;ficção;estados unidos;106913;889759.07;wmix distribuidora ltda.;1935.0;03.918.609/0001-32;2010;3;26
2010-03-26;the men who stare at goats;E1600432700000;ficção;estados unidos;22223;246815.75;columbia tristar filmes do brasil ltda;84.0;00.979.601/0001-98;2010;3;26
2010-03-26;tulpan;E1600635400000;ficção;alemanha;8678;82315.0;mostra internacional de cinema ltda;1797.0;52.009.305/0001-68;2010;3;26
2010-03-19;creation;E1500430500000;ficção;inglaterra;22574;195878.33;wmix distribuidora ltda.;1935.0;03.918.609/0001-32;2010;3;19
2010-03-19;soul kitchen;E1600626200000;ficção;alemanha;34247;334083.0;tag cultural distribuidora de filmes ltda;173.0;03.599.148/0001-82;2010;3;19
2010-03-19;the blind side;E1500095300000;ficção;estados unidos;529601;5188212.0;warner bros. (south) inc.;265.0;33.015.827/0001-28;2010;3;19
2010-03-19;the book of eli;E1500919700000;ficção;estados unidos;891851;7936662.75;columbia tristar filmes do brasil ltda;84.0;00.979.601/0001-98;2010;3;19
2010-03-12;disengagement;E1600563300000;ficção;frança;23194;208083.68;centro de cultura cinematográfica providence;333.0;01.368.016/0001-14;2010;3;12
2010-03-12;disengagement;E1600563300000;ficção;frança;90;153.0;providence distribuidora de filmes ltda;12443.0;08.656.129/0001-64;2010;3;12
2010-03-12;histórias de amor duram apenas 90 minutos (spleen);B0901099200000;ficção;brasil;11405;86481.11;freespirit distribuidora de filmes ltda.;4904.0;07.616.202/0001-01;2010;3;12
2010-03-12;remember me;E1500922000000;ficção;estados unidos;428999;3436359.67;sm distribuidora de filmes ltda;11922.0;08.257.054/0001-49;2010;3;12
2010-03-12;shutter island;E1402594900000;ficção;estados unidos;893212;8405590.0;paramount pictures brasil distribuidora de filmes ltda;169.0;27.654.722/0001-16;2010;3;12
2010-03-05;a single man;E1600549300000;ficção;estados unidos;59720;551339.31;sm distribuidora de filmes ltda;11922.0;08.257.054/0001-49;2010;3;5
2010-03-05;brothers;E1600540900000;ficção;estados unidos;68787;617579.87;wmix distribuidora ltda.;1935.0;03.918.609/0001-32;2010;3;5
2010-03-05;carriers;E1600556000000;ficção;estados unidos;85288;711108.4;playarte pictures entretenimentos ltda.;443.0;00.943.231/0001-39;2010;3;5
2010-03-05;crazy heart;E1600091300000;ficção;estados unidos;64065;598195.0;fox film do brasil ltda;256.0;33.110.420/0001-80;2010;3;5
2010-03-05;jards macalé - um morcego na porta principal;B0700719500000;documentário;brasil;1588;14321.8;rain network representação comercial ltda;13613.0;07.949.581/0001-51;2010;3;5
2010-03-05;love happens;E1600606600000;ficção;estados unidos;234380;2077909.39;playarte pictures entretenimentos ltda.;443.0;00.943.231/0001-39;2010;3;5
2010-02-26;el secreto de sus ojos;E1500819700000;ficção;argentina;328893;3280511.01;cannes produções s/a;2250.0;72.672.017/0001-04;2010;2;26
2010-02-26;it's complicated;E1402577200000;ficção;estados unidos;844439;8113648.0;paramount pictures brasil distribuidora de filmes ltda;169.0;27.654.722/0001-16;2010;2;26
2010-02-26;os inquilinos;B0901090500000;ficção;brasil;8662;64784.34;centro de cultura cinematográfica providence;333.0;01.368.016/0001-14;2010;2;26
2010-02-26;os inquilinos;B0901090500000;ficção;brasil;395;254.0;providence distribuidora de filmes ltda;12443.0;08.656.129/0001-64;2010;2;26
2010-02-26;pachamama;B0901059800000;documentário;brasil;4257;33585.0;videofilmes produções artística ltda;276.0;31.179.864/0001-46;2010;2;26
2010-02-26;pandorum;E1600611700000;ficção;estados unidos;42991;363056.69;wmix distribuidora ltda.;1935.0;03.918.609/0001-32;2010;2;26
2010-02-19;a serious man;E1600549400000;ficção;estados unidos;51558;545987.0;paramount pictures brasil distribuidora de filmes ltda;169.0;27.654.722/0001-16;2010;2;19
2010-02-19;an education;E1600550700000;ficção;estados unidos;61020;616302.33;columbia tristar filmes do brasil ltda;84.0;00.979.601/0001-98;2010;2;19
2010-02-19;the lovely bones;E1402594800000;ficção;estados unidos;327363;2919161.0;paramount pictures brasil distribuidora de filmes ltda;169.0;27.654.722/0001-16;2010;2;19
2010-02-19;the messenger;E1300000100000;ficção;estados unidos;19281;183994.65;sm distribuidora de filmes ltda;11922.0;08.257.054/0001-49;2010;2;19
2010-02-19;valentine's day;E1500238500000;ficção;estados unidos;863445;7612165.0;warner bros. (south) inc.;265.0;33.015.827/0001-28;2010;2;19
2010-02-12;o amor segundo b. schianberg;B0901126500000;ficção;brasil;4273;37731.2;spectateur-comércio e gerenciamento ltda (baixada);1132.0;01.216.636/0001-38;2010;2;12
2010-02-12;percy jackson & the olympians: the lightning thief;E1600537000000;ficção;canadá;2005439;16026375.0;fox film do brasil ltda;256.0;33.110.420/0001-80;2010;2;12
2010-02-12;precious;E1600613600000;ficção;estados unidos;183564;1664081.31;playarte pictures entretenimentos ltda.;443.0;00.943.231/0001-39;2010;2;12
2010-02-12;the white ribbon;E1600629100000;ficção;alemanha;88671;799476.32;tag cultural distribuidora de filmes ltda;173.0;03.599.148/0001-82;2010;2;12
2010-02-12;the wolfman;E1500081600000;ficção;estados unidos;856171;7554780.0;paramount pictures brasil distribuidora de filmes ltda;169.0;27.654.722/0001-16;2010;2;12
2010-02-05;final destination 4;E1600583600000;ficção;estados unidos;785259;8245200.21;playarte pictures entretenimentos ltda.;443.0;00.943.231/0001-39;2010;2;5
2010-02-05;high school musical - o desafio;B1001136000000;ficção;brasil;301082;2016382.17;columbia tristar filmes do brasil ltda;84.0;00.979.601/0001-98;2010;2;5
2010-02-05;hurt locker, the;E1500390400000;ficção;estados unidos;158193;1407467.55;wmix distribuidora ltda.;1935.0;03.918.609/0001-32;2010;2;5
2010-02-05;mother;E1600545000000;ficção;coréia do sul;13058;117070.7;sm distribuidora de filmes ltda;11922.0;08.257.054/0001-49;2010;2;5
2010-02-05;ninja assassin;E1600609800000;ficção;estados unidos;37945;313227.0;warner bros. (south) inc.;265.0;33.015.827/0001-28;2010;2;5
2010-02-05;the time that remains;E1600010400000;ficção;bélgica;16113;138124.42;tag cultural distribuidora de filmes ltda;173.0;03.599.148/0001-82;2010;2;5
2010-01-29;city island;E1600557100000;ficção;estados unidos;6781;60952.78;wmix distribuidora ltda.;1935.0;03.918.609/0001-32;2010;1;29
2010-01-29;edge of darkness;E1500426600000;ficção;estados unidos;452896;4068753.29;wmix distribuidora ltda.;1935.0;03.918.609/0001-32;2010;1;29
2010-01-29;invictus;E1500238600000;ficção;estados unidos;358132;3524351.0;warner bros. (south) inc.;265.0;33.015.827/0001-28;2010;1;29
2010-01-29;it might get loud;E1600592100000;documentário;estados unidos;2504;22253.89;columbia tristar filmes do brasil ltda;84.0;00.979.601/0001-98;2010;1;29
2010-01-29;nine;E1600609700000;ficção;estados unidos;96043;920174.0;columbia tristar filmes do brasil ltda;84.0;00.979.601/0001-98;2010;1;29
2010-01-29;tyson;E1600635700000;documentário;estados unidos;279;2985.13;antonio fernandes filmes ltda;532.0;02.668.665/0001-01;2010;1;29
2010-01-29;zombieland;E1500800400000;ficção;estados unidos;89062;749114.0;columbia tristar filmes do brasil ltda;84.0;00.979.601/0001-98;2010;1;29
2010-01-22;astro boy;E1500623700000;animação;estados unidos;131870;983963.5;sm distribuidora de filmes ltda;11922.0;08.257.054/0001-49;2010;1;22
2010-01-22;cheri;E1600556600000;ficção;estados unidos;41639;409503.99;antonio fernandes filmes ltda;532.0;02.668.665/0001-01;2010;1;22
2010-01-22;cidade de plástico;B1001133500000;ficção;brasil;433;4066.0;sm distribuidora de filmes ltda;11922.0;08.257.054/0001-49;2010;1;22
2010-01-22;lilly the witch;E1600544700000;ficção;áustria;5737;53616.7;cannes produções s/a;2250.0;72.672.017/0001-04;2010;1;22
2010-01-22;só dez por cento é mentira;B0901101600000;documentário;brasil;5919;52032.0;freespirit distribuidora de filmes ltda.;4904.0;07.616.202/0001-01;2010;1;22
2010-01-22;tooth fairy;E1600635100000;ficção;estados unidos;1197161;9201882.0;fox film do brasil ltda;256.0;33.110.420/0001-80;2010;1;22
2010-01-22;up in the air;E1402565500000;ficção;estados unidos;829184;8073761.0;paramount pictures brasil distribuidora de filmes ltda;169.0;27.654.722/0001-16;2010;1;22
2010-01-15;bad lieutenant: port of call new orleans;E1600552300000;ficção;estados unidos;136927;1310037.43;wmix distribuidora ltda.;1935.0;03.918.609/0001-32;2010;1;15
2010-01-15;ex;E1600582700000;ficção;itália;23533;207011.53;serendip filmes ltda;4626.0;06.911.780/0001-08;2010;1;15
2010-01-15;fuera de carta;E1600584100000;ficção;espanha;12865;109191.5;centro de cultura cinematográfica providence;333.0;01.368.016/0001-14;2010;1;15
2010-01-15;motherhood;E1600545100000;ficção;estados unidos;14013;137910.99;sm distribuidora de filmes ltda;11922.0;08.257.054/0001-49;2010;1;15
2010-01-15;non ma fille tu n'iras pas danser;E1600610900000;ficção;frança;12698;105845.71;tag cultural distribuidora de filmes ltda;173.0;03.599.148/0001-82;2010;1;15
2010-01-15;o homem que engarrafava nuvens;B0901113900000;documentário;brasil;19247;150684.5;spectateur-comércio e gerenciamento ltda (baixada);1132.0;01.216.636/0001-38;2010;1;15
2010-01-15;the great buck howard;E1600629300000;ficção;estados unidos;26536;257213.92;cannes produções s/a;2250.0;72.672.017/0001-04;2010;1;15
2010-01-15;where the wild things are;E1500195500000;ficção;estados unidos;85785;820881.0;warner bros. (south) inc.;265.0;33.015.827/0001-28;2010;1;15
2010-01-08;alvin and the chipmunks: the squeakquel;E1600540500000;animação;estados unidos;5155971;38823646.0;fox film do brasil ltda;256.0;33.110.420/0001-80;2010;1;8
2010-01-08;caro francis;B0901062000000;documentário;brasil;3804;44354.62;reserva nacional distribuidora de filmes ltda.;11868.0;08.346.733/0001-94;2010;1;8
2010-01-08;caro francis;B0901062000000;documentário;brasil;642;8371.5;tag cultural distribuidora de filmes ltda;173.0;03.599.148/0001-82;2010;1;8
2010-01-08;sherlock holmes;E1500242200000;ficção;estados unidos;2472825;21996832.0;warner bros. (south) inc.;265.0;33.015.827/0001-28;2010;1;8
2010-01-08;the edge of love;E1600640100000;ficção;reino unido;10972;91694.85;wmix distribuidora ltda.;1935.0;03.918.609/0001-32;2010;1;8
2010-01-01;about elly;E1600549600000;ficção;frança;18345;166078.76;tag cultural distribuidora de filmes ltda;173.0;03.599.148/0001-82;2010;1;1
2010-01-01;lula, o filho do brasil;B0901107200000;ficção;brasil;852619;7085406.38;cannes produções s/a;2250.0;72.672.017/0001-04;2010;1;1
2010-01-01;lula, o filho do brasil;B0901107200000;ficção;brasil;848734;7067078.9;freespirit distribuidora de filmes ltda.;4904.0;07.616.202/0001-01;2010;1;1
2010-01-01;the fourth kind;E1600640400000;ficção;estados unidos;208611;1805693.13;wmix distribuidora ltda.;1935.0;03.918.609/0001-32;2010;1;1
2009-12-25;cherry blossoms - hanami;E1600556700000;ficção;alemanha;76469;700232.26;mostra internacional de cinema ltda;1797.0;52.009.305/0001-68;2009;12;25
2009-12-25;couples retreat;E1600468800000;ficção;estados unidos;718929;6450412.0;paramount pictures brasil distribuidora de filmes ltda;169.0;27.654.722/0001-16;2009;12;25
2009-12-25;couples retreat;E1600468800000;ficção;estados unidos;52;1874.0;universal pictures international brazil ltda.;33787.0;24.810.280/0001-61;2009;12;25
2009-12-25;felix et lola;E1600583400000;ficção;frança;2320;15928.0;centro de cultura cinematográfica providence;333.0;01.368.016/0001-14;2009;12;25
2009-12-25;hachiko: a dog´s story;E1600176700000;ficção;estados unidos;734479;6506856.04;wmix distribuidora ltda.;1935.0;03.918.609/0001-32;2009;12;25
2009-12-25;les herbes folles;E1600601300000;ficção;frança;42661;401423.75;tag cultural distribuidora de filmes ltda;173.0;03.599.148/0001-82;2009;12;25
2009-12-25;un secret;E1600636100000;ficção;frança;33425;309201.08;estação cinema e cultura ltda;592.0;02.745.624/0001-63;2009;12;25
2009-12-25;xuxa em o mistério de feiurinha;B0901096800000;ficção;brasil;1307135;8484823.94;playarte pictures entretenimentos ltda.;443.0;00.943.231/0001-39;2009;12;25
2009-12-18;avatar;E1402514700000;ficção;estados unidos;9172238;103201797.0;fox film do brasil ltda;256.0;33.110.420/0001-80;2009;12;18
2009-12-18;avatar;E1402514700000;ficção;estados unidos;391811;7571366.42;the walt disney company (brasil) ltda.;18398.0;73.042.962/0001-87;2009;12;18
2009-12-18;"avatar ""special edition""";E1700239200000;ficção;estados unidos;66948;956847.0;fox film do brasil ltda;256.0;33.110.420/0001-80;2009;12;18
2009-12-18;how to be;E1600589400000;ficção;reino unido;3289;33225.7;sm distribuidora de filmes ltda;11922.0;08.257.054/0001-49;2009;12;18
2009-12-18;new york, i love you;E1600609200000;ficção;estados unidos;92041;991914.62;antonio fernandes filmes ltda;532.0;02.668.665/0001-01;2009;12;18
2009-12-18;soul power;E1600626100000;documentário;estados unidos;936;8392.59;columbia tristar filmes do brasil ltda;84.0;00.979.601/0001-98;2009;12;18
2009-12-18;the private lives of pippa lee;E1600629600000;ficção;estados unidos;16858;158853.76;playarte pictures entretenimentos ltda.;443.0;00.943.231/0001-39;2009;12;18
2009-12-11;br-3  a peça;B1001132300000;documentário;brasil;89;468.0;casa azul produções artisticas ltda;2260.0;06.159.269/0001-00;2009;12;11
2009-12-11;br-3 documentário;B1001132200000;documentário;brasil;190;743.38;casa azul produções artisticas ltda;2260.0;06.159.269/0001-00;2009;12;11
2009-12-11;embarque imediato;B0800951000000;ficção;brasil;38480;315070.78;cannes produções s/a;2250.0;72.672.017/0001-04;2009;12;11
2009-12-11;management;E1600607200000;ficção;estados unidos;112919;980855.97;wmix distribuidora ltda.;1935.0;03.918.609/0001-32;2009;12;11
2009-12-11;o diário de sintra;B0900971300000;documentário;brasil;1066;9350.0;distribuidora de filmes s/a riofilme;105.0;68.610.302/0001-15;2009;12;11
2009-12-11;o diário de sintra;B0900971300000;documentário;brasil;2780;25174.0;rain network representação comercial ltda;13613.0;07.949.581/0001-51;2009;12;11
2009-12-11;ouro negro;B0800891200000;ficção;brasil;1386;9504.1;centro de cultura cinematográfica providence;333.0;01.368.016/0001-14;2009;12;11
2009-12-11;ouro negro;B0800891200000;ficção;brasil;2323;6969.0;raiz distribuidora audiovisual ltda.;11792.0;08.331.280/0001-22;2009;12;11
2009-12-11;partir;E1600612000000;ficção;frança;11606;115649.02;tag cultural distribuidora de filmes ltda;173.0;03.599.148/0001-82;2009;12;11
2009-12-11;praça saens peña;B0901002100000;ficção;brasil;5332;108017.55;distribuidora de filmes s/a riofilme;105.0;68.610.302/0001-15;2009;12;11
2009-12-11;praça saens peña;B0901002100000;ficção;brasil;1505;12864.55;rain network representação comercial ltda;13613.0;07.949.581/0001-51;2009;12;11
2009-12-11;the princess & the frog;E1402794800000;animação;estados unidos;1008660;7017649.75;columbia tristar filmes do brasil ltda;84.0;00.979.601/0001-98;2009;12;11
2009-12-11;the princess & the frog;E1402794800000;animação;estados unidos;3459;30183.0;the walt disney company (brasil) ltda.;18398.0;73.042.962/0001-87;2009;12;11
2009-12-04;abrazos rotos, los;E1402604700000;ficção;estados unidos;258832;2553692.0;paramount pictures brasil distribuidora de filmes ltda;169.0;27.654.722/0001-16;2009;12;4
2009-12-04;fantastic mr. fox;E1600583300000;animação;estados unidos;14558;113797.0;fox film do brasil ltda;256.0;33.110.420/0001-80;2009;12;4
2009-12-04;paranormal activity;E1500120300000;ficção;estados unidos;1086788;9078655.24;playarte pictures entretenimentos ltda.;443.0;00.943.231/0001-39;2009;12;4
2009-12-04;é proibido fumar;B0901108700000;ficção;brasil;48306;411420.99;playarte pictures entretenimentos ltda.;443.0;00.943.231/0001-39;2009;12;4
2009-12-04;é proibido proibir;B0600524400000;ficção;brasil;239;768.0;distribuidora de filmes s/a riofilme;105.0;68.610.302/0001-15;2009;12;4
2009-11-27;a perfect getaway;E1600549100000;ficção;estados unidos;43109;330444.59;wmix distribuidora ltda.;1935.0;03.918.609/0001-32;2009;11;27
2009-11-27;cidadão boilesen;B0901061000000;documentário;brasil;7958;76670.28;reserva nacional distribuidora de filmes ltda.;11868.0;08.346.733/0001-94;2009;11;27
2009-11-27;do começo ao fim;B0901103700000;ficção;brasil;89000;791441.23;freespirit distribuidora de filmes ltda.;4904.0;07.616.202/0001-01;2009;11;27
2009-11-27;eliezer batista - o engenheiro do brasil;B0901070100000;documentário;brasil;1403;12646.0;spectateur-comércio e gerenciamento ltda (baixada);1132.0;01.216.636/0001-38;2009;11;27
2009-11-27;entre a luz e a sombra;B0901091900000;documentário;brasil;341;2603.0;videofilmes produções artística ltda;276.0;31.179.864/0001-46;2009;11;27
2009-11-27;julie & julia;E1600592800000;ficção;estados unidos;218971;2201346.48;columbia tristar filmes do brasil ltda;84.0;00.979.601/0001-98;2009;11;27
2009-11-27;planet 51;E1600613200000;animação;reino unido;560741;3956735.46;wmix distribuidora ltda.;1935.0;03.918.609/0001-32;2009;11;27
2009-11-20;mistéryos;B0800888700000;ficção;brasil;155;558.0;panda filmes ltda;941.0;04.980.287/0001-14;2009;11;20
2009-11-20;police adjectiv;E1600613400000;ficção;romênia;2804;24819.5;tag cultural distribuidora de filmes ltda;173.0;03.599.148/0001-82;2009;11;20
2009-11-20;sem fio;B0901079200000;ficção;brasil;248;1560.0;panda filmes ltda;941.0;04.980.287/0001-14;2009;11;20
2009-11-20;the twilight saga: new moon;E1500273400000;ficção;estados unidos;6001431;48443740.69;sm distribuidora de filmes ltda;11922.0;08.257.054/0001-49;2009;11;20
2009-11-20;topografia de um desnudo;B0901039400000;ficção;brasil;1488;6065.0;t.a.o. produções artisticas ltda. -me;1049.0;05.462.807/0001-60;2009;11;20
2009-11-13;2012;E1600546500000;ficção;estados unidos;5279983;44728067.0;columbia tristar filmes do brasil ltda;84.0;00.979.601/0001-98;2009;11;13
2009-11-13;de profundes;E1600561800000;animação;espanha;2002;15193.39;cannes produções s/a;2250.0;72.672.017/0001-04;2009;11;13
2009-11-13;hotel atlântico;B0901117100000;ficção;brasil;6516;45119.5;spectateur-comércio e gerenciamento ltda (baixada);1132.0;01.216.636/0001-38;2009;11;13
2009-11-13;no meu lugar;B0901027100000;ficção;brasil;5710;33830.36;freespirit distribuidora de filmes ltda.;4904.0;07.616.202/0001-01;2009;11;13
2009-11-13;taking woodstock;E1600628000000;ficção;estados unidos;37594;355741.0;paramount pictures brasil distribuidora de filmes ltda;169.0;27.654.722/0001-16;2009;11;13
2009-11-13;tokyo;E1600634800000;ficção;frança;7531;63593.76;antonio fernandes filmes ltda;532.0;02.668.665/0001-01;2009;11;13
2009-11-13;un novio para mi mujer;E1600636000000;ficção;argentina;17781;165980.19;sm distribuidora de filmes ltda;11922.0;08.257.054/0001-49;2009;11;13
2009-11-06;500 days of summer;E1500675000000;ficção;estados unidos;250320;2345896.0;fox film do brasil ltda;256.0;33.110.420/0001-80;2009;11;6
2009-11-06;a christmas carol;E1600468700000;animação;estados unidos;454857;5409821.0;columbia tristar filmes do brasil ltda;84.0;00.979.601/0001-98;2009;11;6
2009-11-06;fame;E1600583100000;ficção;estados unidos;39527;337172.28;playarte pictures entretenimentos ltda.;443.0;00.943.231/0001-39;2009;11;6
2009-11-06;law abiding citizen;E1600599700000;ficção;estados unidos;396261;3571791.98;wmix distribuidora ltda.;1935.0;03.918.609/0001-32;2009;11;6
2009-11-06;looking for eric;E1600606400000;ficção;inglaterra;24366;234768.23;antonio fernandes filmes ltda;532.0;02.668.665/0001-01;2009;11;6
2009-11-06;saw vi;E1600621900000;ficção;estados unidos;391231;3196894.0;columbia tristar filmes do brasil ltda;84.0;00.979.601/0001-98;2009;11;6
2009-11-06;terra sonâmbula;E1600628400000;ficção;portugal;713;5949.0;panda filmes ltda;941.0;04.980.287/0001-14;2009;11;6
2009-11-06;the soloist;E1600632700000;ficção;estados unidos;51359;457004.0;paramount pictures brasil distribuidora de filmes ltda;169.0;27.654.722/0001-16;2009;11;6
2009-11-06;um lobisomem na amazônia;B0500444500000;ficção;brasil;625;5018.4;cinematográfica polifilmes ltda-me;2550.0;60.469.871/0001-80;2009;11;6
2009-10-30;alô, alô, terezinha!;B0901063200000;documentário;brasil;26538;223548.71;reserva nacional distribuidora de filmes ltda.;11868.0;08.346.733/0001-94;2009;10;30
2009-10-30;besouro;B0901080700000;ficção;brasil;492659;3803835.75;columbia tristar filmes do brasil ltda;84.0;00.979.601/0001-98;2009;10;30
2009-10-30;coco avant chanel;E1600557200000;ficção;frança;162089;1687131.0;warner bros. (south) inc.;265.0;33.015.827/0001-28;2009;10;30
2009-10-30;lesbian vampire killers;E1600601400000;ficção;inglaterra;125093;1077350.23;wmix distribuidora ltda.;1935.0;03.918.609/0001-32;2009;10;30
2009-10-30;velhas guardas;B0901006300000;documentário;brasil;54;75.0;pipa nativa produção cultural ltda;5467.0;05.933.574/0001-36;2009;10;30
2009-10-28;michael jackson's this is it;E1500482600000;documentário;estados unidos;712565;6366047.25;columbia tristar filmes do brasil ltda;84.0;00.979.601/0001-98;2009;10;28
2009-10-23;easy virtue;E1600576400000;ficção;canadá;37109;357687.75;columbia tristar filmes do brasil ltda;84.0;00.979.601/0001-98;2009;10;23
2009-10-23;jennifer's body;E1500196500000;ficção;estados unidos;91274;752787.0;fox film do brasil ltda;256.0;33.110.420/0001-80;2009;10;23
2009-10-23;mesa de bar onde tudo acontece;B0901082400000;ficção;brasil;104;1061.0;mirasul produções e distribuição audiovisual ltda;1273.0;05.016.773/0001-80;2009;10;23
2009-10-23;surrogates;E1600470900000;ficção;estados unidos;351804;3205080.5;columbia tristar filmes do brasil ltda;84.0;00.979.601/0001-98;2009;10;23
2009-10-23;the brothers bloom;E1500623800000;ficção;estados unidos;35698;332218.97;sm distribuidora de filmes ltda;11922.0;08.257.054/0001-49;2009;10;23
2009-10-20;ilha do terrível rapaterra, a;B0600494700000;ficção;brasil;789;3264.5;antonio fernandes filmes ltda;532.0;02.668.665/0001-01;2009;10;20
2009-10-20;ilha do terrível rapaterra, a;B0600494700000;ficção;brasil;61380;183750.7;raiz distribuidora audiovisual ltda.;11792.0;08.331.280/0001-22;2009;10;20
2009-10-16;arráncame la vida;E1600551700000;ficção;méxico;2270;18794.0;fox film do brasil ltda;256.0;33.110.420/0001-80;2009;10;16
2009-10-16;corpo do rio;B0900979600000;documentário;brasil;941;2095.0;pequena central de produções artísticas ltda;1466.0;31.606.247/0001-80;2009;10;16
2009-10-16;district 9;E1600380600000;ficção;áfrica do sul;515429;4622102.0;columbia tristar filmes do brasil ltda;84.0;00.979.601/0001-98;2009;10;16
2009-10-16;estórias de trancoso;B0600605500000;ficção;brasil;267;1907.0;cinematográfica polifilmes ltda-me;2550.0;60.469.871/0001-80;2009;10;16
2009-10-16;fados;E1600426500000;documentário;espanha;14721;130560.16;cannes produções s/a;2250.0;72.672.017/0001-04;2009;10;16
2009-10-16;motivos para no enamorarse;E1600550000000;ficção;argentina;5019;39314.3;panda filmes ltda;941.0;04.980.287/0001-14;2009;10;16
2009-10-16;the chaser;E1600631900000;ficção;coréia do sul;2885;27725.3;tag cultural distribuidora de filmes ltda;173.0;03.599.148/0001-82;2009;10;16
2009-10-16;the informant;E1402795900000;ficção;estados unidos;78243;827523.0;warner bros. (south) inc.;265.0;33.015.827/0001-28;2009;10;16
2009-10-16;the rebound;E1600630500000;ficção;estados unidos;207027;1825182.49;wmix distribuidora ltda.;1935.0;03.918.609/0001-32;2009;10;16
2009-10-16;the time traveler's wife;E1600633400000;ficção;estados unidos;283378;2487927.32;playarte pictures entretenimentos ltda.;443.0;00.943.231/0001-39;2009;10;16
2009-10-09;1983.. o ano azul;B0901024500000;documentário;brasil;2313;23001.98;invídeo produções cinematográficas ltda.;1226.0;90.130.634/0001-51;2009;10;9
2009-10-09;el delfín - la historia de un soñador;E1600576700000;animação;peru;73442;522706.0;fox film do brasil ltda;256.0;33.110.420/0001-80;2009;10;9
2009-10-09;flordelis - basta uma palavra para mudar;B0901086000000;ficção;brasil;21603;180751.02;serendip filmes ltda;4626.0;06.911.780/0001-08;2009;10;9
2009-10-09;herbert de perto;B0901035900000;documentário;brasil;27704;241892.99;wmix distribuidora ltda.;1935.0;03.918.609/0001-32;2009;10;9
2009-10-09;inglourious basterds;E1402518500000;ficção;estados unidos;900001;8922862.0;paramount pictures brasil distribuidora de filmes ltda;169.0;27.654.722/0001-16;2009;10;9
2009-10-09;nine;E1300000100000;animação;estados unidos;121648;1018796.44;playarte pictures entretenimentos ltda.;443.0;00.943.231/0001-39;2009;10;9
2009-10-02;cloudy with a chance of meatballs;E1500045900000;animação;estados unidos;1430854;13785065.25;columbia tristar filmes do brasil ltda;84.0;00.979.601/0001-98;2009;10;2
2009-10-02;el fondo del mar;E1600576600000;ficção;argentina;651;4149.79;panda filmes ltda;941.0;04.980.287/0001-14;2009;10;2
2009-10-02;gamer aka: citizen game;E1600584400000;ficção;estados unidos;139723;1185508.06;wmix distribuidora ltda.;1935.0;03.918.609/0001-32;2009;10;2
2009-10-02;let the right one in;E1600544500000;ficção;suécia;38413;374253.17;mostra internacional de cinema ltda;1797.0;52.009.305/0001-68;2009;10;2
2009-10-02;quanto dura o amor?;B0901071800000;ficção;brasil;11015;80765.42;centro de cultura cinematográfica providence;333.0;01.368.016/0001-14;2009;10;2
2009-10-02;quelque chose à te dire;E1600614000000;ficção;frança;24578;220749.9;tag cultural distribuidora de filmes ltda;173.0;03.599.148/0001-82;2009;10;2
2009-10-02;salve geral;B0901072300000;ficção;brasil;317152;2644263.52;columbia tristar filmes do brasil ltda;84.0;00.979.601/0001-98;2009;10;2
2009-10-02;salve geral;B0901072300000;ficção;brasil;290084;2492207.95;freespirit distribuidora de filmes ltda.;4904.0;07.616.202/0001-01;2009;10;2
2009-10-02;whiteout;E1600637800000;ficção;estados unidos;83853;714321.0;warner bros. (south) inc.;265.0;33.015.827/0001-28;2009;10;2
2009-09-25;aliens in the attic;E1600540200000;ficção;estados unidos;152127;1117488.0;fox film do brasil ltda;256.0;33.110.420/0001-80;2009;9;25
2009-09-25;diario de una ninfómana;E1600563100000;ficção;espanha;14371;121923.48;playarte pictures entretenimentos ltda.;443.0;00.943.231/0001-39;2009;9;25
2009-09-25;sorority row;E1600626000000;ficção;estados unidos;75046;585183.31;sm distribuidora de filmes ltda;11922.0;08.257.054/0001-49;2009;9;25
2009-09-25;spread;E1402820400000;ficção;estados unidos;120272;1080523.92;wmix distribuidora ltda.;1935.0;03.918.609/0001-32;2009;9;25
2009-09-25;villa;E1600637700000;ficção;argentina;299;2428.0;panda filmes ltda;941.0;04.980.287/0001-14;2009;9;25
2009-09-22;the age of stupid;E1600628800000;documentário;inglaterra;804;6082.5;rain network representação comercial ltda;13613.0;07.949.581/0001-51;2009;9;22
2009-09-18;che - part 2;E1600556500000;ficção;estados unidos;25895;241385.46;cannes produções s/a;2250.0;72.672.017/0001-04;2009;9;18
2009-09-18;doce de coco;B0901078400000;ficção;brasil;98;559.0;centro de cultura cinematográfica providence;333.0;01.368.016/0001-14;2009;9;18
2009-09-18;doce de coco;B0901078400000;ficção;brasil;919;3636.0;vitrine filmes ltda;16713.0;11.620.976/0001-83;2009;9;18
2009-09-18;goodbye solo;E1600587700000;ficção;estados unidos;8170;77242.5;tag cultural distribuidora de filmes ltda;173.0;03.599.148/0001-82;2009;9;18
2009-09-18;ugly truth, the;E1600021100000;ficção;estados unidos;1474442;13200367.0;columbia tristar filmes do brasil ltda;84.0;00.979.601/0001-98;2009;9;18
2009-09-11;bandslam;E1500487000000;ficção;estados unidos;35480;263363.01;sm distribuidora de filmes ltda;11922.0;08.257.054/0001-49;2009;9;11
2009-09-11;my life in ruins;E1600608800000;ficção;estados unidos;171690;1486340.98;wmix distribuidora ltda.;1935.0;03.918.609/0001-32;2009;9;11
2009-09-11;my sister's keeper;E1402591100000;ficção;estados unidos;267916;2314547.38;playarte pictures entretenimentos ltda.;443.0;00.943.231/0001-39;2009;9;11
2009-09-04;taking of pelham 1 2 3, the;E1402824600000;ficção;estados unidos;860582;7958011.0;columbia tristar filmes do brasil ltda;84.0;00.979.601/0001-98;2009;9;4
2009-09-04;the wedding song;E1600634200000;ficção;frança;9316;76887.18;sm distribuidora de filmes ltda;11922.0;08.257.054/0001-49;2009;9;4
2009-09-04;tnua megunah;E1600634700000;ficção;israel;9241;85979.21;rain network representação comercial ltda;13613.0;07.949.581/0001-51;2009;9;4
2009-09-04;up;E1500587900000;animação;estados unidos;2058292;19449491.5;columbia tristar filmes do brasil ltda;84.0;00.979.601/0001-98;2009;9;4
2009-09-04;up;E1500587900000;animação;estados unidos;1748;15252.0;the walt disney company (brasil) ltda.;18398.0;73.042.962/0001-87;2009;9;4
2009-09-03;alexandra;E1600549900000;ficção;frança;6693;46554.72;estação cinema e cultura ltda;592.0;02.745.624/0001-63;2009;9;3
2009-08-28;antichrist;E1600168100000;ficção;alemanha;73985;654087.86;antonio fernandes filmes ltda;532.0;02.668.665/0001-01;2009;8;28
2009-08-28;las manos;E1600599400000;ficção;argentina;578;3760.0;panda filmes ltda;941.0;04.980.287/0001-14;2009;8;28
2009-08-28;o milagre de santa luzia;B0901024100000;documentário;brasil;6099;42103.75;miração filmes ltda;1860.0;06.096.915/0001-29;2009;8;28
2009-08-28;o'horten;E1600611200000;ficção;noruega;2632;21093.53;tag cultural distribuidora de filmes ltda;173.0;03.599.148/0001-82;2009;8;28
2009-08-28;os normais 2;B0901061400000;ficção;brasil;2202958;18979213.88;wmix distribuidora ltda.;1935.0;03.918.609/0001-32;2009;8;28
2009-08-28;shorts;E1600623100000;ficção;estados unidos;71915;532307.0;warner bros. (south) inc.;265.0;33.015.827/0001-28;2009;8;28
2009-08-28;two lovers;E1600635600000;ficção;estados unidos;129846;1309263.05;playarte pictures entretenimentos ltda.;443.0;00.943.231/0001-39;2009;8;28
2009-08-21;die welle;E1402479900000;ficção;alemanha;48737;410098.77;rain network representação comercial ltda;13613.0;07.949.581/0001-51;2009;8;21
2009-08-21;doomsday;E1600563600000;ficção;inglaterra;50330;375094.09;cannes produções s/a;2250.0;72.672.017/0001-04;2009;8;21
2009-08-21;gigante;E1600587500000;ficção;uruguai;16043;143070.21;tag cultural distribuidora de filmes ltda;173.0;03.599.148/0001-82;2009;8;21
2009-08-21;la teta asustada;E1402337300000;ficção;peru;10180;78567.1;sm distribuidora de filmes ltda;11922.0;08.257.054/0001-49;2009;8;21
2009-08-21;nada vai nos separar;B0901057200000;documentário;brasil;5407;47118.24;g7 investimentos e participaçõoes ltda;5341.0;07.139.247/0001-32;2009;8;21
2009-08-21;the hangover;E1402747400000;ficção;estados unidos;1764821;15758293.0;warner bros. (south) inc.;265.0;33.015.827/0001-28;2009;8;21
2009-08-21;veronika decides to die;E1600636700000;ficção;estados unidos;41562;361321.23;wmix distribuidora ltda.;1935.0;03.918.609/0001-32;2009;8;21
2009-08-14;aquele querido mês de agosto;E1600551500000;ficção;portugal;10995;103153.63;estação cinema e cultura ltda;592.0;02.745.624/0001-63;2009;8;14
2009-08-14;bruno;E1600553800000;ficção;estados unidos;226644;2163880.5;columbia tristar filmes do brasil ltda;84.0;00.979.601/0001-98;2009;8;14
2009-08-14;drag me to hell;E1600563900000;ficção;estados unidos;384212;3212231.0;paramount pictures brasil distribuidora de filmes ltda;169.0;27.654.722/0001-16;2009;8;14
2009-08-14;g-force;E1500379900000;ficção;estados unidos;886773;7780413.0;columbia tristar filmes do brasil ltda;84.0;00.979.601/0001-98;2009;8;14
2009-08-14;se nada mais der certo;B0901050700000;ficção;brasil;13375;103639.36;reserva nacional distribuidora de filmes ltda.;11868.0;08.346.733/0001-94;2009;8;14
2009-08-14;tempos de paz;B0901022100000;ficção;brasil;95793;800239.0;freespirit distribuidora de filmes ltda.;4904.0;07.616.202/0001-01;2009;8;14
2009-08-14;the girlfriend experience;E1600630300000;ficção;estados unidos;15855;129156.28;sm distribuidora de filmes ltda;11922.0;08.257.054/0001-49;2009;8;14
2009-08-07;accidental husband;E1600549700000;ficção;estados unidos;227564;2034325.0;playarte pictures entretenimentos ltda.;443.0;00.943.231/0001-39;2009;8;7
2009-08-07;elle s'appelle sabine;E1600577600000;documentário;frança;7223;61185.56;estação cinema e cultura ltda;592.0;02.745.624/0001-63;2009;8;7
2009-08-07;g.i. joe: the rise of cobra;E1402319200000;ficção;estados unidos;772320;6292661.0;paramount pictures brasil distribuidora de filmes ltda;169.0;27.654.722/0001-16;2009;8;7
2009-08-07;moscou;B0901041200000;documentário;brasil;8009;59887.0;videofilmes produções artística ltda;276.0;31.179.864/0001-46;2009;8;7
2009-08-07;o contador de histórias - the story of me;B0901029800000;ficção;brasil;151927;1118268.0;warner bros. (south) inc.;265.0;33.015.827/0001-28;2009;8;7
2009-08-07;sofacama;E1600624100000;ficção;argentina;579;3529.6;panda filmes ltda;941.0;04.980.287/0001-14;2009;8;7
2009-08-07;the secret life of bees;E1500920300000;ficção;estados unidos;14367;110159.0;fox film do brasil ltda;256.0;33.110.420/0001-80;2009;8;7
2009-08-07;um romance de geração;B0901019900000;ficção;brasil;959;7012.5;estação cinema e cultura ltda;592.0;02.745.624/0001-63;2009;8;7
2009-07-31;butterfly effect: revelation;E1600555400000;ficção;estados unidos;140196;1175143.19;wmix distribuidora ltda.;1935.0;03.918.609/0001-32;2009;7;31
2009-07-31;kurt cobain: about a son;E1600593700000;documentário;estados unidos;1537;12410.0;centro de cultura cinematográfica providence;333.0;01.368.016/0001-14;2009;7;31
2009-07-31;lol (laughing out loud);E1300000100000;ficção;frança;5884;56821.67;antonio fernandes filmes ltda;532.0;02.668.665/0001-01;2009;7;31
2009-07-31;pranzo di ferragosto;E1600613500000;ficção;itália;44258;392412.56;tag cultural distribuidora de filmes ltda;173.0;03.599.148/0001-82;2009;7;31
2009-07-31;à deriva;B0901015000000;ficção;brasil;94588;870171.0;paramount pictures brasil distribuidora de filmes ltda;169.0;27.654.722/0001-16;2009;7;31
2009-07-24;coração vagabundo;B0901043200000;documentário;brasil;19494;189614.0;paramount pictures brasil distribuidora de filmes ltda;169.0;27.654.722/0001-16;2009;7;24
2009-07-24;mongol;E1500819600000;ficção;alemanha;29527;256069.73;cannes produções s/a;2250.0;72.672.017/0001-04;2009;7;24
2009-07-24;public enemies;E1402598500000;ficção;estados unidos;572428;5182537.0;paramount pictures brasil distribuidora de filmes ltda;169.0;27.654.722/0001-16;2009;7;24
2009-07-24;rob zombie's halloween;E1600620200000;ficção;estados unidos;173418;1413089.15;playarte pictures entretenimentos ltda.;443.0;00.943.231/0001-39;2009;7;24
2009-07-24;the baader meinhof complex;E1600632200000;ficção;alemanha;16796;168787.95;wmix distribuidora ltda.;1935.0;03.918.609/0001-32;2009;7;24
2009-07-17;american teen;E1600550400000;documentário;estados unidos;257;1987.0;sm distribuidora de filmes ltda;11922.0;08.257.054/0001-49;2009;7;17
2009-07-17;harry potter and the half-blood prince;E1500096000000;ficção;estados unidos;4530801;36188012.6;warner bros. (south) inc.;265.0;33.015.827/0001-28;2009;7;17
2009-07-17;la fille de monaco;E1600594800000;ficção;frança;15720;139855.29;tag cultural distribuidora de filmes ltda;173.0;03.599.148/0001-82;2009;7;17
2009-07-17;parlez-moi de la pluie;E1600611600000;ficção;frança;17550;155870.53;centro de cultura cinematográfica providence;333.0;01.368.016/0001-14;2009;7;17
2009-07-10;manhã transfigurada;B0800855600000;ficção;brasil;1740;10935.0;centro de cultura cinematográfica providence;333.0;01.368.016/0001-14;2009;7;10
2009-07-10;seventeen again;E1600622800000;ficção;estados unidos;329566;2547134.73;playarte pictures entretenimentos ltda.;443.0;00.943.231/0001-39;2009;7;10
2009-07-10;the proposal;E1600174800000;ficção;estados unidos;1460499;13119561.5;columbia tristar filmes do brasil ltda;84.0;00.979.601/0001-98;2009;7;10
2009-07-03;ice age: dawn of the dinossaurs;E1500380200000;animação;estados unidos;9281202;81126935.0;fox film do brasil ltda;256.0;33.110.420/0001-80;2009;7;3
2009-07-03;l'heure d'été;E1600542900000;ficção;frança;50222;430419.24;mostra internacional de cinema ltda;1797.0;52.009.305/0001-68;2009;7;3
2009-07-03;paris;E1600611900000;ficção;frança;64415;568620.62;centro de cultura cinematográfica providence;333.0;01.368.016/0001-14;2009;7;3
2009-07-03;public enemy nº 1;E1600613800000;ficção;frança;14800;146203.72;antonio fernandes filmes ltda;532.0;02.668.665/0001-01;2009;7;3
2009-07-03;silent wedding;E1600623800000;ficção;romênia;17710;154121.02;tag cultural distribuidora de filmes ltda;173.0;03.599.148/0001-82;2009;7;3
2009-06-26;23 anos em 7 segundos: 1977 - o fim do jejum corinthiano;B0901028800000;documentário;brasil;1718;14936.0;fox film do brasil ltda;256.0;33.110.420/0001-80;2009;6;26
2009-06-26;a erva do rato;B0900982500000;ficção;brasil;3546;31690.0;república pureza filmes ltda.;1036.0;01.369.211/0001-69;2009;6;26
2009-06-26;il y a longtemps que je t'aime;E1600590000000;ficção;frança;56829;492486.19;rain network representação comercial ltda;13613.0;07.949.581/0001-51;2009;6;26
2009-06-26;jean charles;B0901020100000;ficção;brasil;294231;2454006.02;wmix distribuidora ltda.;1935.0;03.918.609/0001-32;2009;6;26
2009-06-26;transformers: revenge of the fallen;E1402345200000;ficção;estados unidos;2149681;17483513.0;paramount pictures brasil distribuidora de filmes ltda;169.0;27.654.722/0001-16;2009;6;26
2009-06-19;last chance harvey;E1600599500000;ficção;reino unido;160057;1542864.26;wmix distribuidora ltda.;1935.0;03.918.609/0001-32;2009;6;19
2009-06-19;loki - arnaldo baptista;B0901025700000;documentário;brasil;15588;141466.68;canal brazil s/a;1500.0;02.608.224/0001-06;2009;6;19
2009-06-19;the international;E1600633900000;ficção;estados unidos;117937;1205306.0;columbia tristar filmes do brasil ltda;84.0;00.979.601/0001-98;2009;6;19
2009-06-12;ghosts of girlfriends past;E1500171500000;ficção;estados unidos;405912;3768511.39;playarte pictures entretenimentos ltda.;443.0;00.943.231/0001-39;2009;6;12
2009-06-12;roadside romeo;E1600620100000;animação;índia;77577;456247.54;sm distribuidora de filmes ltda;11922.0;08.257.054/0001-49;2009;6;12
2009-06-12;state of play;E1600626900000;ficção;estados unidos;172736;1759204.0;paramount pictures brasil distribuidora de filmes ltda;169.0;27.654.722/0001-16;2009;6;12
2009-06-11;a festa da menina morta;B0800866000000;ficção;brasil;16547;132485.3;reserva nacional distribuidora de filmes ltda.;11868.0;08.346.733/0001-94;2009;6;11
2009-06-11;a festa da menina morta;B0800866000000;ficção;brasil;260;670.0;tag cultural distribuidora de filmes ltda;173.0;03.599.148/0001-82;2009;6;11
2009-06-11;as cantoras do rádio;B0900982700000;documentário;brasil;2604;13033.23;panda filmes ltda;941.0;04.980.287/0001-14;2009;6;11
2009-06-11;fost sau na fost;E1300000100000;ficção;romênia;10580;78085.9;centro de cultura cinematográfica providence;333.0;01.368.016/0001-14;2009;6;11
2009-06-11;hannah montana - the movie;E1500530400000;ficção;estados unidos;632118;5016630.25;columbia tristar filmes do brasil ltda;84.0;00.979.601/0001-98;2009;6;11
2009-06-11;hannah montana - the movie;E1500530400000;ficção;estados unidos;26554;313164.11;the walt disney company (brasil) ltda.;18398.0;73.042.962/0001-87;2009;6;11
2009-06-11;stella;E1600627200000;ficção;frança;15451;134253.77;tag cultural distribuidora de filmes ltda;173.0;03.599.148/0001-82;2009;6;11
2009-06-05;a morte inventada - alienação parental;B0901006700000;documentário;brasil;182;886.0;caraminhola produções artisticas ltda;6505.0;07.815.205/0001-74;2009;6;5
2009-06-05;a mulher invisível;B0901010800000;ficção;brasil;2353646;20500361.0;warner bros. (south) inc.;265.0;33.015.827/0001-28;2009;6;5
2009-06-05;caramel;E1600555800000;ficção;líbano;54359;510335.85;tag cultural distribuidora de filmes ltda;173.0;03.599.148/0001-82;2009;6;5
2009-06-05;caramel;E1300000100000;ficção;líbano;52705;479902.08;tag cultural distribuidora de filmes ltda;173.0;03.599.148/0001-82;2009;6;5
2009-06-05;departures;E1600562500000;ficção;japão;89691;818993.83;sm distribuidora de filmes ltda;11922.0;08.257.054/0001-49;2009;6;5
2009-06-05;duplicity;E1600410100000;ficção;alemanha;152205;1534370.0;paramount pictures brasil distribuidora de filmes ltda;169.0;27.654.722/0001-16;2009;6;5
2009-06-05;home;E1600588900000;documentário;frança;4931;37514.76;cannes produções s/a;2250.0;72.672.017/0001-04;2009;6;5
2009-06-05;shelter;E1300000100000;ficção;estados unidos;33255;307288.57;alberto bitelli international films ltda;136.0;54.881.404/0001-60;2009;6;5
2009-06-05;terminator salvation;E1402824700000;ficção;estados unidos;1385608;12262255.25;columbia tristar filmes do brasil ltda;84.0;00.979.601/0001-98;2009;6;5
2009-06-05;um homem de moral;B0901010400000;documentário;brasil;6784;98555.5;cinematográfica superfilmes ltda;125.0;52.858.982/0001-50;2009;6;5
2009-05-29;apenas o fim;B0800922200000;ficção;brasil;24693;159035.5;estação cinema e cultura ltda;592.0;02.745.624/0001-63;2009;5;29
2009-05-29;die fälscher;E1600541200000;ficção;alemanha;54707;517021.07;cannes produções s/a;2250.0;72.672.017/0001-04;2009;5;29
2009-05-29;donkey xote;E1600563500000;animação;espanha;57243;437894.69;wmix distribuidora ltda.;1935.0;03.918.609/0001-32;2009;5;29
2009-05-29;garapa;B0900991000000;documentário;brasil;4701;34907.24;freespirit distribuidora de filmes ltda.;4904.0;07.616.202/0001-01;2009;5;29
2009-05-29;jonas brothers: the 3d concert experience;E1600400500000;documentário;estados unidos;105544;1329714.0;columbia tristar filmes do brasil ltda;84.0;00.979.601/0001-98;2009;5;29
2009-05-29;killshot;E1600593200000;ficção;estados unidos;27275;263163.76;playarte pictures entretenimentos ltda.;443.0;00.943.231/0001-39;2009;5;29
2009-05-29;push;E1500468200000;ficção;estados unidos;39947;332640.59;sm distribuidora de filmes ltda;11922.0;08.257.054/0001-49;2009;5;29
2009-05-22;budapeste;B0900988600000;ficção;brasil;97542;862662.29;wmix distribuidora ltda.;1935.0;03.918.609/0001-32;2009;5;22
2009-05-22;night at the museum: battle of the smithsonian;E1500204900000;ficção;estados unidos;2602771;21118969.0;fox film do brasil ltda;256.0;33.110.420/0001-80;2009;5;22
2009-05-18;cinderelas, lobos e um príncipe encantado;B0901013900000;documentário;brasil;3103;12217.5;pipa nativa produção cultural ltda;5467.0;05.933.574/0001-36;2009;5;18
2009-05-15;adagio sostenuto;B0800831900000;ficção;brasil;2108;9562.5;pipa nativa produção cultural ltda;5467.0;05.933.574/0001-36;2009;5;15
2009-05-15;angels & demons;E1500796600000;ficção;itália;3059245;28006514.75;columbia tristar filmes do brasil ltda;84.0;00.979.601/0001-98;2009;5;15
2009-05-15;kfz-1348;B0800830200000;documentário;brasil;736;2616.0;rec produtores associados ltda;408.0;02.669.022/0001-74;2009;5;15
2009-05-15;se, jie;E1402644600000;ficção;china;61024;576368.68;cannes produções s/a;2250.0;72.672.017/0001-04;2009;5;15
2009-05-15;simonal - ninguém sabe o duro que dei;B0901010000000;documentário;brasil;71055;689003.21;distribuidora de filmes s/a riofilme;105.0;68.610.302/0001-15;2009;5;15
2009-05-15;simonal - ninguém sabe o duro que dei;B0901010000000;documentário;brasil;68048;653163.0;rain network representação comercial ltda;13613.0;07.949.581/0001-51;2009;5;15
2009-05-08;a ilha da morte;B0700701800000;ficção;brasil;2177;23390.93;reserva nacional distribuidora de filmes ltda.;11868.0;08.346.733/0001-94;2009;5;8
2009-05-08;star trek;E1402648600000;ficção;estados unidos;396623;3737147.0;paramount pictures brasil distribuidora de filmes ltda;169.0;27.654.722/0001-16;2009;5;8
2009-05-01;actrices;E1600549800000;ficção;frança;5958;46967.7;centro de cultura cinematográfica providence;333.0;01.368.016/0001-14;2009;5;1
2009-05-01;ashes of time redux;E1600551800000;ficção;hong kong;6195;58215.73;wmix distribuidora ltda.;1935.0;03.918.609/0001-32;2009;5;1
2009-05-01;garfield fun fest;E1500869600000;animação;estados unidos;187084;1444202.87;playarte pictures entretenimentos ltda.;443.0;00.943.231/0001-39;2009;5;1
2009-05-01;la ventana;E1600594900000;ficção;argentina;20183;187406.81;tag cultural distribuidora de filmes ltda;173.0;03.599.148/0001-82;2009;5;1
2009-05-01;lars and the real girl;E1600544100000;ficção;canadá;8866;72728.93;antonio fernandes filmes ltda;532.0;02.668.665/0001-01;2009;5;1
2009-05-01;new in town;E1600609300000;ficção;estados unidos;109058;1031161.77;wmix distribuidora ltda.;1935.0;03.918.609/0001-32;2009;5;1
2009-05-01;paulo gracindo - o bem amado;B0800827400000;documentário;brasil;9087;76275.3;estação cinema e cultura ltda;592.0;02.745.624/0001-63;2009;5;1
2009-05-01;x-men origins: wolverine;E1600606100000;ficção;estados unidos;3199434;27352313.0;fox film do brasil ltda;256.0;33.110.420/0001-80;2009;5;1
2009-04-30;filmefobia;B0900999100000;ficção;brasil;5244;34555.0;cinematográfica polifilmes ltda-me;2550.0;60.469.871/0001-80;2009;4;30
2009-04-30;miracle at st. anna;E1600608400000;ficção;estados unidos;5649;49285.89;antonio fernandes filmes ltda;532.0;02.668.665/0001-01;2009;4;30
2009-04-24;fumando espero;B0800936700000;documentário;brasil;2988;18974.5;de felippes filmes e produções ltda;7128.0;08.427.088/0001-34;2009;4;24
2009-04-24;i hate valentine's day;E1600589600000;ficção;estados unidos;185663;1633991.08;playarte pictures entretenimentos ltda.;443.0;00.943.231/0001-39;2009;4;24
2009-04-24;i love you, man;E1600589700000;ficção;estados unidos;114085;1062507.0;paramount pictures brasil distribuidora de filmes ltda;169.0;27.654.722/0001-16;2009;4;24
2009-04-22;earth;E1600576300000;documentário;estados unidos;28792;206157.75;columbia tristar filmes do brasil ltda;84.0;00.979.601/0001-98;2009;4;22
2009-04-22;earth;E1600576300000;documentário;estados unidos;7;40.0;vitrine filmes ltda;16713.0;11.620.976/0001-83;2009;4;22
2009-04-21;iron maiden: flight 666;E1500773300000;documentário;estados unidos;13864;161227.28;rain network representação comercial ltda;13613.0;07.949.581/0001-51;2009;4;21
2009-04-17;divã;B0901003500000;ficção;brasil;1866622;16498827.61;freespirit distribuidora de filmes ltda.;4904.0;07.616.202/0001-01;2009;4;17
2009-04-17;honeydripper;E1600589000000;ficção;estados unidos;2634;27478.5;tag cultural distribuidora de filmes ltda;173.0;03.599.148/0001-82;2009;4;17
2009-04-17;import export;E1600590100000;ficção;áustria;3561;31117.5;mostra internacional de cinema ltda;1797.0;52.009.305/0001-68;2009;4;17
2009-04-17;race to witch mountain;E1500701500000;ficção;estados unidos;281128;2283814.0;columbia tristar filmes do brasil ltda;84.0;00.979.601/0001-98;2009;4;17
2009-04-17;synecdoche, new york;E1600627900000;ficção;estados unidos;24852;224460.34;wmix distribuidora ltda.;1935.0;03.918.609/0001-32;2009;4;17
2009-04-17;the haunting in connecticut;E1500459600000;ficção;canadá;377765;3285677.07;wmix distribuidora ltda.;1935.0;03.918.609/0001-32;2009;4;17
2009-04-17;they killed sister dorothy;E1600640700000;documentário;estados unidos;1199;10364.5;rain network representação comercial ltda;13613.0;07.949.581/0001-51;2009;4;17
2009-04-17;underworld 3;E1600636200000;ficção;estados unidos;380893;3209879.0;columbia tristar filmes do brasil ltda;84.0;00.979.601/0001-98;2009;4;17
2009-04-10;confessions of a shopaholic;E1500116400000;ficção;estados unidos;160452;1590295.5;columbia tristar filmes do brasil ltda;84.0;00.979.601/0001-98;2009;4;10
2009-04-10;crossing over;E1600561600000;ficção;estados unidos;35812;312633.7;wmix distribuidora ltda.;1935.0;03.918.609/0001-32;2009;4;10
2009-04-10;fiel - o filme;B0900998600000;documentário;brasil;53929;469204.82;g7 investimentos e participaçõoes ltda;5341.0;07.139.247/0001-32;2009;4;10
2009-04-10;knowing;E1500468000000;ficção;estados unidos;943863;8479764.59;sm distribuidora de filmes ltda;11922.0;08.257.054/0001-49;2009;4;10
2009-04-10;tony manero;E1600635000000;ficção;chile;320;2461.11;tag cultural distribuidora de filmes ltda;173.0;03.599.148/0001-82;2009;4;10
2009-04-10;w.;E1600639400000;ficção;estados unidos;12741;120724.6;estação cinema e cultura ltda;592.0;02.745.624/0001-63;2009;4;10
2009-04-10;you the living;E1600637600000;ficção;suécia;7178;59828.02;mostra internacional de cinema ltda;1797.0;52.009.305/0001-68;2009;4;10
2009-04-09;dragonball evolution;E1600564000000;ficção;estados unidos;482895;3664655.0;fox film do brasil ltda;256.0;33.110.420/0001-80;2009;4;9
2009-04-09;man on wire;E1500919200000;documentário;estados unidos;8757;76258.5;antonio fernandes filmes ltda;532.0;02.668.665/0001-01;2009;4;9
2009-04-03;choking man;E1600557000000;ficção;estados unidos;1069;8908.0;rain network representação comercial ltda;13613.0;07.949.581/0001-51;2009;4;3
2009-04-03;fast & furious;E1402488100000;ficção;estados unidos;2308197;20010990.0;paramount pictures brasil distribuidora de filmes ltda;169.0;27.654.722/0001-16;2009;4;3
2009-04-03;katyn;E1600593100000;ficção;polônia;12453;112832.96;rain network representação comercial ltda;13613.0;07.949.581/0001-51;2009;4;3
2009-04-03;monsters vs. aliens;E1402628900000;animação;estados unidos;1418995;13576987.0;paramount pictures brasil distribuidora de filmes ltda;169.0;27.654.722/0001-16;2009;4;3
2009-04-03;personal effects;E1600612900000;ficção;estados unidos;39348;349158.54;wmix distribuidora ltda.;1935.0;03.918.609/0001-32;2009;4;3
2009-04-03;senhores do vento;B0901001900000;documentário;brasil;19;186.0;cf filmes ltda;306.0;03.257.178/0001-00;2009;4;3
2009-04-03;vals im bashir;E1500883100000;animação;alemanha;27995;245365.5;columbia tristar filmes do brasil ltda;84.0;00.979.601/0001-98;2009;4;3
2009-03-28;o fim da picada;B0800820600000;ficção;brasil;941;4901.0;cinegrama filmes ltda;4965.0;04.351.082/0001-70;2009;3;28
2009-03-27;anabazys;B0700707700000;documentário;brasil;842;6164.5;distribuidora de filmes s/a riofilme;105.0;68.610.302/0001-15;2009;3;27
2009-03-27;boy in the striped pyjamas, the;E1500454000000;ficção;estados unidos;76642;720864.5;columbia tristar filmes do brasil ltda;84.0;00.979.601/0001-98;2009;3;27
2009-03-27;che - part 1;E1600556400000;ficção;estados unidos;160623;1444199.79;cannes produções s/a;2250.0;72.672.017/0001-04;2009;3;27
2009-03-27;happy-go-lucky;E1600588600000;ficção;inglaterra;60649;533953.93;wmix distribuidora ltda.;1935.0;03.918.609/0001-32;2009;3;27
2009-03-27;he's just not that into you;E1500169000000;ficção;estados unidos;834762;7654160.86;playarte pictures entretenimentos ltda.;443.0;00.943.231/0001-39;2009;3;27
2009-03-27;how to lose friends and alienate people;E1500530700000;ficção;inglaterra;21638;169898.91;antonio fernandes filmes ltda;532.0;02.668.665/0001-01;2009;3;27
2009-03-27;passengers;E1300000100000;ficção;estados unidos;120241;1003160.8;wmix distribuidora ltda.;1935.0;03.918.609/0001-32;2009;3;27
2009-03-27;surf adventures 2 - a busca continua;B0900993400000;documentário;brasil;64017;476445.0;paramount pictures brasil distribuidora de filmes ltda;169.0;27.654.722/0001-16;2009;3;27
2009-03-20;adoration;E1300000100000;ficção;estados unidos;715;5442.75;columbia tristar filmes do brasil ltda;84.0;00.979.601/0001-98;2009;3;20
2009-03-20;gran torino;E1600587900000;ficção;estados unidos;349041;3448975.0;warner bros. (south) inc.;265.0;33.015.827/0001-28;2009;3;20
2009-03-20;scusa ma ti chiamo amore;E1600622500000;ficção;itália;7451;59343.94;antonio fernandes filmes ltda;532.0;02.668.665/0001-01;2009;3;20
2009-03-20;the spirit;E1600633800000;ficção;estados unidos;103001;873682.0;columbia tristar filmes do brasil ltda;84.0;00.979.601/0001-98;2009;3;20
2009-03-20;the unborn;E1600629700000;ficção;estados unidos;219519;1809376.0;paramount pictures brasil distribuidora de filmes ltda;169.0;27.654.722/0001-16;2009;3;20
2009-03-20;zack and miri make a porno;E1600638800000;ficção;estados unidos;206561;1689667.44;wmix distribuidora ltda.;1935.0;03.918.609/0001-32;2009;3;20
2009-03-13;entre les murs;E1600582600000;ficção;frança;127756;1097181.42;tag cultural distribuidora de filmes ltda;173.0;03.599.148/0001-82;2009;3;13
2009-03-13;impy's island;E1600590200000;animação;alemanha;97311;727621.72;sm distribuidora de filmes ltda;11922.0;08.257.054/0001-49;2009;3;13
2009-03-13;my bloody valentine;E1600608700000;ficção;estados unidos;251429;2555728.19;playarte pictures entretenimentos ltda.;443.0;00.943.231/0001-39;2009;3;13
2009-03-13;palavra (en)cantada;B0800917000000;documentário;brasil;32632;261937.89;estação cinema e cultura ltda;592.0;02.745.624/0001-63;2009;3;13
2009-03-13;sex drive;E1600622900000;ficção;estados unidos;44548;336825.66;sm distribuidora de filmes ltda;11922.0;08.257.054/0001-49;2009;3;13
2009-03-13;the visitor;E1402595000000;ficção;estados unidos;26151;245593.25;rain network representação comercial ltda;13613.0;07.949.581/0001-51;2009;3;13
2009-03-13;thick as thieves;E1600637100000;ficção;estados unidos;264062;2354983.1;wmix distribuidora ltda.;1935.0;03.918.609/0001-32;2009;3;13
2009-03-07;entre os dedos;B0800956800000;ficção;brasil;624;3596.5;cinematográfica polifilmes ltda-me;2550.0;60.469.871/0001-80;2009;3;7
2009-03-06;frost / nixon;E1402795800000;ficção;estados unidos;23965;266930.0;paramount pictures brasil distribuidora de filmes ltda;169.0;27.654.722/0001-16;2009;3;6
2009-03-06;herencia;E1600588800000;ficção;argentina;2752;16909.9;panda filmes ltda;941.0;04.980.287/0001-14;2009;3;6
2009-03-06;kantoku banzai!;E1600593000000;ficção;japão;732;6693.5;rain network representação comercial ltda;13613.0;07.949.581/0001-51;2009;3;6
2009-03-06;o menino da porteira - 2009;B0900987100000;ficção;brasil;669436;4568232.0;columbia tristar filmes do brasil ltda;84.0;00.979.601/0001-98;2009;3;6
2009-03-06;slumdog millionaire;E1600624000000;ficção;inglaterra;1379754;12860921.05;cannes produções s/a;2250.0;72.672.017/0001-04;2009;3;6
2009-03-06;the secrets;E1600633300000;ficção;israel;14114;135832.2;sm distribuidora de filmes ltda;11922.0;08.257.054/0001-49;2009;3;6
2009-03-06;watchmen;E1402563700000;ficção;estados unidos;539796;4630370.0;paramount pictures brasil distribuidora de filmes ltda;169.0;27.654.722/0001-16;2009;3;6
2009-03-02;patativa do assaré - ave poesia;B0800925600000;documentário;brasil;2723;15193.15;sereia distribuição de filmes ltda;13753.0;08.905.114/0001-92;2009;3;2
2009-02-27;pride & glory;E1600613700000;ficção;estados unidos;125646;1095116.5;playarte pictures entretenimentos ltda.;443.0;00.943.231/0001-39;2009;2;27
2009-02-27;three monkeys;E1402603000000;ficção;turquia;13636;131442.34;tag cultural distribuidora de filmes ltda;173.0;03.599.148/0001-82;2009;2;27
2009-02-20;frozen river;E1600584000000;ficção;estados unidos;13962;111172.75;columbia tristar filmes do brasil ltda;84.0;00.979.601/0001-98;2009;2;20
2009-02-20;hotel for dogs;E1402434000000;ficção;estados unidos;510608;3865896.0;paramount pictures brasil distribuidora de filmes ltda;169.0;27.654.722/0001-16;2009;2;20
2009-02-20;milk;E1600608000000;ficção;estados unidos;212719;2110578.0;paramount pictures brasil distribuidora de filmes ltda;169.0;27.654.722/0001-16;2009;2;20
2009-02-20;pink panther, the;E1500933600000;ficção;estados unidos;586319;4653895.5;columbia tristar filmes do brasil ltda;84.0;00.979.601/0001-98;2009;2;20
2009-02-13;beverly hills chihuahua;E1500529000000;ficção;estados unidos;160984;1217970.0;columbia tristar filmes do brasil ltda;84.0;00.979.601/0001-98;2009;2;13
2009-02-13;contratempo - uma valsa da dor;B0900969800000;documentário;brasil;2045;11098.75;videofilmes produções artística ltda;276.0;31.179.864/0001-46;2009;2;13
2009-02-13;coraline;E1402503400000;animação;estados unidos;304478;2869673.0;paramount pictures brasil distribuidora de filmes ltda;169.0;27.654.722/0001-16;2009;2;13
2009-02-13;friday the 13th;E1500668200000;ficção;estados unidos;1510;13562.0;cinemark brasil s.a;1843.0;00.779.721/0001-41;2009;2;13
2009-02-13;friday the 13th;E1500668200000;ficção;estados unidos;263670;2195890.0;paramount pictures brasil distribuidora de filmes ltda;169.0;27.654.722/0001-16;2009;2;13
2009-02-13;friday the 13th;E1600333900000;ficção;estados unidos;267339;2253858.0;paramount pictures brasil distribuidora de filmes ltda;169.0;27.654.722/0001-16;2009;2;13
2009-02-13;friday the 13th;E1500668200000;ficção;estados unidos;52;567.0;warner bros. (south) inc.;265.0;33.015.827/0001-28;2009;2;13
2009-02-13;the wrestler;E1600632300000;ficção;estados unidos;111787;1047260.94;sm distribuidora de filmes ltda;11922.0;08.257.054/0001-49;2009;2;13
2009-02-13;valkyrie;E1500792700000;ficção;estados unidos;1144728;9946310.0;fox film do brasil ltda;256.0;33.110.420/0001-80;2009;2;13
2009-02-06;bride wars;E1600553700000;ficção;estados unidos;443250;3730047.0;fox film do brasil ltda;256.0;33.110.420/0001-80;2009;2;6
2009-02-06;doubt;E1402630000000;ficção;estados unidos;164467;1564099.0;columbia tristar filmes do brasil ltda;84.0;00.979.601/0001-98;2009;2;6
2009-02-06;the reader (aka: der vorleser);E1300000100000;ficção;estados unidos;406634;3782859.92;wmix distribuidora ltda.;1935.0;03.918.609/0001-32;2009;2;6
2009-02-06;verônica;B0800959100000;ficção;brasil;104272;741347.62;cannes produções s/a;2250.0;72.672.017/0001-04;2009;2;6
2009-01-30;empty nest;E1600582400000;ficção;argentina;37704;323860.87;tag cultural distribuidora de filmes ltda;173.0;03.599.148/0001-82;2009;1;30
2009-01-30;i racconti di canterbury;E1600589800000;ficção;itália;5398;32937.0;centro de cultura cinematográfica providence;333.0;01.368.016/0001-14;2009;1;30
2009-01-30;mensageiras da luz - parteiras da amazônia;B0500216600000;documentário;brasil;108;321.12;cinematográfica polifilmes ltda-me;2550.0;60.469.871/0001-80;2009;1;30
2009-01-30;rachel getting married;E1600619500000;ficção;estados unidos;77908;779334.0;columbia tristar filmes do brasil ltda;84.0;00.979.601/0001-98;2009;1;30
2009-01-30;revolutionary road;E1600174700000;ficção;estados unidos;232098;2118382.0;paramount pictures brasil distribuidora de filmes ltda;169.0;27.654.722/0001-16;2009;1;30
2009-01-30;sunshine barry & disco worms;E1600627500000;animação;dinamarca;85431;633470.15;wmix distribuidora ltda.;1935.0;03.918.609/0001-32;2009;1;30
2009-01-30;yes man;E1600638300000;ficção;estados unidos;1376092;11546965.0;warner bros. (south) inc.;265.0;33.015.827/0001-28;2009;1;30
2009-01-29;abba - the movie;E1600090500000;documentário;austrália;3488;19157.82;rain network representação comercial ltda;13613.0;07.949.581/0001-51;2009;1;29
2009-01-23;australia;E1600552000000;ficção;estados unidos;312944;2739993.0;fox film do brasil ltda;256.0;33.110.420/0001-80;2009;1;23
2009-01-23;bedtime stories;E1500288700000;ficção;estados unidos;1005654;7497924.0;columbia tristar filmes do brasil ltda;84.0;00.979.601/0001-98;2009;1;23
2009-01-23;four christmases;E1600551200000;ficção;estados unidos;257999;2185223.64;playarte pictures entretenimentos ltda.;443.0;00.943.231/0001-39;2009;1;23
2009-01-23;rumba;E1600621200000;ficção;frança;21967;195402.26;estação cinema e cultura ltda;592.0;02.745.624/0001-63;2009;1;23
2009-01-23;taxi to the dark side;E1600546200000;documentário;estados unidos;1283;10333.0;rain network representação comercial ltda;13613.0;07.949.581/0001-51;2009;1;23
2009-01-23;the new american century;E1600631700000;documentário;itália;1624;14341.0;rain network representação comercial ltda;13613.0;07.949.581/0001-51;2009;1;23
2009-01-16;les temoins;E1600601200000;ficção;frança;8725;65138.1;estação cinema e cultura ltda;592.0;02.745.624/0001-63;2009;1;16
2009-01-16;pas sur la bouche;E1600612200000;ficção;frança;9358;86642.0;centro de cultura cinematográfica providence;333.0;01.368.016/0001-14;2009;1;16
2009-01-16;quarantine;E1500894100000;ficção;estados unidos;111691;911555.0;columbia tristar filmes do brasil ltda;84.0;00.979.601/0001-98;2009;1;16
2009-01-16;tale of despereaux, the;E1500121800000;animação;estados unidos;249227;1846456.0;paramount pictures brasil distribuidora de filmes ltda;169.0;27.654.722/0001-16;2009;1;16
2009-01-16;the curious case of benjamin button;E1500166000000;ficção;estados unidos;2083246;18691102.0;warner bros. (south) inc.;265.0;33.015.827/0001-28;2009;1;16
2009-01-16;titãs - a vida até parece uma festa;B0800925800000;documentário;brasil;15211;144600.42;rain network representação comercial ltda;13613.0;07.949.581/0001-51;2009;1;16
2009-01-16;useless;E1600636400000;documentário;frança;3560;32473.19;mostra internacional de cinema ltda;1797.0;52.009.305/0001-68;2009;1;16
2009-01-09;arranged;E1600551600000;ficção;estados unidos;21883;200923.61;rain network representação comercial ltda;13613.0;07.949.581/0001-51;2009;1;9
2009-01-09;changeling;E1402606700000;ficção;estados unidos;273086;2504708.0;paramount pictures brasil distribuidora de filmes ltda;169.0;27.654.722/0001-16;2009;1;9
2009-01-09;la personne aux deux personnes;E1600598500000;ficção;frança;4202;32858.05;centro de cultura cinematográfica providence;333.0;01.368.016/0001-14;2009;1;9
2009-01-09;o grilo feliz e os insetos gigantes;B0800964000000;animação;brasil;370757;1953751.17;fox film do brasil ltda;256.0;33.110.420/0001-80;2009;1;9
2009-01-09;the day the earth stood still;E1600640500000;ficção;estados unidos;1458321;12062074.0;fox film do brasil ltda;256.0;33.110.420/0001-80;2009;1;9
2009-01-04;the strangers;E1600633000000;ficção;estados unidos;291713;2350017.91;sm distribuidora de filmes ltda;11922.0;08.257.054/0001-49;2009;1;4
2009-01-02;se eu fosse você 2;B0800958700000;ficção;brasil;29830;37557.0;cannes produções s/a;2250.0;72.672.017/0001-04;2009;1;2
2009-01-02;se eu fosse você 2;B0800958700000;ficção;brasil;6113251;50545885.0;fox film do brasil ltda;256.0;33.110.420/0001-80;2009;1;2
2009-01-01;bolt;E1500346000000;animação;estados unidos;1162616;9590392.25;columbia tristar filmes do brasil ltda;84.0;00.979.601/0001-98;2009;1;1
2009-01-01;la belle personne;E1600594000000;ficção;frança;17207;141070.93;tag cultural distribuidora de filmes ltda;173.0;03.599.148/0001-82;2009;1;1
